window_start_ts,period_of_day,condition_id,side,order_id,intended_ask,size_shares,size_matched,notional_target,entry_offset_s,swing_at_entry,btc_at_entry,post_status,post_error,target_pyth,final_pyth,price_diff_from_entry,resolved_side,won,realized_pnl
1783602300,157,0x62392c88b7f22b442bd4149df7849022c8285b6b01f9083a0126088dbf645ee3,YES,0x4eedf0181ec1f3be90a9a22259e57b397e859943367db7920e32927a723bcf0d,0.97,5.15,5.15,5,269,0.14,62756.5,Live,,62735.43000000,62779.32000000,21.07000000,YES,1,0.1545
1783602600,158,0xdd20012185c92410c47e95a8900722e61b25eee5eb4b0b5555d8841686e58036,YES,0xb1ce9764aec3b83d081233bace06f870ec3ade5869a471f56ed24ddbb180f7f8,0.96,5.21,5.21,5,245,0.05,62826.7,Matched,,62780.49436646,62813.08500000,46.20563354,YES,1,0.2084
1783602900,159,0xe46a1c9ca9961169ea4768c52b3a3d4510089fea38b3c43355c8722842823b77,NO,0xe606572e42cb3458ab1723b906876d8ce808631ff341cfadb75c56d27b2774b2,0.99,5.05,5.05,5,240,-0.01,62752.2350,Matched,,62813.08000000,62740.21198616,-60.84500000,NO,1,0.0505
1783603200,160,0xcb4c5a44ee10865419e7eb663be449c240f1f7746e5e592a0ac7e9821f8b947e,NO,0x8d475364966524e90a20e15e0d98cd0514c58a6d6506027c551db604b1c46bde,0.98,5.10,5.10,5,240,0.00,62673.69,Live,,62740.28355293,62668.72323111,-66.59355293,NO,1,0.1020
1783603800,162,0x78b7bbac17c0c160e644ea286bf66729033e1ca681d44a73275db1479f786221,NO,0x32cdab314209eefffd759320f3daad105a683b45eecc9996cf81fdefab465f80,0.98,5.10,5.1,5,240,0.01,62571.7650,Matched,,62655.63197976,62581.89057946,-83.86697976,NO,1,0.102
1783604100,163,0x499a29e9925959bca4c5d9fed2d5d00b7ab4acfd0d0b7a39d046f82d205ab513,YES,0xa7117ac2a4d53fc2abb1be2558a9a6221e295df12a6bdbaa1accb728a8da9e4d,0.98,5.10,5.1,5,240,-0.001,62674.45,Matched,,62577.13774601,62633.49000000,97.31225399,YES,1,0.102
1783604700,165,0x40dcd0bdb25967f7a10cdcbbdd9a801a1940040764e5f70dc14aa12226fe17cc,NO,0x38c1ee167d6028661da79e4cea7b924f7607430f10ab54c4dd19cd1c19c68f1b,0.96,5.21,5.21,5,243,0.01,62836.7,Matched,,62906.34000000,62852.41499999,-69.64000000,NO,1,0.2084
1783605600,168,0xf17770bd3395ebdc08bf1f9d24519a0a394b71cfaeabf0e5504c7a4b910f8955,YES,0xbdd7ddfd5fec1f28757283e9fa6676768ee2ed41685f0a791a0ae3328946ab10,0.97,5.15,5.15,5,249,0.09,63045.14,Matched,,62968.16503007,63012.65251504,76.97496993,YES,1,0.1545
1783606800,172,0x0eff590d999f146d9c7fdd7e926542b6b77de45289b28a5d2bb5979d246db30d,YES,0xff6d385d816078c608f13ea99d8dd36427a1882997bca433131ec8d1cd93d73a,0.96,5.21,5.21,5,255,0.13,62717.86,Matched,,62659.93500000,62690.62476671,57.92500000,YES,1,0.2084
1783607700,175,0x91118e40a58223a42bae18dd9c599e3ce4ccaaf0c276563ebc663e028afb310f,YES,0x502df8426ad1ac82ae430e07de22a2a346af0de437c35535e68bc3f537dd7c40,0.99,5.05,5.05,5,240,0.04,62808.39,Matched,,62720.48862248,62873.40116016,87.90137752,YES,1,0.0505
1783608300,177,0xff548ff8179a9e3b09eea11a0205079f606c5cd845d513c9fd5603a9c567ec32,YES,0x22f66f156828e3054b48d8b3a116cb1f1438996af94b4a629ce8d77ded9ffd7c,0.96,5.21,5.21,5,241,0.02,62903.9550,Matched,,62856.15500000,62902.50453000,47.80000000,YES,1,0.2084
1783608600,178,0x2b5d63e08f1dd24780e74542e4078372685d5e1a3faf53fc096b0ac71e7f7e87,NO,0x1ed6d5ddbc83bb02c985afb4d5d84046cde6ffa56a755ea2d2723f8f488a940d,0.99,5.05,5.05,5,272,-0.001,62841.74,Matched,,62902.80000000,62873.64664126,-61.06000000,NO,1,0.0505
1783608900,179,0xab5970eff9e5bea1200d4863e279b5ec8689e4013fba18e4cca9552ff77a1546,YES,0xb8250f2c7623744b9f2438a889bfcd21984d2fcb7ab367c33d98321afb1672a0,0.99,5.05,5.05,5,244,0,62947.34,Matched,,62874.54881638,62955.25000000,72.79118362,YES,1,0.0505
1783609200,180,0xa4f2292bf76a29d4b4f165bfdc6c38ea986116c395e8c30625dd26f3fd9968cd,NO,0x73f8d10521a30c420713f31ba3d064d42083d190c5c406c708af30a6bdfe5862,0.96,5.21,5.21,5,244,0.00,62911.35,Live,,62955.42503010,62914.75499999,-44.07503010,NO,1,0.2084
1783609800,182,0x24e07aa8c584d868a854356aa3f5e323767b01a1c8b87f127a9664234eef1c1d,NO,0x696f5756e922b7ee6f8e7898082ab86b542b1ad8b36386a7e05d1705acee67d6,0.98,5.10,5.1,5,240,0.01,63030.7,Matched,,63093.01500000,63037.59515598,-62.31500000,NO,1,0.102
1783610100,183,0x4fc4625d3633e7118ff7d93b43198f2e3892759c2832ebec4bf81ab555fca92a,NO,0xf2fe048b8e53a961fee5b8e96d445597ba1c562d6b85c8d27637b9a82e80d7d0,0.99,5.05,5.05,5,240,-0.01,62960.30,Matched,,63037.59515598,62978.68503005,-77.29515598,NO,1,0.0505
1783610400,184,0x06afd1b4ac29ea163a7636b740c83a434e880d43f64e4bdb6f9c5eb49521053d,YES,0x27b3d7df43d526c8011921d7edce4c6c9496b5ea8fa26fd9cf6ec84e1d8d523d,0.96,5.21,5.21,5,240,-0.02,63061.07,Matched,,62973.42205077,63048.93443066,87.64794923,YES,1,0.2084
1783611000,186,0xc9278800f585bdd52d975f586a0121aa212f7b128566145ff086f4f7924915fe,YES,0x0fa09567aee362d504c22bc98c3313851aa759069dd9bba7c357905c5090fcdd,0.96,5.21,5.21,5,276,0.03,62965.1350,Matched,,62936.01503005,62929.08000000,29.11996995,NO,0,-5.0016
1783611300,187,0x8004dc82800a18b3be7c5945349b3fd5b58ac04bf98a995768067be88205ebc3,NO,0x6eea5366881b8e0936b2a0c12ffd85abe5010fbde94ab6771b86924ba4119886,0.96,5.21,5.21,5,287,0.22,62910.50,Live,,62928.85451527,62913.68000000,-18.35451527,NO,1,0.2084
1783611900,189,0x4aed4df273ced48ae513182115c1222f2ad70bb81e0a03a4c088f15e9d8a8eb1,YES,0xfd06e8a24a7c3141d2a204e2790f06eb43ee19c2cec04fad195fdcd2ecf7f57b,0.96,5.21,5.21,5,255,0.05,62971.80,Matched,,62919.20939813,62975.33500000,52.59060187,YES,1,0.2084
1783612200,190,0xbc7f9dafbf55ad1388087cd98a89b669e0ff30677ad7f29bc399b196a183fb0a,NO,0x866b4e10cb95b3f2e56962ee2e96f8c376699ba9a52d9c5d78bddbfd5694a0dd,0.99,5.05,5.05,5,240,0.08,62918.3,Matched,,62971.60507509,62883.19503009,-53.30507509,NO,1,0.0505
1783612500,191,0x7d8ee424c1a042c9e4efc80d9136701137461a7f8b87153f6542f8d96fef89eb,NO,0x441258cd240ba2c5bf6c5702aac224da146ca3e3ec8f979eccf902879b9e841c,0.97,5.15,5.15,5,240,0.01,62819.31,Live,,62884.76337038,62806.92073002,-65.45337038,NO,1,0.1545
1783612800,192,0x0391b86c62915e28714467938787567b95d27cbe1fdc2b117a78b619508998a5,YES,0x2edb624b6686d4847eaa0a6359e1264add709ec91b20b38a85b1c4a5984ba7fd,0.99,5.05,5.05,5,240,0.01,62876,Matched,,62805.66999999,62904.92751502,70.33000001,YES,1,0.0505
1783613100,193,0x6ebc58c6bc4561c4b328b48998257da2e03fb79711f11ddda47d82b1d675a950,NO,0x2965a0451bc077d57ecc29a5c54dfdf129171ab74c0aef4c60b993ce1329b1dd,0.99,5.05,5.05,5,240,0.00,62834.950,Matched,,62904.70503009,62814.63000000,-69.75503009,NO,1,0.0505
1783613700,195,0xa40d4508af4a413ad456f631059d80fd1d2aab41f4c9f28ef2f06f3b5b752188,NO,0x743b1334330a191e863f0a7bba18d1b58d2241f0a10e555ec61cee4d0d8039e2,0.96,5.21,5.21,5,240,0.07,62759.3,Live,,62801.98093071,62721.83807082,-42.68093071,NO,1,0.2084
1783614000,196,0xed8f214024cb09ce213611ece49143ace5efa71c6bf661572dc0de0bcd74c85d,NO,0xe229fc3e0bb0fc61c3cc84ff24b63bc1cd1f2cb5299a8ad9b6f32c59dd2455c1,0.96,5.21,5.21,5,240,0.05,62673.2,Matched,,62722.00754399,62655.42970452,-48.80754399,NO,1,0.2084
1783614900,199,0x336a706a26cd9588d547695b10759d649f20d422422d9a89943d2a9e23691791,YES,0xeff6389c5a20947e3763df72ecb9480068937fa2e253da1479ffea6d5079f2df,0.96,5.21,5.21,5,265,0.00,62704.7150,Matched,,62648.60250000,62708.91057381,56.11250000,YES,1,0.2084
1783615200,200,0x23d7a60bcf211be2ed852231d0045d3d0d397f09cb9f47b94e310de0a2196cb2,NO,0xc21c942800849c4b0b76a8ed9d0e12f9529c70ccf589970a847b4ae8259efed9,0.97,5.15,5.15,5,245,0.16,62667.26,Matched,,62708.94649101,62672.27503001,-41.68649101,NO,1,0.1545
1783615500,201,0x1d2f25b9acb1fcfb2ad520eae16cb690ea613ccfbbd8b6fb1c348a3ec7845836,NO,0xc3f09a605977d74bedea06aa29088965cc4fa9ce4050375e6bb412f843fbcd0f,0.99,5.05,5.05,5,240,0.03,62610.6,Matched,,62672.27000000,62604.15594938,-61.67000000,NO,1,0.0505
1783615800,202,0x095050d8bee24efb85a066113f13190597fc0b3421ca4c96fb287a7aa552f2ce,YES,0xc01abcdda4564d6aa289c5129a55168599c1771cd0095772cb2fc93049aab22f,0.96,5.21,5.21,5,240,0.03,62644.12,Matched,,62606.01094217,62651.55303683,38.10905783,YES,1,0.2084
1783616400,204,0x42218225e49c9f9802497e4cd2d7b6fef2c65e7a94defe2b4fa4b3767b70d73d,YES,0x96b073992bc385a5300faa0e0a00998e97cba84ff6f06904be5372a765903a8b,0.96,5.21,5.21,5,243,0.07,62676.1,Matched,,62644.60783073,62672.23797326,31.49216927,YES,1,0.2084
1783616700,205,0xb2777d855dcfec4be8ce666e2b59f81dd75a7dd96a25c7b4b28b2647b24cc7d2,YES,0x067a24454f1bd4f9745e3a80d7f665e30d4383ee80a2e13bfc5f0aad077d91ab,0.96,5.21,5.21,5,264,0.01,62705.2450,Matched,,62672.88000000,62689.67339909,32.36500000,YES,1,0.2084
1783617000,206,0x096d6b9c5db7c12f38004ad9611e2ca7bd5ef9fe47fefec96a505f3d27c9e6d5,NO,0x25fa76ac17cc2dda28868208a49b9258c4dc1c250f297f181bf4b544499263c0,0.99,5.05,5.05,5,240,0.01,62627.49,Matched,,62689.76696549,62646.23214925,-62.27696549,NO,1,0.0505
1783617600,208,0xed171cfa49e7189a31e5da902a4e062698ddb3354428886ef023c986b3dadff6,NO,0x8da236d8b4e55e8bf3b1f624418e02c9c0fe17e5a2e7411bad9ed8d1001adf6e,0.96,5.21,5.21,5,284,0.26,62751.30,Live,,62768.46929386,62751.37466709,-17.16929386,NO,1,0.2084
1783617900,209,0x4528cb740c657c7de0e2845be593fa82b5c5ad3d5253ec54a4636a76c4e5f09d,YES,0xbe74b1a3462dd12d49e05280db15760122dc7b528eef4ad2df450149c95a3c75,0.96,5.21,5.21,5,284,0.05,62768.1050,Matched,,62751.33271575,62780.68000000,16.77228425,YES,1,0.2084
1783618200,210,0xc56f3074d4ec5118b26a4ff0eb361479e72bf7402a42b1bfbde4589e07284cb6,NO,0xa4b1dcf09a5d280a190dd2f4bc2b5a978eeec6c850ac9a9774e28712eb1b3227,0.96,5.21,5.21,5,261,0.21,62749.02,Matched,,62780.98458885,62751.89000000,-31.96458885,NO,1,0.2084
1783619100,213,0xdb50f3cb5a026bc8cdd9433bda73787c7fe7ca1dbff117eec0bd42a4213d09b0,YES,0x0cb2012a31e0a7f812a746eacd471e8fd6b33bb50b80d7ad13db9455da1e20f2,0.96,5.21,5.21,5,271,0.06,63010.7250,Matched,,62975.79000000,63032.71373880,34.93500000,YES,1,0.2084
1783619700,215,0x01e24c470e6d00f442029aeadb27bac1c909b75874c26048bf0a7cc75d501421,YES,0x3787f72e3a843d87015115147ae4b5a4b973c303f5b23fb458605b346ba291da,0.96,5.21,5.21,5,269,0.03,63079.9,Matched,,63043.94219275,63089.15899975,35.95780725,YES,1,0.2084
1783620000,216,0xc87412ba9ccff3a01c0a42193720631e28af5e843c6e071f5ee0c6f4711aceb3,NO,0x58a8361fab09bdd716315a5ecc752245b6f720a496b31f36930d89ca1fcc7a16,0.96,5.21,5.21,5,254,0.38,63051.44,Matched,,63088.89755932,63049.02710359,-37.45755932,NO,1,0.2084
1783620600,218,0xf5026764ee97a1c50c476d54335dcc844da0bded71b45e4138b60cd9e6de641b,YES,0x6a40940b229259f2907dc03be98b6ed0f43d2103d0564d5203d7b4faf2084766,0.96,5.21,5.21,5,282,0.15,63347.26,Matched,,63320.28500000,63336.29791345,26.97500000,YES,1,0.2084
1783621500,221,0x8f2cb6965badcf0c6596263caeb744a875d75d718ae25a758b3d7f3984cd9da1,YES,0xfe9c494995e5ac6ed8e51aa293f3cbeb6fdadd040d72f875023080312a018d49,0.97,5.15,5.15,5,240,0.04,63307.10,Matched,,63220.97500000,63322.70000000,86.12500000,YES,1,0.1545
1783621800,222,0xec5f9e0f65b651d47b3ebf4af18fc1789c0165b594007ae2d1a4f74d9361ac1b,YES,0xf261ba21431c801d05d00f8db1405962400c6f26b5017cb1c665e3c19831f1e4,0.96,5.21,5.21,5,271,0.39,63349.1,Matched,,63327.99503007,63329.23298184,21.10496993,YES,1,0.2084
1783622100,223,0x12eeb382a4f84907e7a152a086fa8be7980b9d27938825541b42fc1aa24cc7c7,NO,0x5302b8da2ee17f2596c23495e9b61c4837be4e56821dff2545b38e7aeb876285,0.96,5.21,5.21,5,255,-0.04,63286.03,Live,,63326.40343583,63208.02500001,-40.37343583,NO,1,0.2084
1783622400,224,0x9067c6c333572074ba00c85b25a1161f75b8cc523c891b963fb0df2a59242e64,YES,0x9b875f9f6e7f731b26ac6d4deef372d9eb7974a40c3249dd5d066832cefce74b,0.96,5.21,5.21,5,259,0.09,63245.8,Matched,,63208.02499999,63263.56674987,37.77500001,YES,1,0.2084
1783625100,233,0x9e6fd0e9d71b2cc40b75d94adf8617aa942cf3b89944c364254592641e105bc5,YES,0x4ed8e96e48c0ca6f6fcd51f3e1856d2c6cd7031bdbde26834b35e064005bf94f,0.97,5.15,5.15,5,240,0.00,63205.1,Live,,63154.48249999,63210.55250000,50.61750001,YES,1,0.1545
1783625400,234,0xadc4ce48f308680c6553daf0f54af93c94c65678163f896e5c633f7d00b7d304,NO,0x79da195e5ebab53a8cda945103d04c82f85a3738e4f9c3fb508b73c781fab34c,0.96,5.21,5.21,5,278,0.01,63189.06,Matched,,63210.55000000,63174.45239064,-21.49000000,NO,1,0.2084
1783625700,235,0xa3103ac4a54ffdc02c8badbb47c9dbc19085f41e100de64ed7f794394d36719e,YES,0x9618d8467554c13a27c716a99cab504c367b221b028721b86ef69d460b55e091,0.98,5.10,5.1,5,271,0.03,63207.81,Matched,,63174.45239064,63217.26564618,33.35760936,YES,1,0.102
1783626000,236,0x1122d4de43460be484d7d76c2c9d8ae5543eb9d31bd4ff7cef63512f74c5dd69,YES,0x20ceee00876b45dbd9325872a6b262793aa869352019b3626b5fbb566e598cb1,0.96,5.21,5.21,5,248,0.26,63281.50,Live,,63217.45250000,63316.59535091,64.04750000,YES,1,0.2084
1783626900,239,0xf6f3b2cfb847d7aca74152acad86129e42d3e538c65e68d3dba69166bdcea83d,NO,0x1bd734824a3e4f66643f9639cd031b25b607271b4034d89d0ab498398e25f8af,0.96,5.21,5.21,5,262,0.12,63184.150,Matched,,63214.72250000,63189.41028439,-30.57250000,NO,1,0.2084
1783627200,240,0xae62fe4bcf9d45a82943e0f74081d7b34d8d95a78451c36a395d269f46a27983,NO,0xe6653b5badf27491f42e3eb9fee527b73e224af5c31c2db668e5a172559249a1,0.96,5.21,5.21,5,240,0.02,63148.11,Matched,,63193.91500000,63136.39115380,-45.80500000,NO,1,0.2084
1783627500,241,0x136ce6a7165c1f826b71290d2499f85663ab76da661e11075f333a81fb025143,YES,0xd79b9fe1e33cbff0858463b1953173d643731a6e9d4151a73ee435ad60864307,0.96,5.21,5.21,5,241,-0.03,63175.0950,Live,,63137.99343634,63178.11044487,37.10156366,YES,1,0.2084
1783627800,242,0x7dfcf417bc931e2647399c622da6886d5b7f00f79f44a3dea84e6fc0083786fe,NO,0x20c57e26090194304c2b3cbca4d5c9dc926b3d4d37c93d4b358e5eab0baa2028,0.96,5.21,0,5,274,0.25,63161.51,Live,,63179.26036120,63155.29500000,-17.75036120,NO,1,0
1783628100,243,0x041e37b795054b5db9cd4ad3ab121aa2646482bfdea1c1c113d7595331ed9f38,YES,0xd67ff2ebc2dbb7b96353d932a6fe07c1c60c6674dc1f345c2ca186b2c80ab84c,0.96,5.21,5.21,5,260,0.06,63172.97,Live,,63150.42397485,63168.72000000,22.54602515,YES,1,0.2084
1783628400,244,0x994a2918d9c66a8b10b2942b8ba486f172e7d851e5a1d21f489339285fa3a708,YES,0xdecdb96a371ea76af332248c22f2466d0525c66fc7451480b8f0b13aebf8dc6a,0.96,5.21,5.21,5,248,0.16,63200.72,Matched,,63169.32189394,63215.78499999,31.39810606,YES,1,0.2084
1783628700,245,0x507f97b1202c1d20bafd3de2b6dc385ece156a32cf356c5e9ccf01bbee28aa6a,YES,0xfb6c5c182d459796f8a0b8a28774e606362d9dea51dee93440ab4f59e7cad146,0.96,5.21,5.21,5,257,0.06,63238,Matched,,63216.23557548,63232.18814420,21.76442452,YES,1,0.2084
1783629000,246,0x0e37f8606873d2c31a537cedc83d7b5961de3d033c07542a3699c1a0163d369a,YES,0xb2ef3c8b882bcce8218c3ef91a752e820b59dce289e279c92bb60dedf6f88e45,0.96,5.21,5.21,5,253,0.01,63267.9750,Matched,,63231.95193955,63265.45355447,36.02306045,YES,1,0.2084
1783629900,249,0xc1a5a4d6776883e2a314abd79cfeae6008a9c54d06d983e852542a44ec17556e,NO,0x17c9ed0324375bbdad2350ddfe9aa5c6d65c2ee5cf908ca3ba512254a63a291c,0.96,5.21,5.21,5,274,0.03,63247.9650,Matched,,63264.39500000,63237.89220561,-16.43000000,NO,1,0.2084
1783630200,250,0x320db1367918f025e79a82b8c5cfdba776604dac24973c0c3a696fffac096901,NO,0x2c4adb1ea9d14fe6ac667d260438a6fe9271566a4a7440d2e722f10856e0c062,0.96,5.21,5.21,5,240,0.01,63207.68,Live,,63239.75300687,63205.97000000,-32.07300687,NO,1,0.2084
1783631400,254,0x2fcc08bef726b529101027d7bca9d893e03033be4c1e8634d901890bf2d68050,NO,0xdc1abaa6f0f545e5f283cfbc48c2cdc5800db344b4e097608c2bb973a478db11,0.99,5.05,5.05,5,240,0.01,63274.0150,Matched,,63320.72500000,63269.40500000,-46.71000000,NO,1,0.0505
1783631700,255,0x73b2333976dd8dac96de93f5cd8a3b00e1225e560707fb0bb625bc8b4a1b6b07,YES,0x64b4a70a0e67499019de8348ef84744d5a7b17fd79d1e3dfb3adf50261d95dd4,0.97,5.15,5.15,5,251,0.09,63291.05,Matched,,63269.40500000,63283.50925939,21.64500000,YES,1,0.1545
1783632000,256,0x1c301643b4db6e0eecbf5026804d4f66dafd9a57ae9616903af735a65fe1815a,NO,0xf8dba610248378cb32f8908b28576053ae09085d391bf49dca7886aa78b1ed03,0.99,5.05,5.05,5,240,0.01,63239.64,Matched,,63283.50948053,63231.26000000,-43.86948053,NO,1,0.0505
1783632300,257,0xb81e3fd7f878c05aaa7a2154047cb239e7072e7e637dbebc04b524aee1ff4280,NO,0x1cd9be8f1ba6995c68eb8935b543779c311a0b89cbe188cfa8be87885b28b6f0,0.98,5.10,5.1,5,240,0.01,63198.0050,Matched,,63231.88352291,63200.76750000,-33.87852291,NO,1,0.102
1783632900,259,0xd2d0ee17eb4ec7ddce3d1fcbcc59f45deb28aeff1381c0a7996e902f00272821,YES,0x03a6971160226977e1650a9c63904331ca8c73b4a3a4ceea24cb9ce3a5003812,0.98,5.10,5.1,5,286,0.10,63223.32,Matched,,63201.78709924,63225.29000000,21.53290076,YES,1,0.102
1783633200,260,0x23347d4d615beac52867c7c7f43788700ffc7729dbca7ea5c2d67681934e08a2,NO,0xf7f1c200f166903ff5e2f049a130ae7f74d8b7a25192f774d680e40f274d74d6,0.98,5.10,5.1,5,240,0.02,63181.47,Matched,,63225.61500000,63170.37000000,-44.14500000,NO,1,0.102
1783633500,261,0x1208f46d29c29352894777fd4fc2344662cfe0423cbd618bd6dbf048c722b23f,YES,0x1f5bbc76aee2bc81ee89c3cd2aa2dc2bc9bc13a183380fb30a6e5a649daa25f3,0.97,5.15,5.15,5,249,0.08,63201.34,Live,,63177.60499999,63197.05210678,23.73500001,YES,1,0.1545
1783633800,262,0xada96773c3e8a6d28cea6aa6d729d8e1efa483e939ef71e658cdcd27629516c5,YES,0xb837b7e44fca36995aca72e02efca48c790297afaa6d6e5155e2c9bcaaf7547f,0.96,5.21,5.21,5,282,0.45,63215.94,Live,,63197.13247417,63222.58249999,18.80752583,YES,1,0.2084
1783634400,264,0x2560f760ecaba02052367636b4135a2123b6d8fda7729661f78a3ea0a61a658b,YES,0xa67747a2caf687c7958351823e02396e121c8eb91230799b6d1f34270be08d23,0.98,5.10,5.1,5,240,0.19,63268.60,Matched,,63224.36500000,63242.76500000,44.23500000,YES,1,0.102
1783634700,265,0xc6014b80e7d7439b75d3fff37a48e8ef081e08e64a6ce162d6807e2d13326731,YES,0x8f77efcc412b8fd49d971f43df1f550d9163ba504b56fb221bcbbc53d39d3724,0.97,5.15,5.15,5,260,0.11,63261.01,Matched,,63242.73000000,63245.10000000,18.28000000,NO,0,-4.9955
1783635000,266,0x1aa7865aadff8a722ae65cfd06d36d98da6b5cedd658865961b702fe476e54ba,NO,0x79bfb2604ab82ffb42a5b837990f90a8ee0053d3daa4612de0185dd98cb8e83c,0.96,5.21,5.21,5,279,0.05,63210.8,Live,,63244.88509888,63202.57500000,-34.08509888,NO,1,0.2084
1783635300,267,0xf6fab425f8110705c70fea3fce145cbd976efb8bbbc7b8d25e79bc6001ea9c53,YES,0x5e20626acb2c75c60b0cb1d15a15badf910f5c193646f2e7347ccc6940dafaef,0.99,5.05,5.05,5,240,0.01,63320.78,Live,,63202.62078549,63301.83000000,118.15921451,YES,1,0.0505
1783635600,268,0xd6cf6a15961958954b0d301512e1b433af0f71660d51bc20caaa66341ac7da7c,YES,0x51b31afaef6645bd588dfe5f48b2bc9cc122f205ec49bb8def2ec8c52442dfd7,0.96,5.21,5.21,5,282,0.12,63317.8,Matched,,63301.32410642,63318.08609929,16.47589358,YES,1,0.2084
1783635900,269,0xbe8fc84abd669f850910c8f09785fd1bd1e3cb006c902e5419d65728d9ea5d0a,NO,0x53f003eef5337d2e35375016fc7219e376541e7b01de8949352a03345a0233c4,0.96,5.21,5.21,5,262,0.14,63299.2350,Matched,,63319.45000000,63296.93001705,-20.21500000,NO,1,0.2084
1783636200,270,0x901155c78d391560f2cff6bd426f64792fb1c2cada023336650cff9d23dab1b5,NO,0x37711583dc6b2654e1c3a8d540087ebee47264a802a5ed94ee8e717a0a5c49ed,0.96,5.21,5.21,5,255,0.32,63273.47,Matched,,63296.42804928,63251.39845503,-22.95804928,NO,1,0.2084
1783636800,272,0x71c56e823216ed6a980b473c833c6066b53512c7d47feab23ed7b93f3bf3476f,YES,0xc005c31e25c85cf11b87d10e5aea6ae691529e06cc98490aa3587fccb9c23e9d,0.97,5.15,5.15,5,249,0,63301.13,Matched,,63242.64251502,63310.23937290,58.48748498,YES,1,0.1545
1783637100,273,0x9d18039df4b356148a89a611dd08fe9a4ab30972b7622cbd1c214fc4b7dfcfea,NO,0x428d71c1405a0af12d02335d11740fca6d7b4934b261c56f464e5fde61eebadb,0.96,5.21,5.21,5,264,0.18,63287.56,Matched,,63310.23937290,63291.11250000,-22.67937290,NO,1,0.2084
1783637700,275,0x2be0ed9c3dcc51473c82bebe71a1d5492a2a27310d6e92a468d09f59e19fc16a,NO,0x3d59d303efdf0e1afb37bec7b898222e9140d2e2acf11dcbe63797ccce9508d3,0.96,5.21,5.21,5,248,0.02,63175.99,Matched,,63202.37027780,63169.87622337,-26.38027780,NO,1,0.2084
1783638000,276,0x2342dea84df10cbeb762f028a1e2eab31f042337b90c36255535f24039a54707,YES,0xa097b01a2e408a18c59d73d260fb0c14e707966d5e501471959992571e056381,0.97,5.15,5.15,5,260,0.16,63188.9,Matched,,63169.76503009,63197.71163969,19.13496991,YES,1,0.1545
1783638300,277,0xa0cf652494e498cd3debda01836909fe197bf0313ab5615f59b30565af3c5251,NO,0x699efb2a8ca28c669914766ff21100a3cdbd8d688b1c24773d73cae3cbe51607,0.97,5.15,5.15,5,240,-0.02,63143.69,Matched,,63197.38248224,63151.63674709,-53.69248224,NO,1,0.1545
1783638600,278,0xe4d65292770ffcfb74ec84f63ce85496fcec1d3cf175401969cab606de9efb08,NO,0xa5a3fd7b1eafd4e09cdf6830cf03f72f09d18af11868d150ef07fb9c84ff72fd,0.97,5.15,5.15,5,267,0.03,63134.57,Matched,,63151.74000000,63133.91884820,-17.17000000,NO,1,0.1545
1783639500,281,0x7b1cbf31ed99155df611f479f3e2af41447b063eb0e3714adfac5bc6cda63407,NO,0xd0eeef658e3210e17aadf619f3cac4b54914ccef92b1df70b49297b7bc5c2c2f,0.96,5.21,5.21,5,272,0.10,63192.70,Matched,,63223.50500000,63182.26620493,-30.80500000,NO,1,0.2084
1783639800,282,0x0adda892be2ac0a66b779182a713d05ed13a1f801e29421e0ab8f680dfaf935c,NO,0x13dcdc7e4b258bacb446afe33f02aad7ef21f996e136418882c5ec337b3c160f,0.96,5.21,5.21,5,251,0.06,63151.9550,Matched,,63182.42000000,63159.73500000,-30.46500000,NO,1,0.2084
1783640100,283,0xb71077d276e2c95602a121788d72708e2a7b7eecd29834507d59833a4de02a5d,YES,0xdb6722737ff46c670c8c60c811a709f14a2f9ebb069c5e27bc03c39b8692a7f8,0.96,5.21,5.21,5,269,0.10,63183.72,Matched,,63159.73500000,63192.51000000,23.98500000,YES,1,0.2084
1783640400,284,0x66de2edbf4b911c5f4b64383993e6d014edc42eb39c65cd5879ddef25be8a455,YES,0xf8d2340513fee77e45ea5eeda7ea410ceb88df1b42b37e66ed7dfe0f6116ba96,0.97,5.15,5.15,5,240,0.00,63232.48,Matched,,63194.10499998,63238.40917044,38.37500002,YES,1,0.1545
1783640700,285,0xebf012aa8dd4c932aa56f753334402e67c573b83234b40f00b946aef1781aedb,NO,0x629c0b2948286aaa09f1ce6225fe2573de61225cbb794c141659b72cb3a91fee,0.98,5.10,5.1,5,240,0.00,63195.35,Matched,,63240.12836756,63194.67051235,-44.77836756,NO,1,0.102
1783641300,287,0xfbab2e3a197dd6242485fb65d291f6b2653948de8e9a38feed250da5fb5c5f13,NO,0x122d1d5c10032fd13f7830b7d00284a759c4d3824198fbb1d657f194e6d12503,0.99,5.05,5.05,5,240,-0.01,63189.3550,Matched,,63265.22251501,63179.30000000,-75.86751501,NO,1,0.0505
1783641600,0,0x9638833e9f35f77c3814a3dfc946233d62eca955eac23966584dfab354e78011,NO,0xd83e9ce31489aae056edb3df7aff39a63ac2dbc40a1f7a78a5fde6b6583a6463,0.96,5.21,5.21,5,279,0.23,63151.40,Matched,,63179.33500000,63149.76158896,-27.93500000,NO,1,0.2084
1783642200,2,0xacd4b05241cff6cee9aeb379233c27f0521857721e688a9984490eb65658d16e,NO,0x64a4dce7d67264696233ec4f069633f93cd8ad830df4dcd9bd52757e01667a75,0.96,5.21,5.21,5,244,0.01,63099.19,Matched,,63160.14750000,63171.62000000,-60.95750000,YES,0,-5.0016
1783643700,7,0x56bb5d59c7f577f757860f8db1972527c2ac07657c58f0f72ad8bef240cf801e,YES,0x8e9a9098fa766b40fb57ec15bee1c3b9a32191c032362b987d4e6aaf204609ae,0.99,5.05,5.05,5,240,0.00,63018.08,Matched,,62914.82250000,63053.07309599,103.25750000,YES,1,0.0505
1783644000,8,0x2c635c5a4e0bedf7db22c4e26e5ad85d1dad2505b89aa67e5c80985b7dda8927,NO,0xb732282a9308d6e08a9cc75181fc7c478a8011c73828da6abebacdd72958a1f3,0.96,5.21,5.21,5,254,0.23,63015.33,Matched,,63052.56917544,62998.28500000,-37.23917544,NO,1,0.2084
1783644300,9,0xcde18335519de411958c1750283b72d469d9aee100deccda73600332fd471da3,NO,0x3704c4cbbc15729c990d2fb3f93636fe08e9635abc5213d5b8537239b54b8593,0.96,5.21,5.21,5,249,0.09,62972.75,Matched,,62998.28500002,62989.55874891,-25.53500002,NO,1,0.2084
1783644600,10,0x0bb9ed431c793f7a46ffc280b1b06410b812babea668eab1c33b314c2989fd5b,NO,0x26ef8e385adc29278ffbc1a6dcab972f83e80d0b0f2c6294ace27a7b705725a2,0.96,5.21,5.21,5,243,0.14,62961.00,Live,,62989.55901819,62976.98499998,-28.55901819,NO,1,0.2084
1783644900,11,0xd764de5a4445fc05ed3aba7a443f5b52a247000d11ab00ba18599637754eb6fd,YES,0x0651f4687bd77993cb63889b062b13d8a61b9fa78f3bfe848f8f090dc1c50916,0.99,5.05,5.05,5,240,0.01,63048.2350,Matched,,62977.93320715,63057.31291157,70.30179285,YES,1,0.0505
1783645500,13,0xeaf410b65254e22434d2df1dea39346f730117de2d2106c0505711a68d94cef7,YES,0x1a59dff660700d00da28d3b09cbb69e082a39f6871298d5e551426a31ea961a0,0.96,5.21,5.21,5,240,0.04,62957.37,Live,,62914.23632394,62962.70500000,43.13367606,YES,1,0.2084
1783645800,14,0xa6b199bf767845b7287f4f87389212246714d76d6ee2e38e5a1e0e4025e33472,YES,0x5f9645823366a6443514ba2adda8fe7a97fdc1ea723bf55529c4f470d05a7d09,0.99,5.05,5.05,5,240,0.00,63024.7,Matched,,62962.70750000,63072.85000000,61.99250000,YES,1,0.0505
1783646400,16,0x7aed727edff68c05933cb9c3455bf811ae4f435487cd8d7e6a0b30a17df0f261,YES,0xd73a1cc32bfb99e3cbdfc43116f871f02e08ae6ca89177d2045bdd2280676a55,0.96,5.21,5.21,5,245,0.08,63253.00,Matched,,63212.71463439,63278.15500000,40.28536561,YES,1,0.2084
1783646700,17,0xa429438f35be6bf07f12bd6af32a001fda0ce289bb51580f32506416b99f911e,YES,0xe07abf645ccba4c99ea30c27cb1b835f63732298af4fda80d77f28df7a443be9,0.96,5.21,5.21,5,246,0.05,63327,Live,,63278.15499998,63339.90857734,48.84500002,YES,1,0.2084
1783647000,18,0xe7377fbddda0987adaf7a811bb7daaa4e2f4d9ce6f01a822a13a2616036f758a,NO,0xeb563584f9018af3d631b356f8c8aa7ef3b73d9918f9daa63f33d156846ea1d5,0.96,5.21,0,5,284,0.08,63294.6,Live,,63339.69146923,63280.72108079,-45.09146923,NO,1,0
1783647300,19,0x5f4f779ad3a9841390a18b1a3b4ba3caf38a62fc1e03667482998e7db6abe8ab,YES,0x49004540450a035242367792fffabd5e608a9171509f6d263c9dc197f4fbd8d0,0.99,5.05,5.05,5,240,0.02,63353.2250,Matched,,63282.99821541,63339.62499999,70.22678459,YES,1,0.0505
1783648500,23,0x74b056c49b347b7a045ea6f9ac9f3b77191e8664d2547c34647efc864b3e73aa,NO,0x6b07977744664baec42462a8db9494b2dc9078215837d71d0380df5c59613367,0.99,5.05,5.05,5,240,0.00,63658.1,Matched,,63766.46000000,63699.58249999,-108.36000000,NO,1,0.0505
1783648800,24,0x4e328847a56c3deec9978172fb02c970a85dda5369eabe1b14457ede310c4cc5,YES,0x3fe56a1f357f681b0b838deb1c2dfca8909ec23c6ec5a06e2f4fdafca9b686dc,0.97,5.15,5.15,5,275,0.16,63735.6,Matched,,63698.81281622,63757.42302956,36.78718378,YES,1,0.1545
1783649100,25,0xa0e59d35fc471397e514a1a28beaad79dc73b4695e1a99346c394fa5285a989a,NO,0x840ee3b139006397b54bbec23ae7e86d1c68dbb205ca30102a8db35d17de03be,0.96,5.21,5.21,5,249,0.08,63719.70,Matched,,63756.31500000,63721.46839403,-36.61500000,NO,1,0.2084
1783649400,26,0xc0d8522e4d9249c2bec6769e485e7a40f3c0090ef1d0d1fbf70e754e1dcf381a,YES,0xc016f7e8cb2a3fe6f7d2d4c3a4902a329c3df4b9101ab8b238988b39b0378702,0.99,5.05,5.05,5,240,0.00,63824.83,Matched,,63719.69412473,63817.19773060,105.13587527,YES,1,0.0505
1783649700,27,0xe8c075988b5757cf7f58e6b69be86151494e49b8d4d1a59254c7f831e691722d,YES,0x53dc3b03ee879a71fba3dfffbbfa0a9ad059c50c2ebf5d66b8f79eb0cbe9ba27,0.96,5.21,5.21,5,283,0.15,63834.27,Matched,,63817.07755950,63899.99499999,17.19244050,YES,1,0.2084
1783650000,28,0x1f8122e406180d62de58e21b5d97e72184cc6e4e8002f47215fb2d22ed7707d9,NO,0xe67a836504087ef0847a27802501631f4c18defade5b8814b5ee3a745867c670,0.99,5.05,5.05,5,240,0.01,63794.29,Matched,,63899.99750000,63788.60722367,-105.70750000,NO,1,0.0505
1783650900,31,0x9f3137c2cfee087e622bf465f69ebf045fe56e2d544768c0e3bcd457bd2e33f3,YES,0x0548f161508171242fe786a0f29e1d3df887aba528f3dd43bb558a3384fd7d6a,0.96,5.21,5.21,5,257,-0.04,63844.1,Matched,,63796.49250000,63863.17000000,47.60750000,YES,1,0.2084
1783651200,32,0xb210d2a518df3446b3048eaf13d6884198272bf5bbba37c5313b81a349ec81c0,NO,0x186cb6f7a55ba9246f57836eff1311029c098711c0b0c47ef490844a21afc168,0.96,5.21,5.21,5,240,-0.02,63815.1,Matched,,63863.17503002,63820.32612027,-48.07503002,NO,1,0.2084
1783651500,33,0xf307eaa4b88b5072dc02885e60973cd1aa87386adf90c1604abbd332e0a05510,YES,0xd079f811993b30ca44f1eb12e8a54bca14106270776aafd5da3bb192c1e4d5ef,0.99,5.05,5.05,5,240,0.00,63894.43,Matched,,63818.79888452,63933.91848770,75.63111548,YES,1,0.0505
1783651800,34,0x9f8c5bc5333bc77eda235d424e8c46dc02fde489409d3c501603852929b09e75,NO,0x20f889d050cb42de3fd29f098966ba9332193c74413fa9f49bc7e1fe003ac6f0,0.96,5.21,5.21,5,267,0.31,63911.58,Matched,,63930.46000000,63929.57742265,-18.88000000,YES,0,-5.0016
1783652400,36,0x31739cb591fbbd276a2eb2f333c5ca2a33e311982f40f48681560403c75c2128,NO,0xe8dede5dfbfde8724b9c3ae3be895846acc6e6a53b0e75d91b38ec44380a627a,0.96,5.21,5.21,5,278,0.14,63892.4,Matched,,63914.51315468,63860.97000000,-22.11315468,NO,1,0.2084
1783652700,37,0xf16068651fd79ac855bc507e0f78ce13f6f6c957c9ff29b62834a0fbdb2c4a22,NO,0x273c77018e888e9c0de287548a252cfc566f3a435871727fe232d28bbffe8c88,0.96,5.21,5.21,5,257,0.04,63841.33,Matched,,63860.46099581,63835.08500000,-19.13099581,NO,1,0.2084
1783653000,38,0xf4a6eff5c5a0ff6b3c02b7c5e9f7047ca03d7481d8cac3bd3d02211649400656,YES,0x917cd3a16c5ce9b32445a3a7d935130c753bfb6dc35e9e542b42dbf3bf2bb0ae,0.97,5.15,5.15,5,240,0.05,63873.2,Matched,,63835.08500000,63879.21500001,38.11500000,YES,1,0.1545
1783653300,39,0x84048f9fd193bdb07bb1f2a07feed80964924889e05963b8c2c4a7ff0d907ba3,NO,0xbab0f748b05306eda948842ed615e1cca11eb60e408694766af5f248d41994cc,0.98,5.10,5.1,5,241,0.01,63842.53,Matched,,63879.21499998,63832.58000000,-36.68499998,NO,1,0.102
1783653900,41,0xa7308cd4e905a21cad083f8908ba28ef50bb7f6b75e5dd44d20ccc6da5cd8a51,NO,0x2576046a27f799d2fa39c42ee1326f7378db471b701470cbc41416b3ed7075e6,0.96,5.21,5.21,5,279,0.26,63801.99,Live,,63820.04954808,63802.07520729,-18.05954808,NO,1,0.2084
1783654200,42,0xa37a4d00daf1619f0765c8151133dd4d867dafdd563f314ab2192ada769c2735,NO,0xd5a2373925324852d19970caa5a732f887b3ec7c8943f74f7b3aac0941ccd81f,0.96,5.21,5.21,5,263,0.03,63783.4950,Matched,,63802.73827426,63793.14014979,-19.24327426,NO,1,0.2084
1783654800,44,0xa268f24da54a93a6e525932f6ea6a5117f84fe031e0c27bfbf82e36bd1188154,YES,0x7fa0e11dcfa8271b8b294fa4ffe1e8de2bbbbb40540eea0e4f60f68ba123abad,0.99,5.05,5.05,5,240,-0.01,63845.6,Matched,,63803.58801086,63888.74885086,42.01198914,YES,1,0.0505
1783655700,47,0xf2e58309d34f279c4d87ccea4b56d5994aa139760ef2dedf8ceba97807678a5d,YES,0x3e454c0dd3226f7f399091e24db0effb50b97b419dabbe93cd3dd89cf0698a64,0.97,5.15,5.15,5,246,0.01,63890.3550,Matched,,63861.18630249,63899.16757383,29.16869751,YES,1,0.1545
1783656900,51,0xc514d4b046a6f0fbaa5ba8b5901a0c140da5326d808f6bc0f94360d601b33d8e,YES,0xd1448373bae54cef5d56b7937d2b350d94f25936d06ef61d4ddc197c7cfbc53e,0.96,5.21,5.21,5,240,0.05,63952.81,Matched,,63927.09000000,63968.53500000,25.72000000,YES,1,0.2084
1783657200,52,0x1a90fc824b8010682539581d91c6a8e8f574b44fe132e0cb31ce5c3be6e62e49,NO,0x97ca23cfd4e6f2e2ae58bfeef99eadf8c146300c6f1285071c16e56b85addbf5,0.99,5.05,5.05,5,242,0.01,63923.45,Matched,,63968.52500000,63854.64250000,-45.07500000,NO,1,0.0505
1783658100,55,0xf5841bfd9f3d25912229d1392d57fa782868cfbed66ebb9a280b0af971ecb9e7,YES,0x6b30f97ab4bdcd0414f4bb0113e61c77d5963cf0dd9af7f796660ed02419c564,0.96,5.21,5.21,5,245,0.05,64036.7650,Matched,,64000.40058189,64029.42875922,36.36441811,YES,1,0.2084
1783658400,56,0x61f82a057f4f4ece84ca36c494b55aadf6b7678e0f7460abfcb2076fe3c29cce,YES,0xeb81a14a525e7227eb2deb367347b8a9ac79752e80f1718f39ae4121338e1fe6,0.96,5.21,5.21,5,267,0.24,64047.96,Matched,,64029.05040733,64051.52862975,18.90959267,YES,1,0.2084
1783658700,57,0x60a9be3c6ceb48df46f2e4161db793dc0e6edb24cd0458613f235d6e7ed1f34f,YES,0xb9190544b60a8fc8787cb405b615daf8b5da9835ec17a1b3423bf2d03874a9ca,0.96,5.21,5.21,5,242,0.15,64086.08,Live,,64051.71800935,64076.52500000,34.36199065,YES,1,0.2084
1783659000,58,0x94489418a68cdc0b749a6f53ea7ba2efa9169d8eb87161d2ab6dc7c4f51b798e,NO,0xa68e515f80e0314495229ff5d31350659b08784db95618e28dc5454650ad789d,0.96,5.21,5.21,5,240,0.06,64038.43,Matched,,64075.15680331,64039.86000000,-36.72680331,NO,1,0.2084
1783659300,59,0x0647da3a9d647643f90cf02c375d3269f870e8f302c0a9247cc90d743d21aa05,NO,0x56fc09f3b1ecb3b55bb4ca0ebb2c1f4123f9e1c22bba9083fa0ca1254ed5120d,0.99,5.05,5.05,5,240,0.05,63999.70,Matched,,64040.38347218,64002.15000000,-40.68347218,NO,1,0.0505
1783659900,61,0xa591d54b3def8d485df960c12fc47b807bfc225c3744cdc40021ae4703c2e3d9,NO,0xef356619a988928069cc41164001cac9d975a20dd20bbc1e95092ca85da92eb8,0.96,5.21,5.205,5,240,0.03,63933.43,Live,,63955.27000000,63911.61251503,-21.84000000,NO,1,0.20820
1783660200,62,0xa09b0a13c4a17974c75a727566a068b24c6694fffbfc80f2cabcbecd8c4391af,YES,0x54d93c8c97f9fd1ba37964b84a3434b190a94792800cd437e232e1cbaa3912e6,0.96,5.21,5.21,5,276,0.07,63932.2,Matched,,63913.23155925,63939.81864658,18.96844075,YES,1,0.2084
1783660500,63,0x99ad60d9177690e5f8e34ea26283be634afd918f0dd7d5b63209f20bed73efd7,YES,0x68c371dd361e37ac5607ccee1ccdfe6501b90cce6dbffc7e5c01153ec50a6390,0.98,5.10,5.1,5,265,0.04,63957.83,Live,,63937.18653584,63954.78000000,20.64346416,YES,1,0.102
1783660800,64,0x8a96610728cd34654dd44968bc56c466063c59900afed913edc2cd7ba424b454,NO,0x0cca93cf77305eb6c1301a2f02c1c68d8a2f8cf5a390e7d73bb17a3a2003dab0,0.96,5.21,5.21,5,258,0.08,63928.9,Live,,63954.76000000,63937.08000000,-25.86000000,NO,1,0.2084
1783662300,69,0x0a7589691077ba6d73d35510212a17c9ca29760d1f49f0042eb6b21e4e011718,NO,0x0ad69292e9b77ea766f050d6b52ad503d90b117400e05e23228b822fead7e5ed,0.98,5.10,5.1,5,263,-0.01,64109.91,Matched,,64131.27676253,64109.13389806,-21.36676253,NO,1,0.102
1783662600,70,0x5c1d7af62ea56507d4456b0b729d143ff62623eb3008399e683ba71f6bd6a9ff,NO,0x86f133115f7fed004205c4ae675ce8aa95674d15b5c1ab31681000c6689bc2bd,0.99,5.05,5.05,5,280,-0.04,64078.77,Matched,,64106.98248906,64058.96250000,-28.21248906,NO,1,0.0505
1783663200,72,0x496642734ef9b870db444abb9c93802c78cbb6b48bb7790d0ea89f6927d86c72,NO,0x48bd540d492f2810b4059310f0756e8255f6a28a9acbb662d56977d8817add5e,0.99,5.05,5.05,5,254,0.05,64029.25,Matched,,64074.10464191,64014.54000000,-44.85464191,NO,1,0.0505
1783663800,74,0xb883da61e11ee61c4d93b290a7a642c5aa12e6c28f0de7ba42cab5c9307a7a29,NO,0x1d04a3d1ee2b0c000f67a89ba5e69b707d069ef0f8294f73e2f398202aaef28e,0.99,5.05,5.05,5,268,0.15,63986.72,Matched,,64007.34000000,63992.17102705,-20.62000000,NO,1,0.0505
1783664100,75,0xec51e14a4452b706a657ca331cd6721001a58488acd7eabde5fcc31c5ecbbfcb,NO,0xe45d72f15344e5fc689f9dbab7e25c29851a88eac03b9d858564942f085f78f0,0.99,5.05,5.05,5,240,0.00,63935,Matched,,63991.38503008,63922.88000000,-56.38503008,NO,1,0.0505
1783664400,76,0x8fec512fa38d11832e442621dc781e15bb9e4cfb93813e33544770e468a1aa4e,NO,0x974ae893e0492c871fd8449116f84194d04a8faff39be3a4a95afc8fdc31250b,0.97,5.15,5.15,5,240,0.01,63893.61,Matched,,63922.88000000,63875.48301452,-29.27000000,NO,1,0.1545
1783665600,80,0x9578fd13e1a56b0ddf398382247997f255f4bfabe711fe6bbb2a9a5712c2a651,NO,0x9aa2b4c5db25836b34516d797453b991d05151549306258c29a363ab01afb131,0.96,5.21,5.21,5,272,0.03,63850.71,Matched,,63869.34500000,63842.32000000,-18.63500000,NO,1,0.2084
1783666200,82,0xd79e0c5d73add49f6a70a6ac78790a674da81a556bcf93e2ff57feed5e0f7669,NO,0x3c779f9c87c89a8fae2e210e12841ba39041d97abb3c098acb8e204e296bdcf1,0.98,5.10,5.1,5,289,0.15,63811.94,Matched,,63830.59395750,63804.67499999,-18.65395750,NO,1,0.102
1783667400,86,0x7ab21158564357cff8a10b70fe386d4ab6792c6c35c5f2fbfd71e21b40618859,YES,0x2463baf608a940c41b552a2e1b75ab48302ca1a5e4dceaa63759a62b2bbde6ba,0.96,5.21,5.21,5,240,-0.02,63849.91,Matched,,63814.63000000,63875.14000000,35.28000000,YES,1,0.2084
1783668300,89,0x86550e689883622208039b9ddf50708a62443a6cebfcaafe2949fa3cb67e2064,NO,0xee672e191c32756473107f3c6b500b8b41013cf3030a8dc8151dfdd7c6617bd3,0.99,5.05,5.05,5,240,0.01,63928.44,Matched,,63962.60500000,63923.02750000,-34.16500000,NO,1,0.0505
1783668600,90,0xb21e2726101b6763c55e7a52f82dedb63f0202ede3e087c691ac405151c77faa,NO,0xc48f17ca3ededc2a6f029a69607a61e4d0aac39b83a33a9f27dc16abd953af3b,0.96,5.21,5.21,5,240,0.04,63899.58,Matched,,63923.02250000,63897.83740943,-23.44250000,NO,1,0.2084
1783668900,91,0x12c9ccfb63fef685ac13ed20000a23abe819a018c8310d4dfd325851c8b33f9f,NO,0xe757d235dc4c3ef2e482d94a2aad4b6b03c184ab2a5cf5900e500bf13f6c795f,0.97,5.15,5.15,5,270,0.02,63877.18,Matched,,63896.38251505,63888.66384342,-19.20251505,NO,1,0.1545
1783669200,92,0x276a4ebad9a75c6b79489f4ac27a6117ee37472623033c553b182d6a36f1b7d9,YES,0xd9edebfee6d8bff4d0d459c77d730f1e52fd7068cfa1a7e2352bb132447072e2,0.96,5.21,5.21,5,250,0.04,63910.76,Matched,,63888.55192171,63907.98451104,22.20807829,YES,1,0.2084
1783669800,94,0xf6ca6cd80853047a28c1d9cb8570263f02303402751fc49f3ad3b76333c0080c,YES,0x263e0c919ed3f94766eb2707644c3930fb76da49f4d6dabe4ad4d29b4c13b841,0.96,5.21,5.21,5,272,0.00,63923.5,Matched,,63904.10120492,63926.10500000,19.39879508,YES,1,0.2084
1783670400,96,0x760d32b57579b985b75b69512c10a99c28d05035ea94babc7adf25839b6f1371,YES,0xee185ab76607b0406e874ff9e59fc265ab7629532143af46f2f2905962c4b725,0.96,5.21,5.21,5,240,-0.04,63961.8,Matched,,63937.22000001,63954.60083034,24.57999999,YES,1,0.2084
1783670700,97,0x7ab23bcb783e566a0862d9e15aa88daed27ac62c3393a585e123ec81a727332b,YES,0x58e19bc7f86113bbdb7ac00d8de4df0aba4bdfa9a85b6ff7741ddb385868fc83,0.96,5.21,5.21,5,240,-0.01,63982,Live,,63951.99391953,63973.66751504,30.00608047,YES,1,0.2084
1783671600,100,0xbb5e825da65a3a29413209561e8bf221796f65d033a2e52478721236fa3a664f,YES,0xf3553b38b65b63d85304113fe7a205f2f4f03b8f70e4f567c6e62268c81a6358,0.96,5.21,5.21,5,243,0.07,64279.96,Matched,,64223.96500001,64285.46499999,55.99499999,YES,1,0.2084
1783672200,102,0x883fe9432d24b6cec058ead6f12fe54f75f289710e84ba9e56254222c032de3d,NO,0x6def283ae4799e757fef3c8f3782618d46dde3f606cfaee5925f07f50cdd5163,0.96,5.21,5.21,5,249,0.01,64244.89,Matched,,64286.26216936,64277.35500000,-41.37216936,NO,1,0.2084
1783673100,105,0xe2c3b0246ac503580abd8ff35a71fa8735ce3f8c224d18415b708657594c3a98,YES,0x8864bb1609ea658ca06150f564a5e085ec0a8a795f598da62f8506282fcb1d00,0.96,5.21,5.21,5,242,0.15,64195,Matched,,64155.28499999,64194.33288380,39.71500001,YES,1,0.2084
1783673400,106,0xe04fbd9ed8d3f8c1ded03cd15638122ec12ba617406074fd57565027d22ca8fa,NO,0x696ea1cd6570d201275dd297512ed1cb5cbdb28d2db9c9f55899d1d352d47150,0.99,5.05,5.05,5,240,0.00,64131.9450,Matched,,64199.51000000,64155.09500000,-67.56500000,NO,1,0.0505
1783673700,107,0xe03577b58d6b4ce0550383c9b65b0c8632ee52237a6fa6e0dd6a699a9240d123,YES,0xa0f2e3631dbfa73a01306bcf7af637ff029923b429fdea21d67e901cb2f2b797,0.97,5.15,5.15,5,240,-0.01,64214.27,Matched,,64156.89500000,64199.74503010,57.37500000,YES,1,0.1545
1783674000,108,0x8c1687a5ac7118dd4d4cb7fdcd309576b0172120cf33b90f760a938ba0eeb1ff,NO,0x00fcf2d0e0c7782c41959cefc7de3c20643d09062eaed6ac9d98b41a5505c8ff,0.97,5.15,5.15,5,268,0.17,64170.93,Matched,,64199.45640298,64176.91438409,-28.52640298,NO,1,0.1545
1783674600,110,0x978de8c9372cdede3eaa4aba6bf48152a2242e3e8fc70b9fb64e30f8833e6c02,NO,0x4da118d58a4570c085f39e0be78f1c5b100b238bdec3d342d59311055fa069d1,0.96,5.21,5.21,5,255,0.16,64148.47,Live,,64179.15500000,64168.25196751,-30.68500000,NO,1,0.2084
1783675200,112,0x4eeb54383cb5df2ac3bb2452f1f58ade55149a2ffba3e52e5c2d9244d4c27bd4,YES,0xcb08c0cc1d39647fb45542122969e51846ddc9493c4d67718f12ad0da90e26ff,0.96,5.21,5.21,5,270,0.04,64295.4550,Matched,,64270.82000000,64306.57503001,24.63500000,YES,1,0.2084
1783675500,113,0xb246458f16cef7bee728e757b2f31bf292af26b339137ddd507dfafa3a3bea25,YES,0xbf952540d1495284113a3d3418ccf26b9c0e8c6b45bb97340afe0e3f49281aac,0.96,5.21,5.21,5,240,0.02,64359.35,Matched,,64307.68000000,64372.61499999,51.67000000,YES,1,0.2084
1783676100,115,0xd051f10ee7de1c225530668a07c863c336e276ab5dd5e668473e4b3825867a5f,YES,0x935816ec64dd85fe8e407f89ea2e522b24fad3ce49fea58f527f8c139390d976,0.96,5.21,5.21,5,287,0.01,64384.31,Matched,,64366.82428104,64401.52975407,17.48571896,YES,1,0.2084
1783676700,117,0x63c49a5fd3847ad2db7fde19977b03dc5f57204f2e8d48df8a75cd3cd1af3c5b,NO,0xb3016ba389833d5bb4ad4d12d0836b6f7f80659a521d39f4d5311a53d137e7f9,0.98,5.10,5.1,5,240,0.08,64359,Live,,64418.21848796,64375.95731277,-59.21848796,NO,1,0.102
1783677000,118,0x4a74a4e8473e6affbbe45eca290d69a3277bbf3a9d00dd4b9f44acfb1421d2d2,NO,0xbd98af59a897fa93142db6287610c59255a6e0b4f636e2f7fd9ab5e9f45989d5,0.96,5.21,5.21,5,285,0.04,64359.39,Matched,,64378.43457328,64366.46499999,-19.04457328,NO,1,0.2084
1783677300,119,0x9c97956cc6658854acdb67bfb063da430a4b7381fff41b1857bd374a123edd6c,NO,0x22cc6b0ce2fd90ceb9381c5a8d8d1b1c90df1e15cf10a50035a3878939b4236d,0.96,5.21,5.21,5,284,0.04,64349.5350,Live,,64366.46750000,64341.61000000,-16.93250000,NO,1,0.2084
1783677600,120,0x634c85b37c47c4a67c001873a54ecf4e074c13bbacf651fcd5191cc2fc321bbf,NO,0xf2d8f982e78733ef77a5937bd202476136f8190fcfd3dd00597094f742c649ba,0.99,5.05,5.05,5,240,0.01,64286.58,Matched,,64341.64500000,64304.26750000,-55.06500000,NO,1,0.0505
1783677900,121,0x4dc5ac9370d50882b430d2f1cc23397032da653f60b6a985654375c1d43e7ed1,NO,0x1c05c1afab94b8f4b09684404c001e6ef84630996b16516199486fd847f8d8a4,0.97,5.15,5.15,5,240,0.00,64273.7350,Matched,,64304.26500002,64269.46123601,-30.53000002,NO,1,0.1545
1783678500,123,0x5411c7a7a4af2e3ff4f7eae9802235ee3fc94688f43049e6e7fe88392b50699f,YES,0xa9526e5b7f89ab3ff51b2d2eb5ec082d37ed91efa8b0add89d32d6b371263a30,0.96,5.21,5.21,5,240,0.01,64278.63,Matched,,64254.65838493,64263.43500002,23.97161507,YES,1,0.2084
1783678800,124,0x62c9d45a8776234c73dfc1a0ad62907a3abf743bc26a1ee4a4c7f5f49af1976c,YES,0x8d9c8b901d9fa65d95938acb8a20c5522811992ff81a39ff402df1c0ed525520,0.99,5.05,5.05,5,240,0.01,64327.22,Matched,,64263.43000000,64357.92671079,63.79000000,YES,1,0.0505
1783679100,125,0xf67f0f9092b08363988da90f7fe14421c2959491e8b4fe28f518733ef6c526fa,YES,0x01d725644012dc26cb38125148208c731a5c295485d2730d9c239f974bf15df1,0.96,5.21,5.21,5,277,0.43,64376.91,Live,,64358.93789159,64390.54691175,17.97210841,YES,1,0.2084
1783680600,130,0x0c14be4b0f49494319428acb953613697dcf1dba9ecf78cb0fb72811dd9cce3a,NO,0x5fa1884b1f8e6c53add5837c2df7d9171fa87a655154d1332654308fddf15262,0.97,5.15,5.15,5,240,0.01,64387.29,Matched,,64441.79926384,64370.08251505,-54.50926384,NO,1,0.1545
1783681200,132,0x00c1f791b27966e52ada85f213b1a192514af80b79e3218353d84f33242f5b5e,YES,0x885dd6b093446103633c455f047803a4a5896dfd17e126e9abb342e990b3eefd,0.97,5.15,5.15,5,262,0.01,64385.87,Live,,64355.32503009,64387.44251504,30.54496991,YES,1,0.1545
1783681500,133,0x4b4de1e1a29a65ed78253a996be3ea5ec536b5117007eceffb57f9382390fe40,NO,0x2015a4ee678832cfaff6572cb6acaa839117cd4909f3854be34323d49cfa702f,0.99,5.05,0,5,286,0.15,64367.23,Live,,64384.22062800,64354.34500000,-16.99062800,NO,1,0
1783681800,134,0xce80430994cdbe5df22be31e05d1f9199ba990cb26917519cb0e7be57a8fe1e1,YES,0x7aedeea34398d04babb1019020b82a087ec7ebbbf92b98051924ffd55d24bacf,0.97,5.15,5.15,5,240,0.00,64405.5950,Matched,,64354.56582786,64403.09500000,51.02917214,YES,1,0.1545
1783682100,135,0x3bea04e46b523b9a4d79b0d0d0af1ecf1deec56d6abc81320998b13804c05875,NO,0x211bdba6b5f74e015bb80f5d9259f67689e88fecaef1d9ef73039907ae0c2426,0.99,5.05,5.05,5,266,0.09,64382.2,Matched,,64403.09000000,64379.15179197,-20.89000000,NO,1,0.0505
1783682400,136,0x503c2b6f8d64dd243e4a9c0c5f9f263bb8a0703fcca28051100fbe6c7da48e95,NO,0x7e842ba02bd150bdc9ec0d572ba43eb3ed7aa38f70f17aac9b15e6c41d39ee3d,0.96,5.21,5.21,5,246,0.03,64352.87,Matched,,64375.60286306,64352.69511743,-22.73286306,NO,1,0.2084
1783682700,137,0x3af972c26464474a7a4f28887902500b1062af0f1a263fa99aee46f212f011ab,YES,0x92867172948a77134a71baa15587626691f37a61c893117fa2688d0021161570,0.96,5.21,5.21,5,241,-0.02,64391.80,Matched,,64352.47282322,64380.42000000,39.32717678,YES,1,0.2084
1783683000,138,0xf01dc70f98dd1274883ffb62f07bd8b628bd0f4d488c303cbb7e2a3e88296401,NO,0xac700b66b454bf42bd36296539feccc7a7068abd30ab9907246987a007692b42,0.99,5.05,5.05,5,240,0.02,64325.26,Matched,,64379.86461729,64322.85181426,-54.60461729,NO,1,0.0505
1783683300,139,0x9ffd0adc2bfdc466b3d77429a862af331f8f47247edfba5e7e6449fae37fc6bb,NO,0x9bcc62902831ecd3fdf4a399ff3d6aa9707a92897f758b77e037e8b97d207ef1,0.97,5.15,5.15,5,279,0.06,64305.9550,Matched,,64322.20649408,64346.83155468,-16.25149408,YES,0,-4.9955
1783683900,141,0xd8ae964d8a329077e626dbf2f0abed78e9140538782bdefa2d5602e5cd790e7f,YES,0x47918f62dbbfb64b70ca50e4fbb0493c5b1bc84519840ba7a7a10efcf3aac36f,0.99,5.05,5.05,5,264,0,64410,Matched,,64350.64593130,64415.34634313,59.35406870,YES,1,0.0505
1783684200,142,0x007028d82c01b72cbc6b05b7e5f38b57f1a41a91fbc47849945c1bf6e3cae32f,NO,0x6c4c15af8461f84a075960c0e154aa725b665565e766b669df5edfe42d6cef90,0.96,5.21,5.21,5,260,0.03,64381.26,Matched,,64414.02756563,64371.75697136,-32.76756563,NO,1,0.2084
1783684800,144,0x18f237595a8951608107497898a43a90b75abd6375c55d0243067d45d01d041f,NO,0xf4004c7de981d5acbd921ab37e2a80826088c89e2369604d972682c7987dd0a4,0.98,5.10,5.1,5,240,0.03,64334,Matched,,64378.77251500,64341.77566948,-44.77251500,NO,1,0.102
1783685100,145,0xd7530544ed1be163f6c32509086b2e9bca15992804510f0a5bda5ccd9a8d7eed,NO,0xa63618c73efc93640df39ba2cb5167df8d2134ac65909f2e8c6483b1711a3679,0.98,5.10,5.1,5,240,-0.01,64303.19,Matched,,64341.73000000,64342.86495498,-38.54000000,YES,0,-4.998
1783685400,146,0x6a20ca27ee629b1cbcb24c8058203b258c252ea2a09773c9182e92c6d7b8169e,YES,0x25c8e16787ec3ce1bef90828d53257e68def69b5aa3ca177120ed056787918c3,0.96,5.21,5.21,5,256,0,64460.3,Matched,,64344.34500000,64497.04242909,115.95500000,YES,1,0.2084
1783686000,148,0xc22c88a8691f8a3f61dfa15dbd996ed81de59e45bac805c5f935c804faa56224,YES,0xb513a3a369fed0846a74db574d5c6bc3c8a855c8c995f11761724f282aa913e7,0.97,5.15,5.15,5,282,0.27,64429.09,Matched,,64406.80500001,64429.09500000,22.28499999,YES,1,0.1545
1783686300,149,0x474fad7ebce86f54d72b201f6b8e1c3a3471177cd7ec967801e7284c05d5b001,YES,0x6429fa1114d44e0f4c971c497b98012d615ef3cb63345a53e723689a738fa3e5,0.96,5.21,5.21,5,247,0.12,64464.40,Live,,64429.09500001,64450.88750000,35.30499999,YES,1,0.2084
1783686600,150,0xb14fc7696615116b8ec7dcde5242cf7d87099b03ab199c2b231bc969baaf851b,NO,0xa26633067372a7636d3d54edf1ee087ec13e24f9773779e354ab7fde0e8524e7,0.96,5.21,5.21,5,240,0.02,64405.03,Matched,,64450.89000000,64403.24750000,-45.86000000,NO,1,0.2084
1783686900,151,0x7380db9dae2f0744c82315173341da0e5de7b6f83ff9c75e435ef54f79abc99f,NO,0xa71bdc5e9e377e3bb00bd711ef4a3d5216c89f3f7bb778781968c4c2ab2e2107,0.96,5.21,5.21,5,273,0.17,64380.4,Live,,64403.24500000,64371.61613607,-22.84500000,NO,1,0.2084
1783687200,152,0x5d911d06be14444c6e59544f30d5137ec37403a727c6887eb7af7c309e53482a,NO,0x23704bb28aece0671528d2ea3988fa92359ef3db4098e00617a5f861c8330dca,0.96,5.21,5.21,5,247,0.00,64336.11,Matched,,64371.61613607,64321.60251501,-35.50613607,NO,1,0.2084
1783687500,153,0xe844f56879c703f2058a60f717470fe5a86de4401267af050362738095819504,NO,0xd7405795b873a13fd9c8d8e16e5c370cca4bcb6fb1b7fe6d9c70d2535e36bd30,0.96,5.21,5.21,5,280,0.01,64304.2650,Matched,,64321.53501877,64303.65827416,-17.27001877,NO,1,0.2084
1783687800,154,0x27fcbbb1901a67d28731b24efea38832d237c161cf32422db1a810189e272d0d,NO,0xc317c03d23f8d0a9edfc0701815162fe39491579c6e21fb71336d69182dabff2,0.97,5.15,5.15,5,240,0.00,64267.68,Matched,,64303.71704061,64257.26206903,-36.03704061,NO,1,0.1545
1783688400,156,0x21f47e910efd1166f193590cfe84a1ca16773f200e33768204b61674def8a250,NO,0xd0496d73d9d4f84525b4f3a027dd784141147b5d0c1d774265e257b637b2ccd8,0.96,5.21,5.21,5,265,0.11,64211.7050,Live,,64240.00500000,64226.82250000,-28.30000000,NO,1,0.2084
1783688700,157,0x24dd311213b79e458a2e5e7761137c34f426ff800ae44ad7c284ad5ab6b414c8,YES,0x78214bc3660e28b3ab3b2109470cc34bfb78e24146e2e78c1518e4ec3d607fbb,0.96,5.21,5.21,5,262,0.11,64249.15,Matched,,64230.22500001,64263.22202483,18.92499999,YES,1,0.2084
1783689000,158,0xb7a4217eb7292fb680400a70c347a15233dcd4068877aa02622387251623ed51,NO,0x0b08ba80d6780ad14ce752575e45ca0735f1ff7c3dc41eb3d11ac4489600d9f9,0.99,5.05,5.05,5,246,0.03,64202.27,Matched,,64263.34404967,64195.12670384,-61.07404967,NO,1,0.0505
1783689300,159,0x856d03bddaa5cfcaef791ab16b19a618000e2086cff48654891c9189aceb6c35,NO,0x2b07ee5a377f3ea00812f0af960c25fa9e49cde030de10b209feb2c447b1d021,0.96,5.21,5.21,5,243,0.05,64164.2,Matched,,64195.39975748,64153.60540372,-31.19975748,NO,1,0.2084
1783689600,160,0xfe38cbcf47f6b3ccf4e1bef1fe8a2a7d556ec5d5bcd584828c3d7c6d6b47071b,YES,0x7f30a2d970655f4c57c82224bdf7a5a8d4d3fe106e47ac9cfa827ed9c8e6459c,0.99,5.05,5.05,5,240,0.00,64206,Matched,,64153.82753094,64225.69171425,52.17246906,YES,1,0.0505
1783690200,162,0x05db688d62fcb91aa24a28135151141dd0867cf9b2087224fd2f96a6bac5b29c,YES,0x0d7b8ac4fc91dedcb376dfe63400a54b7ccca49661e4a767edc1ace1d5280a6f,0.99,5.05,5.05,5,242,0.01,64188.56,Matched,,64114.38789141,64190.32438142,74.17210859,YES,1,0.0505
1783690500,163,0xd77d86cadee020f3ff62cbe866ac6b8260138538df5dbfd5f0a17a1189781060,YES,0x7cdf3224127057196fda908314ff51d329010ae4e3f849df30d0f0ad3363673a,0.96,5.21,5.21,5,241,0.02,64253.05,Matched,,64185.49598422,64263.31876548,67.55401578,YES,1,0.2084
1783691400,166,0xb48645571725be518b53c25bc708e44fed9063d5ba0fbd1bf7d29071d57bbcf7,YES,0x8f85b7cdd617721a825797b20ab57b5c035fa99517f6ffa59f0fafaa30807b12,0.96,5.21,5.21,5,240,0.01,64564,Matched,,64478.89000000,64523.61499999,85.11000000,YES,1,0.2084
1783691700,167,0x4dfe703b60f0ff4f87fbf4cbb4ab2d7e1932ed93751a38ab8d4012cffaa13d07,NO,0x2b8c7bfa206675504549e33d703625c50e63d1906d6307e256a0146f480a1fb0,0.98,5.10,5.1,5,240,0.01,64439.6850,Matched,,64523.62000000,64441.42000000,-83.93500000,NO,1,0.102
1783692000,168,0xb3e077fd42a3afbc7c4642440eaa35191e2bf45fd8816c9329032320b56a970a,NO,0x3a4eef0dcdc83e0376f973b76e3b27f4f01896aa5ccff52fc6b2a3d3630975c1,0.96,5.21,5.21,5,240,0.00,64371.19,Matched,,64439.83059215,64301.36000000,-68.64059215,NO,1,0.2084
1783692300,169,0x089c6f58016c74f6e4e1335319d714f6721e350781d4ff1789b585d63ca0457b,NO,0xa13ef63cf28e2f19a419f2d23a211bb9077c192cfd5bbb2dd9492e20106e61ec,0.96,5.21,5.21,5,253,-0.04,64246.02,Matched,,64302.43249999,64233.82534780,-56.41249999,NO,1,0.2084
1783692600,170,0x5d9f4e586539de959051c89fb228d91a4851d66f797fc052b82a1baa5d6ee6d9,NO,0x6c56803d18b90a9024d5e40c657814e1a63bf7ba4e70a619272717ffd055f745,0.96,5.21,5.21,5,251,0.19,64180.01,Matched,,64233.43500001,64164.11000000,-53.42500001,NO,1,0.2084
1783692900,171,0x70d3c9c9e1431844a0a26c8800f5150094d5ed5d35625daa1027baff803263d4,NO,0x2c0039558ce82a6534afb9edccdb6af557f758e3eca643c659c9bb0c2ae13b65,0.97,5.15,5.15,5,240,0.32,64060.11,Matched,,64164.49500000,64091.64308457,-104.38500000,NO,1,0.1545
1783693200,172,0xd0feb2290106e03d0a127b614a5a0a2ba096ab5442fb6c781da13349f72e7a69,NO,0xf46aea6107e088a413798d3888b56b71ba5c2f07b0b3a1b3284771a880c61395,0.96,5.21,5.21,5,265,0.06,64045.67,Matched,,64091.84069164,64057.32861936,-46.17069164,NO,1,0.2084
1783693500,173,0x643883af5ffaba8917b22bfe270a51d23261307a68270a116c911b883ebd8e69,YES,0x07557f1422f66c36053f9de5440ec202ff92b33e609002dbfaa3da86cc6f92d9,0.96,5.21,5.21,5,266,0.00,64097.52,Matched,,64056.02750000,64087.21384634,41.49250000,YES,1,0.2084
1783693800,174,0x82b1b1b2e2ea820d3afd4768301d68fe9cc1c11c4caabc116d05dd8c542fce03,NO,0x2689525f237f13660a2be80f6c0fb20ffff82738503fb1f2d8c29e171c1e7579,0.96,5.21,5.21,5,263,0.01,64000.1050,Matched,,64087.53897636,64009.77500000,-87.43397636,NO,1,0.2084
1783694100,175,0x5e96ebed205cb39eb7e96496c3225c4d1fb48e6ce8c71a3be0dfc21faa0766a7,YES,0x535c1b1ce6399c985127dca16094cc4a1d5479e2515df7e19c1c33d4ba0867a2,0.96,5.21,5.21,5,262,0.08,64081.65,Matched,,64007.72000000,64061.28500000,73.93000000,YES,1,0.2084
1783695300,179,0x70b4294cc1ccc6efd960140da5907309de6a5c682cf25e0830998abd19e040bd,NO,0x5158d2175314901e5a6c2ccb4e4a1900155c44e3c65e5e66ae919baa788aa3f5,0.98,5.10,5.1,5,240,0.02,63860.01,Matched,,63941.12499999,63859.42499999,-81.11499999,NO,1,0.102
1783695600,180,0xda54caab44ad0a8c24eb50a38acae9aec67a82ca6e8f47a74c3d2a25b72fdb81,YES,0x370283762379109770c6e96533a515f6e39101f2ffd89e810a2989105ed87214,0.98,5.10,5.1,5,240,0.03,63940.77,Matched,,63862.96000000,63945.86742651,77.81000000,YES,1,0.102
1783695900,181,0xfb53dd7fac682d8499de228b3a15dda9a96c4c010cb863d9a3cfeddd5687defc,YES,0xf2ccdfbc35809dd0a302edcb4bdd07596aa4f259a3b3a4cce256d8c315aecb14,0.97,5.15,5.15,5,240,0.05,64012.1850,Live,,63945.86471469,63982.24387001,66.32028531,YES,1,0.1545
1783696200,182,0x05886ae307cfc10f18b81ef3f92cea720cc968e0ac84437902086643c21faf1c,NO,0x305fd80b61de5c664216fed2d7f6adcf8768f594007ac74427ecf94ef75653fa,0.96,5.21,5.21,5,240,0.00,63923.69,Live,,63986.14637607,63933.32247539,-62.45637607,NO,1,0.2084
1783696500,183,0xa7602a0796ab46b5358714aaf4ed8548a69a706b8888209e003dbb1fc6d6f80f,YES,0x25e5519546dcbb47834dd1766b5a9444b301a164f37999d03efe38cd63fda1f3,0.986,5.07,5.07,5,270,-0.008,64006.2,Matched,,63933.65547758,64024.41087555,72.54452242,YES,1,0.07098
1783696800,184,0x76e273ece19ca5137980fbdb6735d4ba3d5931227852a3c42ec00eb18a3d0655,YES,0x60ea0bb023b9f05334c458f05cd954827b56fd6b352f2690f69111b75b7a7d1f,0.99,5.05,5.05,5,240,0.07,64094.99,Matched,,64024.29503010,64096.57500000,70.69496990,YES,1,0.0505
1783697100,185,0xc51b0d6ee8ff2181423132ecd2a38eb5764caf5e5e1d1c0718261f409e170f04,NO,0x6daf7bab7b7b577cc07c5605a00b8c7f7eaa6885c4b60efce415ed567c34a5d1,0.96,5.21,0.95,5,289,0.13,64075.99,Matched,,64097.33224263,64083.86000000,-21.34224263,NO,1,0.0380
1783697400,186,0x4ca2bebaf6bbbad862dffe3309ee3b4bfa60096d56d6f3114b6823d329ca0968,NO,0x9b493e0411683222a9766888433196d164a86b7269395e38fcab92cf7346efbf,0.96,5.21,5.21,5,263,0.07,64050.9,Matched,,64088.19621959,64044.63000000,-37.29621959,NO,1,0.2084
1783697700,187,0x0fb6a045d51fff074c5b8c30f082e328a13fd514d6356a6bcc3517b4e0b30725,NO,0xdf8a04eb298fb5e84ae521d45e9a1c8931ac15f7d705c8be182527491eb48768,0.98,5.10,5.1,5,240,-0.01,63970.94,Matched,,64044.63000000,63950.41288467,-73.69000000,NO,1,0.102
1783698000,188,0x6d8387c2b56af6f8affc81aecfab39120eff5eec354eb0682b6dda79f3d818af,NO,0x8e3ba5322de3964a7f5e00cc798ff1d4cebe283e04ebff4cb11504a785b43df7,0.98,5.10,5.1,5,240,0.01,63900.13,Matched,,63954.95520048,63904.94281128,-54.82520048,NO,1,0.102
1783698300,189,0xf86ea0ce97aa12c5b3536611f88038ad64a7ab9ce74b4019139ca15d9972ef58,YES,0x4212f8dbe42c6ff2554d614c347b7355c901cab1461b820a96b31415e0161e4c,0.96,5.21,5.21,5,262,0.04,63927.81,Matched,,63904.97250000,63944.41575531,22.83750000,YES,1,0.2084
1783698600,190,0xfd51eb891526c8309714d7d441c8cb5a4a8da41e445955243a97a8636abf9c2d,YES,0x43807715673bad42201e31f96ac0e9046f04a2ca3a3aea4f841a0583b4c215c5,0.97,5.15,5.15,5,281,0.13,63959.98,Matched,,63943.23043400,63970.06000000,16.74956600,YES,1,0.1545
1783698900,191,0x213867d32376b79895b262b632c581e36e551b65ab35ff643cdb285a3a694a6f,NO,0x4673e71f59bde309affe34a1586ef670b53ed245ab91e7d4b3af832b369115f7,0.96,5.21,5.21,5,282,0.12,63951.85,Live,,63969.89000000,63982.73000000,-18.04000000,YES,0,-5.0016
1783699200,192,0xdac8074ffd3fb312fb18b911cf88f7e355e4eefce473edb2682b865b4d21599b,NO,0x71de0fb7aac1ad35ffe5515559040eb7605ef1d74602bb3710ca45d8cabde46b,0.99,5.05,5.05,5,240,-0.01,63918.22,Matched,,63984.67000000,63946.04165368,-66.45000000,NO,1,0.0505
1783699500,193,0x753cff9dbaceb84d65c84ebc8131bae23255588aa3b8d8db5bb86aee0709bd89,YES,0x1efd0ea014b1e9de42250db04e4930121403f2e8b6d8da3e881329214c3cc4bc,0.96,5.21,5.21,5,250,0.18,63982.01,Matched,,63946.69047512,63957.17829636,35.31952488,YES,1,0.2084
1783699800,194,0x9ddab8449a4b1c1a896973de2aaab3c809613faa585fed647f6dfc42dd055fc9,YES,0x151362f0ff9e868ffb46e53445c41eeed8996f15e6fafa5c84b83f539a15a551,0.96,5.21,5.21,5,241,0.11,63992.08,Matched,,63955.08000000,64011.59000000,37.00000000,YES,1,0.2084
1783700100,195,0xce4ebb90d25c79ee75bc17debcb0ae8bee7bc5ec3595be9b39172a33e4442176,YES,0x65c78e7b1949ad1f5347d1222c1544c7b54da413af268cdc17eba6ad109ee30f,0.96,5.21,5.21,5,261,0.07,64034.05,Matched,,64007.39585121,64031.50144560,26.65414879,YES,1,0.2084
1783700400,196,0x7e4a78e39e3558aae40d181eba56fbaf4d32bb465680d99917aabd15cf8c86d0,NO,0x8c6bfd7a23990c062294e563e743f35dae74037672f5f632cd1c255a580c1f63,0.99,5.05,5.05,5,240,0.01,63972.99,Matched,,64036.80503001,63961.07000000,-63.81503001,NO,1,0.0505
1783701600,200,0x179924a10ee7d03b37b5cc8123fc673faffcdee793a072c91d202585ee464ce0,YES,0x58707a7fdae2b8aebfde951dfa7d8d7326c9d41eac80acd548417e63d8a8722e,0.99,5.05,5.05,5,275,0,63882.63,Live,,63825.07751006,63885.69358561,57.55248994,YES,1,0.0505
1783701900,201,0x425b77967a94719e2978721d6ce59f41574774444dc80673b22745a548214d28,YES,0x13a7e8c193f965a6a845d4fcd529c97d700da9d2c16a9bb88594e25f42c3d09c,0.96,5.21,5.21,5,254,0.03,63913.3150,Live,,63885.40790695,63923.01587443,27.90709305,YES,1,0.2084
1783703100,205,0x5b21130832ae95b3746e1efa9faad7f81639452f98a531f2c3482d042e2801ae,NO,0xf37d7cf74dce3b9625084e63223a70b32c678af9ab49bc3054023f73a8e58ba6,0.98,5.10,5.1,5,240,0.00,64018.72,Live,,64095.22679504,63989.22000000,-76.50679504,NO,1,0.102
1783703400,206,0x873548219e685679b3ce1b2ad5b8d46e25fbf86116925d9e06aa377bfd7ba225,NO,0xe39511726f8c9521fa1604ab60529c3409ef8c748f86bfa3af765f61b1d52711,0.98,5.10,5.1,5,240,0.00,63931.71,Matched,,63986.80000000,63917.70251504,-55.09000000,NO,1,0.102
1783703700,207,0x6afd3e810c77bd64e1e41c1ea24a60c377ad7dc9e82a2fafa712b011ed343ac0,NO,0x884d0b2100917d46f4023855f805b71872a10794ce67da9725871498dcb1ba18,0.96,5.21,5.21,5,254,0.07,63888.2,Matched,,63915.66750000,63845.76000000,-27.46750000,NO,1,0.2084
1783704000,208,0xdaa2892b0fe64d74957a28ac9720888c145c72365b4c47cdf6a60f72f5eaae67,YES,0x56a6024af7087de6320684cd7d0cfc234c0c5c448e6be823ec766fe33628fbdc,0.96,5.21,5.21,5,254,0.07,63879.63,Matched,,63845.08768991,63910.13750000,34.54231009,YES,1,0.2084
1783704300,209,0xe360715c1ab37fcb1f85a914e6e6fa166f0ea1bd7ed30fd6fbcf486e9d654801,YES,0x22d3c79d0a1b798c7d0040b3f452f8afc9981e34e4b54b9466b45def29229fdb,0.96,5.21,5.21,5,284,0.03,63938.84,Matched,,63910.36250000,63930.74007726,28.47750000,YES,1,0.2084
1783704900,211,0xdf4801030981b0cc5544264cfcaaa7d5e51db4f8920df809b04235eb6957496a,NO,0x962399072bdb8c14a231c08ede4c6041eba7225fb1958679fe04c60a83f87f7f,0.98,5.10,5.1,5,240,0.04,63816.1150,Matched,,63859.00707820,63826.00573243,-42.89207820,NO,1,0.102
1783705500,213,0xd85324f2b80e0e7c33163ee79a0132932bafd80a7e512724391ec8cdf9b2077b,YES,0xaa32f3807fba619f04b94b4b0dda026d4955bfee735f1abc829256bfb663c1f8,0.96,5.21,5.21,5,256,0.22,63856.93,Live,,63834.36500000,63866.49000000,22.56500000,YES,1,0.2084
1783705800,214,0x26bd1ca5fd7becc1f4a415485ae76087a504e0ea67dc436a256eabcd650d006d,NO,0xd14a508ecc3ba5d09814e9edae780d52218715a4ff5a09fe7aceca58a8559e3f,0.96,5.21,5.21,5,240,0.08,63843.1,Matched,,63866.99588061,63822.67000000,-23.89588061,NO,1,0.2084
1783706100,215,0x981da08ad5d87c77a7f9573f6d90bfab0cb02126a31d4bdd19a10ebbd9d7bc65,NO,0x4250c1261d2eeb352b46c4aa9718be83dc529ac201bf681abe627b8dd1d92195,0.96,5.21,5.21,5,240,0.03,63791.58,Matched,,63822.57450954,63775.59434604,-30.99450954,NO,1,0.2084
1783706700,217,0x0068f1c426e61b0e0d8e6272dbda13326db3bb3d4b2f8a4d1f548d860d3b8076,YES,0x20a09ad4091ecadd11a616028485ecd9c76ffa5d8c68925e8b7269f4f2396f1d,0.98,5.10,5.1,5,262,0.03,63887.28,Matched,,63866.34714746,63881.52000000,20.93285254,YES,1,0.102
1783707000,218,0x0201a17f931487483469d012baf15fff45e83288612ae4baf2f3c7cf17e830c4,NO,0x6e113c7c148de25803a3c3859b0f4df155585df662ffed42edd91f2a5b2a03c1,0.99,5.05,5.05,5,240,0.02,63844.39,Matched,,63882.13503008,63841.09525512,-37.74503008,NO,1,0.0505
1783707300,219,0x3a430f988da3dc6d54a4e8cdd006e0a0ae580281fe2057f62e6df655646c6474,NO,0xc2849ddcfd88af86272c0bf3e0b830b435656f34d27b52ececde28e55333f557,0.96,5.21,5.21,5,240,0.01,63809.19,Matched,,63840.93800406,63837.69692192,-31.74800406,NO,1,0.2084
1783707600,220,0x9498c9297ac3782acc0045048cfae5e4e85c3c7d4c53cd095fdf0660720aed5e,YES,0x15d70b8f04672b8286fe9280e3c0d6b394d25bef885aba4fc827bef94f351ead,0.96,5.21,5.21,5,242,0.00,63876.22,Live,,63840.42333014,63891.39503007,35.79666986,YES,1,0.2084
1783707900,221,0xefea1017b732f3ff7271780f60e61dc1aec57e47d72542df2528f11e9695d6b8,NO,0xd2f0de22c84a26e4f8f0ebe74fa50c85367a44b8528734eb7c217aaba078fb3e,0.97,5.15,5.15,5,279,0.07,63874.19,Matched,,63891.39503008,63876.67966601,-17.20503008,NO,1,0.1545
1783708500,223,0x74f6ac63692843213c2988c06285d7409514ad98f176723529d07fbfbed847ba,NO,0x48eeb31191da4c1ae5426b3b77f3e801199e3e56c6106e6c4bcc0a0c18e18834,0.97,5.15,5.15,5,240,0.02,63834.0650,Matched,,63869.26500000,63858.84041260,-35.20000000,NO,1,0.1545
1783708800,224,0x6ae76ca79384eed6df5e1fdf45726e431c6c3c8233df68f93f3ec01ca467e358,NO,0x023f4d36baf92e278433ae49a8cc84db70cde39aa014628106aebb499cc44aad,0.96,5.21,5.21,5,240,0.01,63834.9,Matched,,63861.66500000,63832.37499998,-26.76500000,NO,1,0.2084
1783709100,225,0x50888bb7fed969200514796fb0f9387e0c0e7d2f9a8a8e4680b6a09f58cb6cf5,NO,0x3792f91be0ff51f4e4d616a79c0eb684f533cbd1d6e0c2b9a643ee04052e74ec,0.96,5.21,5.21,5,254,0.16,63812.11,Matched,,63832.38000000,63789.77923700,-20.27000000,NO,1,0.2084
1783709400,226,0x2f8f3530badb7654c18dbd84964ca3536623803ad25960ee0dd7ea165e9f339b,NO,0x1e59c4d20d7642345508c71ca8def3afa4f9606c1bb7d61aac39803b29905e78,0.98,5.10,5.1,5,240,0.01,63742.83,Matched,,63791.97951138,63697.61500000,-49.14951138,NO,1,0.102
1783709700,227,0xc847abf7a9215b2d26f31b3f6ac25feed59386a67558d5e587f154892a7fe528,YES,0xfe9686208047da25460965ea437d0a867d18429aa36b800100232690c15ba411,0.99,5.05,5.05,5,262,0,63749.27,Matched,,63701.05378305,63762.70000000,48.21621695,YES,1,0.0505
1783710000,228,0x061800557d1537cec1d01431d4dde905fa2419793bf87b64c58e868bfc1b4dd5,YES,0x549c9f7817556cd734cb11e9bdd9a774c8880e18bb43ba565cdd8a4733927953,0.96,5.21,5.21,5,240,0.13,63786.94,Live,,63760.32503004,63788.02574717,26.61496996,YES,1,0.2084
1783710300,229,0x1cb024e903aabb66fa37cc8497a08f3d462e4eee4eb0281324e0573eaf9bdcc7,YES,0x5fb204e6b6edd21f48d8c33731ad23208f2a3dc905a813c0384e91aff4e0991d,0.96,5.21,5.21,5,244,-0.01,63814.3,Matched,,63787.94908678,63815.79745805,26.35091322,YES,1,0.2084
1783710600,230,0x0747b994e5a50d11a143d1e85e04229e4c1fe6de6e2da97f5bdd1e50ce0ff5ec,YES,0xcc5d47286c31ea94f91531b59feaf28604f1ef65b75abebb5127c7a295f05e32,0.96,5.21,5.21,5,263,0.07,63834.5,Matched,,63816.14427972,63835.63940084,18.35572028,YES,1,0.2084
1783710900,231,0x4fca909344af8ac647ba59a4a05d917efa93eb425c7185eb6a40a8c74acb7fb6,NO,0x43903b3865b6d21b61545e2404424c18a00a7632937c19ca616967527c34ba69,0.96,5.21,5.21,5,256,0.13,63809.79,Matched,,63834.92000000,63794.63250000,-25.13000000,NO,1,0.2084
1783711200,232,0xe89d9beb49b88716c8e877a122d767a965e866720a6d18ba306479ad30751959,NO,0x9da7d96e2a0223a60de5653fa013ab0f61cebc6ccc51a1d7c40cdae14cc2fa2c,0.98,5.10,5.1,5,240,0.01,63746.6450,Matched,,63794.63250000,63782.81000000,-47.98750000,NO,1,0.102
1783711500,233,0xe79d32e4ecd36d259465022746c75ace19cd459ebeceeebbd1a35483da82699a,YES,0xc5daf04d3bf06ffb10592d121c421f3b33e1f61bb32d001a515dceabffffcf17,0.99,5.05,5.05,5,240,0.01,63825.43,Matched,,63783.82688682,63817.31336512,41.60311318,YES,1,0.0505
1783712100,235,0x6e64318ee8e446f05fcfde93de61a5b35fdb746a6b423dcdf67af6c3ba05b3cb,YES,0x422aa53eba673355f4581f94309fb975c82ae6547152a2921bf877f209df35d5,0.99,5.05,5.05,5,240,0.02,63987.33,Matched,,63940.46250000,63987.71158589,46.86750000,YES,1,0.0505
1783712400,236,0x165974be9c86bf9e2f25be4d0ee8c2dd6c1fc8709d30abacb5cb40ece414d424,NO,0xc52dcfa2d0f51c2fbb4a225d71f8b7feabde90f0ac417af683b13c0cc3f3e202,0.97,5.15,5.15,5,240,-0.02,63946.19,Matched,,63987.85654974,63936.70750000,-41.66654974,NO,1,0.1545
1783713000,238,0x86f20048cef181b5752d78c5c746e182be52c7b5a4417e2bfa908d87080ea407,YES,0x30bbea0485c831552950036ebe094f8d171cc4577575c7cbe0c4775c4ba653fa,0.96,5.21,5.21,5,240,0.06,63961.67,Matched,,63933.12500000,63940.14339586,28.54500000,YES,1,0.2084
1783713300,239,0x27fcce20dbbc3c1e01dc006c5794e72d8b54652d85c7cea12789dfd50dba5c9d,NO,0x4add94ad2292c7cc0f798138eae2fc2cf05c602b0ca6e5f05861830788f66c40,0.98,5.10,5.1,5,240,-0.01,63884.41,Matched,,63934.73250000,63879.43143246,-50.32250000,NO,1,0.102
1783714200,242,0x573f13a1820e009cc948d0b805bf3610294f359ada35e73fc8b3aca2716a50a1,NO,0x09c7f4e01481842697d804f77529f945d8776766b512182c23cd8d75b34073f9,0.98,5.10,5.1,5,253,0.01,63783.4,Matched,,63799.83503003,63777.65709736,-16.43503003,NO,1,0.102
1783715100,245,0x987582c9e856b4fb674c44cae759bd3b1f411a72a6677e9ea7b543c29d3b4550,NO,0xc1de1b87b18e99bbc0f92c826ec7cef7c2c5ea9db36a0be554ca939fbde23640,0.96,5.21,5.21,5,240,0.05,63680.48,Matched,,63735.77987755,63687.62961692,-55.29987755,NO,1,0.2084
1783715400,246,0x068a08d245de42b8f7ba79da2a29b5b45c49288bf11b8e9327b0ca66f3d74dd8,YES,0x32a1fe816c57c15af3d8ea4c127ab13e55ac8214de3baee0a8e0099ce0cb86c4,0.97,5.15,5.15,5,260,0,63756.06,Live,,63687.64602047,63766.61144964,68.41397953,YES,1,0.1545
1783715700,247,0x27547343ee4ed333b566f1b14b7208be67fd8d4eb71d1daabc1b46ea20d7ad0f,YES,0x4e16f7f8df381142ee7c9eacffb87bec8dbf555aab5b1fa3f5378b04a4a82828,0.97,5.15,5.15,5,240,0.02,63823.9850,Matched,,63783.62000000,63832.27132449,40.36500000,YES,1,0.1545
1783716900,251,0x0142ee59926fa2eb820ac3d3816b452f34565229329c80a029faa49c77e97cbe,NO,0xaa62d21bc0c0ad985fac7ab4ba313fa95703b8fc04983c99c9bdfb1bb98ab90a,0.96,5.21,5.21,5,240,0.00,63792.1550,Matched,,63826.15005001,63793.36949355,-33.99505001,NO,1,0.2084
1783717200,252,0x202b7c1ee566907181842903bb76faa2ebff4daff08a33f27dcd65d45285805d,YES,0x37cad268a38badfa70a060d6bda66094ef49a17a9b0f728754b9e6d419968d53,0.97,5.15,5.15,5,247,0.14,63819.03,Matched,,63793.36967409,63847.83000000,25.66032591,YES,1,0.1545
1783717500,253,0x85c499947460ffbf42863299a9247aa3594048dc29a45395ba7cfb6631ec347a,YES,0x7cb7115912a53d863af61a100fe1bd3baecd5962f98c974ef04047d33e083a92,0.96,5.21,5.21,5,273,0.07,63863.96,Matched,,63847.83000000,63864.82064636,16.13000000,YES,1,0.2084
1783717800,254,0xeadef06522ae15c85ab7628d0cce90fbec157db75b20241bd8f87dcaa73fe139,YES,0x766bc811861036305d597823bd067f8936eb7790229cae925f3c75444dc82f16,0.99,5.05,5.05,5,240,0.00,63921.62,Matched,,63865.86140632,63898.92000000,55.75859368,YES,1,0.0505
1783718400,256,0xd26e2bcb4c30c4c157532154f777989392e7355afc72a8e73491ac82d00ba23c,YES,0x464c37c46396b6ea2c63d9f82aa9d7280a34530af03a76c3f00ea2f6b82ba48e,0.97,5.15,5.15,5,240,0.02,63922.21,Matched,,63890.73965708,63953.88208707,31.47034292,YES,1,0.1545
1783719300,259,0x30b4145d3e197d975451a3aaedac802255be30314fea2551e49c41c5d4c16da7,YES,0x7c7face813b025e38a5ea1dbbad9ed9397ce70a61ac668783269e7cec8d582e4,0.99,5.05,5.05,5,240,0,64023.96,Matched,,63950.37500000,64015.60000000,73.58500000,YES,1,0.0505
1783719600,260,0x9e1091d12918441da98f503f8aa5fa5785c9dac4840546d7d59a9055ed1ad845,NO,0x92af387c8b2d1a17b24eeced4ed34de0d7e8d49c21454941bd87714a2daa8416,0.98,5.10,5.1,5,240,0.05,63979.45,Matched,,64013.04503004,63995.24912104,-33.59503004,NO,1,0.102
1783719900,261,0x0e56e6ced4de0200fc93ab56bf9a29f24f59594306b6c8dcc6db18efae25c1d2,NO,0xaf886e007f1b3bab419f5a23fbc0f9c2a91c15de09e90301fa5a8341fb888caf,0.96,5.21,5.21,5,240,-0.02,63963.92,Matched,,63995.16000000,63951.16000000,-31.24000000,NO,1,0.2084
1783720200,262,0x5c567ece4bd0b6de1cdc46a29b415371f643faa14f8636a660a0935f696bcc51,YES,0xf99b6689582cc832f37cb7c716035fedf15a72326d608cfcb586da6d5614870b,0.99,5.05,5.05,5,265,0.43,63968.1,Matched,,63951.16000000,63967.98500000,16.94000000,YES,1,0.0505
1783721100,265,0x7736614d4c044b402b83f820a490ed94c53f362bfc405842f300c5c538ba1235,YES,0x4ed676be1b07670d4b9946a6ae14b1144f5ab43d0af6cdf20d2a68a0215843eb,0.97,5.15,5.15,5,240,0.03,63978.58,Matched,,63942.65127611,63989.98500001,35.92872389,YES,1,0.1545
1783721400,266,0x8e1259ffde0a335f0b46d49ab988ef4e5facde02baf8ffa149dbd5dd28833c1b,YES,0x111e643d4e605648e7cae9800c7f367f492fd7fb1b24d7756f1ada22c3b4c4b8,0.96,5.21,5.21,5,269,0.05,64014.6,Matched,,63989.98499999,64001.70250000,24.61500001,YES,1,0.2084
1783722300,269,0x491b867b4b8a589fbeaaa8b85f081fa216c1386fdf16f6630728a7bbe1ef7e01,YES,0xe7d080d529df496f605a5be2e15a15fc72850b40c5ae58c150d24eed4fa7aaab,0.99,5.05,5.05,5,240,0.01,64089.6950,Matched,,64022.94000000,64087.23461842,66.75500000,YES,1,0.0505
1783724100,275,0x2d3510c20a84e9bf9cfc15c2f765b1c13368fd62e3fdab7d4af9e599cb2a08e7,NO,0x093f26d4cc67d7c5e8efcb1d03b78699da153151b9023b27131c46809ba0fcb9,0.96,5.21,5.21,5,276,0.12,64068.6,Matched,,64092.61000000,64068.74916469,-24.01000000,NO,1,0.2084
1783724400,276,0x451fe7d3ee44fac90e06bf285a977592a92da5775a261be4000b35fe71f74e8b,NO,0x337f4b50dc3e9701841ce77a63a2e215a2c849962dcd4df1d7b148b0124446ee,0.99,5.05,5.05,5,240,0.00,63988.83,Matched,,64068.59395374,63988.15940822,-79.76395374,NO,1,0.0505
1783725000,278,0x727d83e07797163228a7f2b050d854e7cc7941e4adbd050164bba245770484f1,YES,0x45df5594f79bdec279fbe7467f0137f3c7e49ed7dc23608755684c8df25e2aa9,0.97,5.15,5.15,5,240,0.03,64043.3,Matched,,64005.59384282,64076.40296165,37.70615718,YES,1,0.1545
1783725300,279,0x0158710bb63f84eada6007ba9cb4792775cd18ce13ebbee049593655a41be174,YES,0xa3af7f3dd4c28e6616dff3bbadae6ebcbd3dba4bf70729c7582ba44702421d63,0.96,5.21,5.21,5,241,0.06,64125.78,Matched,,64076.95112685,64078.05500001,48.82887315,YES,1,0.2084
1783725600,280,0xd6f295cbaa00942dc71b4c306eb972456c75484cd0c263d10df4f93f69e33be8,YES,0x247e76f006e37beaca2d1b57bb2d81a05a994b82e8db94db327cd2473c814056,0.96,5.21,5.21,5,262,0.36,64101.0150,Matched,,64078.05249999,64120.24925324,22.96250001,YES,1,0.2084
1783725900,281,0x029b98fe92390bf322f1c2f6e39816d0e2bd2b54c76cefb5307a40881f934d35,YES,0x7817780349ce1b7bda9f05019d0884817898450ddc9f59f7439fe397b591f8cc,0.96,5.21,5.21,5,282,0.07,64153.39,Matched,,64120.45549570,64150.44260855,32.93450430,YES,1,0.2084
1783726800,284,0x3c96c66c398d5a52818c7372652bcce98f7499edece2818ecbc9964c4bed01f6,NO,0xb6a9b107447f2d3990e86cd518667ae09f0b68a13378740a17be5f28fac1abd8,0.96,5.21,5.21,5,259,0.06,64125.88,Matched,,64165.93500000,64164.85500001,-40.05500000,NO,1,0.2084
1783727100,285,0xeabd57297c0d9110255d7782d992b6283f2ff66a0ab9480f5fbb68448e5c70b6,NO,0x30a3ecdf31ff5d47dd5866c9187afd65da661a587cee412cf00ea40efc299d10,0.99,5.05,5.05,5,240,0.01,64109.32,Matched,,64164.86000000,64090.26746822,-55.54000000,NO,1,0.0505
1783728000,0,0x890f60e652f352f5de21a61f222339dbbe31954c3c1822dfc083211afb173d49,NO,0x3e8d92481a2f78f35968697322f6792a52e7ecaa912efaeb255626e2458a870b,0.99,5.05,5.05,5,240,0.01,64055.7050,Matched,,64120.35379125,64059.87391234,-64.64879125,NO,1,0.0505
1783728600,2,0xbf9a048d8e5bcbf78d1fe6582ee61010d1a7b3e447c20c8012051809c37b8289,NO,0x7cb5d8652b0eb4e11732a020e1a90aad84c9b1fc930e87acbb13f9fbd0dd7ac7,0.96,5.21,5.21,5,244,0.19,64035.20,Matched,,64057.77242577,64029.98250000,-22.57242577,NO,1,0.2084
1783728900,3,0x3a68728d725524b2aa09427ed9420771f2524cbe4ba57c6f791d5492d2812692,NO,0x90e6a6949d0f1c790bda64d415f624c8823977b14249388d105e0f0f67b1fb3d,0.96,5.21,5.21,5,262,0.15,64009.98,Live,,64029.98250000,64005.79336010,-20.00250000,NO,1,0.2084
1783729200,4,0x13ee27b8c1e2222a11d4891ab857db3df56be2632d29195510c72553f74c03f3,YES,0x61624d064e945d5d25dc61f13059e9f1f5c750f39788ae950ff59ccf42c84204,0.96,5.21,5,5,286,0.07,64043.0050,Matched,,64006.01349963,64053.83500000,36.99150037,YES,1,0.20
1783730400,8,0xcc73fac3931c46cea584435204a8806637dc1811d4bb0152fb996e944cc65f73,YES,0xdce8a893b30523572c4e5761edf48bf4d11a87b72c4f780a7e172a48813c6f10,0.96,5.21,5.21,5,244,0.04,64081.84,Matched,,64018.57410999,64103.16699734,63.26589001,YES,1,0.2084
1783730700,9,0x3f9956d0dcce404ee41e0c6b5f134ef7e0182422c3b87a38ce78e517265e3b1b,NO,0x1712f328e0e82b1baa9e57e0e520767acd141cfef4ad02e1d6cd7d2ec3b8e629,0.98,5.10,5.1,5,272,0.07,64055.9050,Matched,,64103.36725129,64048.01503007,-47.46225129,NO,1,0.102
1783731000,10,0x747f698de6b52d9f37519babb1ce47474b86cec39fd660aa9660fbfe621c5f17,YES,0x0fa54fdc325534ec4c167af89f126201a0d78332b0c2005534e1f0669582e108,0.96,5.21,4.79,5,240,0.00,64090.27,Matched,,64048.45500000,64092.84131519,41.81500000,YES,1,0.1916
1783732500,15,0x3483853a2f32f5a7f196e49ae20d2b0a2fd8470a039835381a9484a362dea8f9,YES,0xd4438f5077519ca352877f980d6ff73bc6949422c328eed4d40ecd7b8f0db8e1,0.97,5.15,5.15,5,240,-0.01,64146.7350,Matched,,64096.46626785,64138.13290739,50.26873215,YES,1,0.1545
1783732800,16,0x78788c202d1a8a65f64160df15d9a70e95fde987a8af5025d11c7f0f99777a04,YES,0xdc748e50d392e4840335997fc19480f923b17eb18e403309529f89075d98d64e,0.99,5.05,5.05,5,265,0,64210,Matched,,64138.39447125,64173.82109382,71.60552875,YES,1,0.0505
1783733100,17,0x8fea64e71b6dabad7ffa4ba43c1b4a4111487d16566e773996b51e77ef13eea3,YES,0xff9d9b3ac84102999ac043e76269e9f18afff62ea9966f804bddadd3cba670e9,0.96,5.21,5.21,5,273,0.19,64192.42,Matched,,64173.63831718,64186.62902471,18.78168282,YES,1,0.2084
1783734300,21,0x84caaf809061c6b3a3825499946fc6943e7c0098b055fa3366adeb5dbcd672b8,YES,0xf098564a1a87d4a85251e6a5d44a46acffe512104aeddbee7fa324b3399231b4,0.99,5.05,5.05,5,240,0.00,64064.97,Matched,,64017.50839828,64045.07500001,47.46160172,YES,1,0.0505
1783734900,23,0x8a0d70b619e32ff685a96237a46ed40dc76f05158b3642c56ccd96c188c2b72b,NO,0x78c4103db8ecb22f68b3683154a9d11314d115838405db29fba326792d4794d5,0.98,5.10,5.1,5,240,-0.02,63973.69,Live,,64042.56066467,63972.93819076,-68.87066467,NO,1,0.102
1783735200,24,0xf0c13ea89c73fc9c0fa286586957c12465f5a48ac0b25c47f110e0969976bdd9,YES,0x224ae9b53e350d5270be42aa950edfd6d36a99b1b15a7124220a1b28999e2b55,0.96,5.21,5.21,5,255,0.07,63995.8150,Matched,,63972.50500000,64000.88248679,23.31000000,YES,1,0.2084
1783735800,26,0xdc538984cca54e42769f2d84a27e116e48e903fd4f6651fdf51f2ae5e8712dad,NO,0x485ae1bd9f4ace7e70fd014796a8e099454b06b40f6c61ab55f1213c822ce40e,0.96,5.21,5.21,5,266,0.01,63965.91,Matched,,64008.19359521,63965.46500000,-42.28359521,NO,1,0.2084
1783736100,27,0x21cee00c983c451c13acda1132913a6e5b5800d62504f165bacb608d4326d3da,YES,0x7dbc6c48d00739dcc4748d106743f4c58b50de582e516dd047d35911e11079b4,0.98,5.10,5.1,5,240,0.01,64016.7950,Live,,63965.46503002,64018.55274776,51.32996998,YES,1,0.102
1783736400,28,0xe39b667bfcd612695566c9a6aeb9f9125c70ce9761f870e9acf3263af9be58f0,NO,0xec9019895f8fe6aa527a6bffe67cb632a91322548b8ab0b56415cf2e4baea2f6,0.96,5.21,5.21,5,266,0.02,63981.67,Matched,,64016.35348773,63965.83500001,-34.68348773,NO,1,0.2084
1783736700,29,0xc250870ff5a980304974053d55d1d0227330a1e099cd19af0cc44927baad650a,YES,0x28d5ebd6989ef152cc1ba31b26234b32fd05cf8a6b15b2e9d84b4e9f606d360c,0.98,5.10,5.1,5,246,-0.02,63994.49,Matched,,63965.84000000,63993.00000000,28.65000000,YES,1,0.102
1783737000,30,0x817a9439681669ab83961bcb7d55d96d2bf5a4f6bd32bd880d3bcf96e7216abb,YES,0x4088d878f71c8b9d2bbd6cfa44d2b22c9067fba8c2d7df135106ff8d5a6273d2,0.96,5.21,5.21,5,241,0.06,64021.20,Live,,63993.00000000,64024.70998952,28.20000000,YES,1,0.2084
1783737300,31,0xb03fc746a871571fc0287a187b819ec820219ad8744e49e4397eb1ce3b134493,YES,0x3a56949e180f7bcf8d583041c89a82d6a71153cd9c677e4bb1d69aef626b1ee3,0.99,5.05,5.05,5,266,0.07,64061.46,Matched,,64023.85145513,64055.44500000,37.60854487,YES,1,0.0505
1783737600,32,0x83b44904800a7e8ffe929036751d75eb05d5e2d0ad937e7582ca1efc98b731b8,YES,0x65ad56dbcc6e6319efff8b0ef883f66cafee6963ed1da490fc18211160478e33,0.97,5.15,5.15,5,240,0.04,64103.8350,Matched,,64055.44499999,64101.68016155,48.39000001,YES,1,0.1545
1783738500,35,0x5f882aa7d6f656a862de5bb91ebd968c534c7f287be6265ee9e0410f04227a61,YES,0x6cd32920e0c4647550f57f80f89ce35bb015a2e9f6ab8fe6fc98d44c5c4cb92e,0.96,5.21,5.21,5,289,0.06,64119.26,Matched,,64091.67842563,64115.51569754,27.58157437,YES,1,0.2084
1783738800,36,0x8b51d2e50f0aa9cf9733a42fc5e4a307dc2100214cb73b9bef369ee0bd1248c1,NO,0x59d35a9c04b8eddca888719204231acaa653f96cae3a13730ef2252ee934858f,0.96,5.21,5.21,5,261,0.03,64095.88,Matched,,64114.53000000,64079.12500000,-18.65000000,NO,1,0.2084
1783739100,37,0x3ece9cd3fe23d68d213b44bcb1a3743c8bfc64fc6ba23db7dc86acb40cc22f9d,YES,0xade8bc31ca39b59d4396fc4e9a193088dd6b7c660bbb6b2b23744a0b1f556d0c,0.98,5.10,5.1,5,240,0.01,64121.21,Matched,,64079.12750000,64124.36503001,42.08250000,YES,1,0.102
1783739400,38,0xf94a0401d9befeb6e590630767bdc5d118884924538d53f95c602611723c849a,YES,0xe89165c7f873950528dd581e8b938408f447020cabd8b0693dfc1e7156ee9e47,0.99,5.05,5.05,5,275,0.08,64141.53,Matched,,64124.36503001,64143.42000000,17.16496999,YES,1,0.0505
1783739700,39,0x85e13897ff09e923d710622af9d1bc949733a7312b5076b69e438804688f66f0,NO,0xe6b4d13abb0560bc35bc3cf5a9e74ea9ad4cdd49d785fbf7f3d8bd4462668964,0.99,5.05,5.05,5,261,0,64080.43,Matched,,64143.26411038,64144.47227034,-62.83411038,YES,0,-4.9995
1783740000,40,0xa5cf18185d26f33c31b2b513ea80e14ba78c781a6973c42b97d903d997e882fd,NO,0xc19fa5cfd4f6e380204c4e21d94b0300aa6ef317b045c2129730b6c38d81a28f,0.96,5.21,5.21,5,246,0.14,64123.6850,Matched,,64145.05789908,64107.95500001,-21.37289908,NO,1,0.2084
1783740300,41,0xbddb30a65fece9e3e67e43ead3c9ae5d59fc3c1ef57a5b0bf4bf97ba26249ad9,NO,0xd2c9b7e87226a7bf4e22a22a8b9f184a105e9219a91690d2539cd365fde53593,0.97,5.15,5.15,5,240,0.01,64078.56,Matched,,64107.95500000,64077.80000000,-29.39500000,NO,1,0.1545
1783740600,42,0x6e67af3940a6c3197b5b666de044c97bd3b70d8a52a627489bea5031586b8418,YES,0x3c88916ac6d0b2b64717f8e87d32529e703b0fa8cff088cb774669a298c47f40,0.96,5.21,5.21,5,257,0.06,64099.94,Matched,,64077.09187742,64096.72132519,22.84812258,YES,1,0.2084
1783740900,43,0x7b4c0b24d4e2ee00787397dc64f0d0542c0b0d8349f06dcf1413556f0955d862,YES,0x9e989de091bc92701e8b6941b7a24868427822b0e9bdf27d4c7f89cbde28629a,0.98,5.10,5.1,5,240,0.02,64134.48,Matched,,64096.06626533,64134.43648523,38.41373467,YES,1,0.102
1783741200,44,0x109993a15b13a440870374f58d8d4afa77e8b833d3539bf737fe0758dac6a4b0,NO,0xa647f2a86f74ff21ba6d674a53fb6427ec5cc355abc23c689265eb3d703fcccc,0.97,5.15,5.15,5,246,0.03,64117.79,Matched,,64133.94315255,64119.17003722,-16.15315255,NO,1,0.1545
1783742100,47,0xeb4855f37767d15cf5855e34fe7fb4ad6535c41a199fd945752bdb94608fd3c0,NO,0xa0c756b4b75d5958eecdcfe82faeb2871f4e25ae80efce93a915f56db26924b9,0.97,5.15,5.15,5,242,0.07,64116.01,Matched,,64136.42239151,64107.68503007,-20.41239151,NO,1,0.1545
1783742400,48,0xd8d9f27c5e9790876762261fe4e25b4b0fa328793f9dbc40ce53292dfe071b04,NO,0xfb0f5a9e822db8cc1b5e5c549c456f01daec7ea3fdf6a63a568db609b6aad8ec,0.98,5.10,5.1,5,240,0.01,64082.61,Matched,,64110.37998544,64083.13905035,-27.76998544,NO,1,0.102
1783742700,49,0x256faa11d364ea84aa3151f7828152070091eff3af913ebfb14a6b9c9616bcbc,NO,0x55a8be36df3503d88ad984af73e9ef26783e9ed1cd53532452440adc7d423185,0.96,5.21,5.21,5,240,-0.02,64060.5450,Matched,,64083.82989516,64048.90171952,-23.28489516,NO,1,0.2084
1783743000,50,0x7340c8d178d8f2a3c2a6c19067a7d768ff9a5c3b31c3d0f52de6be89380b9e36,YES,0x64ddabb673ba3db7f8cbd99ebec59f7201f39fbeda53c90b248f75d56402a3aa,0.97,5.15,5.15,5,240,0.00,64070.00,Matched,,64048.24881340,64077.04368495,21.75118660,YES,1,0.1545
1783743300,51,0x42234c754794f1c1deda16f4b9481c14d73bd6bc86f1464ff0fcc7454ac29b28,NO,0x35e175b49cefc32f98a97296720edce07d59b99dd996ae21ea8aed8222b9d2cf,0.97,5.15,5.15,5,240,-0.01,64050.32,Live,,64077.57339155,64085.09907534,-27.25339155,YES,0,-4.9955
1783743600,52,0x84d1aa55f3941c9cc1c1dbe19a7e349a33cac6f5ed69db993f8828f406ffb271,YES,0x6488e10359fc89047be734a8b3a3ad916179f61aea7a1ba095e218dd288b7d21,0.96,5.21,5.21,5,250,0.08,64117.63,Matched,,64089.83275364,64115.16148001,27.79724636,YES,1,0.2084
1783743900,53,0xb0ea6223220e99e74717c6620b52a1246b599acb20c96aecd48b6dc90dd4c2f5,NO,0x30f39b3f7d146f1c585a007ceae4cc7ee95b3e8a97ee2c45952219756d968a53,0.96,5.21,5.21,5,254,0.00,64094.41,Matched,,64113.39578235,64096.76000000,-18.98578235,NO,1,0.2084
1783744200,54,0xca74174dd0367e6eec566dba5650b38c071ab1d2b3dce44cddd4e4308fcafe1d,YES,0xdeaecc22b6096f355d0d0e5bae2d58f699635f9d1a5f4811045bd795fafb4976,0.99,5.05,5.05,5,240,0.01,64139.9650,Matched,,64095.93112841,64134.94000000,44.03387159,YES,1,0.0505
1783744500,55,0xd2796df48eb62f99addc0d45875e2d7970ded0e1a8309ea2464eca45039b31ca,YES,0x55cc70c3ecebbf67664fdead1e23fb784c93c505212373c53d2a256782f06a41,0.97,5.15,5.15,5,240,0.01,64162.1450,Matched,,64135.08013317,64156.13747617,27.06486683,YES,1,0.1545
1783744800,56,0x23240e9f4b930f5b45bd3d7270f355e06d6983075ee867b5a8d533542eb3c9c7,NO,0xec10223f71130da942df9cfe47fa368bd9c5d262f1df83b6989db95aa0547472,0.99,5.05,5.05,5,240,0.02,64113.83,Matched,,64156.42034271,64110.86016982,-42.59034271,NO,1,0.0505
1783745100,57,0x56d461022aa7a7eb5f6419bbc25ca9a219e5af4bcb9751a98c23d9fa8e6758fd,YES,0xb7851c080f8c8fa44016fc05dec3ccc4e2bbffb7d08d1219e8fb6bd317e197bc,0.96,5.21,5.21,5,251,0.09,64127.50,Matched,,64110.63000000,64124.54251502,16.87000000,YES,1,0.2084
1783745400,58,0xefc28425d15bb4790de75d545ece09ea53c7bf943c4c25d6baa4ba04a2ab7116,NO,0x596ac351d302b84d0387125058ad483ee2531a9e9c5d8830953d25e9d15352de,0.96,5.21,5.21,5,259,0.01,64078.8450,Matched,,64123.40579748,64077.78153276,-44.56079748,NO,1,0.2084
1783745700,59,0x3888ca85cea24cf6b929d109ba2521f3b4e115be1fc73b3595fab0ad629ed48e,YES,0x40e1ce7aafa1c38875a3d5bb975fa05c70455d8bfce74f12288b896cc52c2bba,0.96,5.21,4.58,5,267,0.01,64095.26,Matched,,64078.58503001,64104.97500001,16.67496999,YES,1,0.1832
1783746900,63,0xcd438a2dca8f8ef5fe6f6954fb3c6f7799b875c12b37916836d7ee7d46c24ccc,NO,0xb541982c751d8ba780be17783084d441e924ecdeac8a8f1c09a7186a97748724,0.97,5.15,5.15,5,258,0.34,64099.55,Matched,,64118.26789279,64096.33000000,-18.71789279,NO,1,0.1545
1783747200,64,0xd9eff4db152070b1c226b39e5a0532db1cf71f4aa673fa78748c3f841edfa419,YES,0x4b0bc5be5d164bd5a7b187fefcd701416afd4ebf0ee581b308d8f37d315b6e94,0.96,5.21,5.21,5,253,0.02,64144.1350,Matched,,64096.33000000,64143.54668554,47.80500000,YES,1,0.2084
1783748700,69,0x7e902d30eaa9b2eceb23d9abff3f2d18e698086f78b7575b46b454fa6e81ca68,NO,0xf68bd8f53e4bc05d49c8c11077551a4aede6c7e3e0d5aef8e0915e2b1cba0922,0.97,5.15,5.15,5,240,0.01,64117.9050,Matched,,64141.24580854,64099.00000000,-23.34080854,NO,1,0.1545
1783749000,70,0xc153264ae9b595b6253502802b82b979e99ecf332b598984dbd81858b78951e2,YES,0x0fddc090d71d8ff15f7515824b66e76877f97ec25ef5d2916a687ff6898df07d,0.96,5.21,5.21,5,262,0.05,64116.68,Matched,,64099.00537554,64119.65638004,17.67462446,YES,1,0.2084
1783749600,72,0x91f00aa9f795595691f272c948e0dc834520a1f4d0c2a0f3c49e8027c62c6c66,NO,0xdf037eded4f654bf346fd1edc7abacfb92e1a6f9ef0167e06f5fb7bd28e0ba68,0.96,5.21,5.21,5,260,0.02,64097.7,Matched,,64123.39319444,64100.14614090,-25.69319444,NO,1,0.2084
1783749900,73,0xb4d35290d26e8d5c9e439ac961fb1a8b056f28c3990e8d9f440b1a7e1a2ce8ff,YES,0xf89ac59ea9994d9a2e8f0757855ba435dcd219bb859ee9abd2581825b9890eac,0.98,5.10,5.1,5,240,0.01,64136.32,Matched,,64100.20889402,64131.78473432,36.11110598,YES,1,0.102
1783750500,75,0xe18caa3ac5b93a3c165c41e521bab88f56871c9086cc8a63d718a3c8fbcd6623,YES,0xa215f80eee50f08398039e4f81bd94544e848bae78e1deff51ff338ac8e4a771,0.97,5.15,5.15,5,240,0.03,64160.2050,Matched,,64128.71886242,64165.57712424,31.48613758,YES,1,0.1545
1783750800,76,0x6fc40ba61c6e48fc9e5a8dc38bc560ee58237581b70c19db374b736a3ca0a1a5,YES,0x74a40f45de6629ad89b96bc82f3b425a3f379fd481c8e9f24044976e53edd05c,0.99,5.05,5.05,5,255,0,64214.98,Matched,,64165.41777106,64206.49794419,49.56222894,YES,1,0.0505
1783751100,77,0x91ad89e101e95912ddc96942fa27bc4fc5125f8cc5a2e590373a16200bdc406f,NO,0x332b4f70ba05a7b01245d02b4ba6c5c5975e85a37ac2cc910a7c9d794f922eb1,0.96,5.21,5.21,5,255,0.01,64178,Matched,,64204.49000000,64177.51237122,-26.49000000,NO,1,0.2084
1783751400,78,0x38aa7f144d473cb6dc0a2452f8ec2bcf4e5918381d405c45beef6205cb2f969f,YES,0xe34bb41bc8452e2d6bffb2ab8931356d75715cfda0273bc26c3b1a07c6933f33,0.96,5.21,5.21,5,258,0.46,64214.5350,Matched,,64178.00499632,64213.22370041,36.53000368,YES,1,0.2084
1783751700,79,0x59d3d8c45d601ce30b18f34d32941657a96273896874591bb0b84b11232fe8c9,NO,0x13a814d42a1d4d8bc46f46f8c49fa56fc376c28a90c34388d5ef7a29aa8c9577,0.96,5.21,5.21,5,240,0.01,64191.44,Matched,,64213.22370039,64170.12323686,-21.78370039,NO,1,0.2084
1783755300,91,0x1234aaa33eefb3c0d6566d2e924f6892c9227be91577a478c5798dfed4f8ee76,YES,0x5758e19a16230063146d5375926c21ca93e81d9cc701920943538331bec6947d,0.96,5.21,5.21,5,257,0.02,64165.6750,Matched,,64144.41499999,64165.30000000,21.26000001,YES,1,0.2084
1783755600,92,0x2d0965cd1e7e8e2c7f2e63e08f5a9b48acf13fe9dd39afae925de6104d436c90,NO,0xf7acd13934ba832a44af2735e65a5302859fb3fe1a74c2ee586d5135feeee65e,0.96,5.21,5.21,5,249,0.06,64133.24,Matched,,64165.07559249,64131.16244920,-31.83559249,NO,1,0.2084
1783756200,94,0xe9d1ac85086ea4dfc9ed58485bd4e9d75fd0de5858ca4c4d6d316359a85ee233,NO,0xcdf09bc25247ccc5feda49018cf9ad92005f8c010c877642174989b14bb51636,0.96,5.21,5.21,5,266,0.04,64109.7050,Matched,,64128.09502501,64104.04503009,-18.39002501,NO,1,0.2084
1783757100,97,0x8d4a2ae287baa62c97848d04a37aa86fed0892bec2aa59873ad5f0ff6a9fb493,YES,0x0d6b1c8be36e9ab9836f5f0b82018c7c78912a3f57b933a98228645247f2e6f0,0.96,5.21,5.21,5,243,0.04,64137.3750,Matched,,64114.94851829,64136.01936734,22.42648171,YES,1,0.2084
1783757400,98,0x8bf05d332325b3523431ae0ee2ac485a675e1eba05d8d77a7f241d07f52e7949,YES,0x57bc3c5f1789d6f069231c16c477ef0253690da34f9e8a13e0ab97756bddd18d,0.99,5.05,5.05,5,241,0,64201.12,Matched,,64136.06875737,64185.49368823,65.05124263,YES,1,0.0505
1783757700,99,0x1b13914620d7a45f83cbd0aa5aad4a3c8c0c285c8fbc9aaae2438b615b5c72e0,YES,0x849c7445f0e91780fd22396738ee255a2af4ae8559221aa484fc5df2bbb6015b,0.99,5.05,5.05,5,277,0.19,64199.48,Matched,,64183.25129707,64202.86231191,16.22870293,YES,1,0.0505
1783759200,104,0x4a22a28c85806d28043afc14b5e2da95aa4f8b34798e35d9cba51474c79d912b,YES,0x7957bea291fe0b573f2fbcb4e981f370507dfc3c6acd0843ad1bb0d8caabbbc2,0.97,5.15,5.15,5,240,0.00,64239.1850,Matched,,64204.27086614,64236.72125032,34.91413386,YES,1,0.1545
1783759500,105,0xd6b0317daa7cbca38a61fd71ef6a95076ccb82ac05e690dec6ec6287236d17dc,NO,0x024d4ad4f7ceb87626f9d9b56b6c8a918badfcc5353b11eee17c5eae09a93565,0.96,5.21,5.21,5,250,0.01,64215.77,Matched,,64235.84559349,64198.83978150,-20.07559349,NO,1,0.2084
1783760700,109,0xd6561248b847465543cb2e8d125771829345b71fc99d5efa5b3c4f9162559215,NO,0xf1eb5ffac988cc1ee1c4f631a2cf4207978eab87795d3e459cadea71a4995b9b,0.96,5.21,5.21,5,243,0.00,64209.5450,Matched,,64226.24107779,64209.93890654,-16.69607779,NO,1,0.2084
1783761000,110,0xc5cfab8e8eaa2a2a96e499f2743b5d6b4f4592aba05a546aa9e40f0b8fa9ad3e,NO,0x20cb3dfce7884b59147f81e7d2a3b66459716fb261da7a824a1cdd2eae48196b,0.96,5.21,5.21,5,240,0.01,64177.2850,Matched,,64209.93890654,64174.84868683,-32.65390654,NO,1,0.2084
1783761300,111,0x5927e266afc2f7e7032a484c1d241b802f73e03adaadfae4d97385a5c8ecb81d,YES,0x029edc201e7bd44bf5e63586c8e592551e75508260d958af5c3be9917ff83979,0.97,5.15,5.15,5,240,0.02,64201.23,Live,,64174.31068215,64192.96503001,26.91931785,YES,1,0.1545
1783761600,112,0x04c5b02661b7a9be41047a708ab8f8c44c87108cc43a2cb53dd17256320d4478,YES,0x6e1b291d18ab1ed608f7e47137156a5da209c4c82ce200deddadf6e5720096d1,0.96,5.21,5.21,5,253,0.12,64209.2,Matched,,64192.96251500,64206.98673943,16.23748500,YES,1,0.2084
1783762200,114,0xd481f488d3a112f8a3944a7ad19ac8fe8c16179e8365b466700017bf917f95c5,NO,0xf33f52799868f91c7a2e35ea6505c4aaa0208a70cb0ec6fa4637b696fbc9b825,0.96,5.21,0,5,249,0.02,64187.77,Live,,64220.80646570,64174.98178303,-33.03646570,NO,1,0
1783762500,115,0x8aae2e1bad135b2dee9fe002167336b59b575f9f667e024b5cd8c98c1fcc30c2,YES,0x494b992817153552a7c0706fe0f8ee71bb6ea80ad9f39becc427ac481aab74ab,0.98,5.10,5.1,5,240,0.00,64206.2650,Matched,,64174.20031502,64221.86250000,32.06468498,YES,1,0.102
1783762800,116,0x1927bba50a9bb54a0c53be7c01623f25cc6142d31ae723e8f6f24e6678abce58,NO,0xe8693f5ebb84706483e6211613da12d8bdb3364933040fd9885acb97fcedae84,0.99,5.05,5.05,5,249,0,64177.0950,Matched,,64221.72330298,64139.95557306,-44.62830298,NO,1,0.0505
1783763100,117,0xe3981e8ac501d693f0356a9551f5f39cd12835b40f07702f6f20bb2711a3dbeb,NO,0x8651578c113c6e3e36d7b7ad2c10ee090fd266f5e0a1cbdcf316975cc3e5e352,0.96,5.21,5.21,5,241,0.00,64114.83,Matched,,64137.35004463,64114.35171666,-22.52004463,NO,1,0.2084
1783764600,122,0x010e260f46293d60e255dce56ef0fd37d91e216515237e6ca4faa2b9fcf89be6,YES,0x8c45e3b40e82ce492067383dca773ac2e8d45686df3a9f53f34e03174a54c297,0.98,5.10,5.1,5,240,0.03,64132.47,Matched,,64110.88000000,64142.47250477,21.59000000,YES,1,0.102
1783764900,123,0x20af6dea7ace092a4fc8cfd453b8489e43722e38577df9cbc4c60ea0aaa53d32,NO,0xb301849b449bd17421e53d05c9f5b128a8ed7d401458c7cd9b7d1fe509dc075b,0.99,5.05,5.05,5,240,0.00,64099.9850,Matched,,64142.73000000,64094.91761553,-42.74500000,NO,1,0.0505
1783765200,124,0x9eeb90e003a9531e53fd834ed6eeef2c80b9ca0eaadfe6a6adba15fb9dc99c00,YES,0x9c9a0ce62a10e59bc97989aebc3c93fba11a8d8a2fc9db0c6b6393f59142fe55,0.96,5.21,5.21,5,253,-0.01,64112.27,Matched,,64094.99000000,64114.35106801,17.28000000,YES,1,0.2084
1783765800,126,0xeaf7f96705f7ed7b7b14c1b26216b747678ab48c4ab7005ffaba852ccaa17fbd,NO,0x45dc0c0dd15dab7845d735105ae76f68ac5b7de1da302715e04664cc5f3079df,0.99,5.05,5.05,5,240,0.01,64102.2950,Matched,,64126.94944396,64109.82606176,-24.65444396,NO,1,0.0505
1783766100,127,0xd03aaa34402cb472299e778cf74827237f33fde4f848657ffb1d38e8008d388f,NO,0xe59b774a878f4c5650d645b5a326276b29ba0a6ffdffce1707c440f53c68bdc7,0.96,5.21,5.21,5,241,0.00,64087.2250,Matched,,64109.71632990,64088.67979006,-22.49132990,NO,1,0.2084
1783766400,128,0xeb95dbb892161e5c05daba351ccd057edcb1aebc4701d1f0b6fe0d354fffe84f,YES,0xccc1801a362bee5c93c776eb157af650313e40ba8124665f493e8c943e296b06,0.96,5.21,5.21,5,253,0.04,64118.3650,Matched,,64087.93895042,64084.17107769,30.42604958,NO,0,-5.0016
1783766700,129,0x470d6ed4d10679d240652e84db9082e83529fe16646ea6add68e08790b594931,YES,0x73094428593953aba158927c69e0c29c8191bc522ae8c9cb4b0dcbb38faac8c1,0.99,5.05,5.05,5,240,-0.009,64120.19,Matched,,64084.47935759,64123.52251502,35.71064241,YES,1,0.0505
1783768500,135,0x943f96709b7ec4e38ccaa52cc93d2f6c89e2f0490e19ee6be2c77469107c1cc0,NO,0x663b4ba4b8885cae145551da823629ade6584ad1b0d97d1d11a1a7a11f0a3561,0.99,5.05,5.05,5,240,0.00,64117.36,Matched,,64155.79965255,64121.28397406,-38.43965255,NO,1,0.0505
1783770300,141,0xbce76c8a0437f122f263c400c790a4fc9f3be48658f98a35e1955b7baf17c70a,YES,0xa0243832f58e803534c7e53b18101a67b66ff834a84b408097779a58912d11df,0.97,5.15,5.15,5,253,0.00,64148.59,Matched,,64130.65254263,64142.93000000,17.93745737,YES,1,0.1545
1783770900,143,0xedb301330ca9b21b6d67503f0ec10954edb16615ac0b7501751ada510804f104,YES,0xafc1db7a8909174a84d5afd69fef024be85e5303dbbb5bee12833e6af49a6994,0.96,5.21,5.21,5,258,0.02,64150.45,Matched,,64133.35389956,64146.18023303,17.09610044,YES,1,0.2084
1783771800,146,0xd49c63cbbb9cdca2e58eeaa0185920d5a0efdb4ac702c825e90f8380fbefdf33,YES,0x1a132cd764555f91346d72690ab5f1618593223b10c0e7e41962f97dbc828c32,0.97,5.15,5.15,5,284,0.06,64170.3,Matched,,64149.88005389,64167.52527611,20.41994611,YES,1,0.1545
1783772100,147,0x91c4f30acd4f114a6effc8b6b106a93b49235fafeaf581823290bcb73b2d28a6,NO,0xa712e8bba098e3df0b2883a2ee000c9f5239bb9eb7a576f0691c81fa2519e05c,0.96,5.21,5.21,5,243,0.01,64150,Matched,,64167.54308332,64129.99000000,-17.54308332,NO,1,0.2084
1783772700,149,0x94d0c4778c7c8bca6e8e8fc4c012f47f7f4d6392552fc5a64f83678c5355feed,YES,0xe4a31cbad32990c0b44c892cb9a086a968b9940f6ebc5d3bb1a35ae41386fc50,0.98,5.10,5.1,5,271,0.01,64137.18,Matched,,64120.88499999,64123.75000000,16.29500001,YES,1,0.102
1783773000,150,0xae1f5c1f403999fdadd2b12365a1f802d484b1adc3e9e3e6036ce46149ffcd77,NO,0x08700d4e5b894da6ee466b310bd109ac1e15a3e9e5bb517eb9acdf1d9cb20f6e,0.98,5.10,5.1,5,240,0.01,64096.22,Matched,,64123.74500000,64090.56251501,-27.52500000,NO,1,0.102
1783773300,151,0x508bc7602d7da151b4be7f1e0fb7df56b634a935b5bdf4c52b7ea429df1f7957,YES,0xf6e57f81612ac327a79409bcf0238fdc786e48fec5d74989240436d6aea4c857,0.96,5.21,5.21,5,240,0.01,64107.17,Live,,64090.61496109,64088.42485473,16.55503891,NO,0,-5.0016
1783773900,153,0x549b35aff97357c2c59327da64b8c92797d397b5a51371661940a5fc621472e0,YES,0x17df0479bca69d8c1c4dacf0b27839708b5659f3563604c256dd09b1fedcfaa3,0.96,5.21,5.21,5,248,0.07,64111.06,Live,,64091.66959111,64113.67420603,19.39040889,YES,1,0.2084
1783775100,157,0x24eb24d518002f113576056d55797e09b38238f858bfc9fee51991b57d9c5153,YES,0xf280d941de47e98b1a89cb89a038e74b6c99cad8f4d91fe1d36bc1899fd7aee9,0.96,5.21,5.21,5,250,0.10,64159.7550,Matched,,64134.02408128,64138.52750000,25.73091872,YES,1,0.2084
1783776000,160,0x0bc0646de396b119a695186a204590726e4046b1bdca4595817789b699927907,YES,0xd7791f81e00b949107984762784359fa6e6b4b9cf149f58d2fbb0f2f3d497176,0.97,5.15,5.15,5,240,0.00,64162.350,Matched,,64133.96471249,64150.14072131,28.38528751,YES,1,0.1545
1783776600,162,0xab291525456556a843dfe5a245177ec7b81a203e7edb32cb86b9ee7241c00841,YES,0xf9af73b3196925d79307fc07fff3d48499389980c7713b3c68d82ab15fa49b22,0.97,5.15,5.15,5,240,0.09,64172.21,Matched,,64148.57250000,64176.99414566,23.63750000,YES,1,0.1545
1783777200,164,0xbecf62c2c484243923d4b0ebcbdbcc72bc64defb05f529a971604f2fb4253de0,YES,0xb08b4641169a224bd234d1dac916856e0e8f6ea3bd0e3e0445e5129a0cf7e975,0.97,5.15,5.15,5,241,0.02,64183.15,Matched,,64162.54001505,64193.56000000,20.60998495,YES,1,0.1545
1783777500,165,0x1d2279bf96de9946609467c58c774a290a2bf32f5b6d4c52010d65eaa5564ff9,YES,0x794420dfaa6d4ceb85aeadda8a19cb4ddbddb7710b2d3868cab843c517df386e,0.96,5.21,5.21,5,240,0.01,64216.91,Matched,,64193.56000000,64209.41750000,23.35000000,YES,1,0.2084
1783778100,167,0x0646e6b31e4693e60ef5885e6903d2f1d282b5a54a5eab010cb440152d9229af,NO,0xf39a5f010f6e8d05ca876465337897b2a541ecd8b36443e4e299909a3cc5d03c,0.97,5.15,5.15,5,240,0.02,64194.1,Matched,,64211.18000000,64191.27000000,-17.08000000,NO,1,0.1545
1783778400,168,0x7116af0e9ee4887618392b1a2f2c04a8c2ac08ea9fc1c471f24ec4d8a0b5e60f,YES,0x868f1525b9dba50600ae021658073e97d55347985e196e22d0f8608a461fba6d,0.96,5.21,5.21,5,240,0.00,64207.6150,Matched,,64191.27000000,64213.89784712,16.34500000,YES,1,0.2084
1783779300,171,0x575e0cc8d957f7b3e705b8298518e0759b60644a1b59229c6f498882c2626658,YES,0x76a9dfb71608eff30986e4e82a9856fe5b4843b8e434dd81dab40f15115af93d,0.96,5.21,5.21,5,245,0.02,64237.68,Matched,,64217.21500000,64246.59294978,20.46500000,YES,1,0.2084
1783779600,172,0x41623950bfac94e06447aea554d703c56e9484b1b674fae65d0fd68b27434e31,YES,0x82ee4e44fa23ad39f603f41e464232eac7e4f89fdecccac56981c7ed6d42d0e2,0.97,5.15,5.15,5,273,0.49,64306.98,Live,,64247.33045455,64309.62000000,59.64954545,YES,1,0.1545
1783779900,173,0x1331a032c62552e976e5ac5a821fbf56ae96949a17fb96eaefb3ef0c8f9dc630,YES,0x4b34ad53d42775da503eee09a17062be1db28ca411be36acc804956bba07b1b8,0.96,5.21,5.21,5,282,0.02,64325.98,Matched,,64309.17227092,64333.53250000,16.80772908,YES,1,0.2084
1783780200,174,0x8054e07946402f3fbf3a09fe312d8dff7a7461f179b3fe5710cd36a1fdea4576,YES,0x6b2162b9cc5200c28ba475ed7787f2840b3bfd87430f8ed40c6ed82e0f66b9d8,0.96,5.21,5.21,5,256,0.01,64362.99,Matched,,64333.53499999,64367.38741485,29.45500001,YES,1,0.2084
1783780500,175,0xcbeb96a760034c50c8d808688195b3036d2a68d0315214b2353c5e446ed72624,YES,0xa29d0cb381712551362c5fa8a2f946deb119af6ee685d9b0a8909c82aa290093,0.96,5.21,5.21,5,240,0.08,64409.5250,Matched,,64372.42750000,64430.50923632,37.09750000,YES,1,0.2084
1783781100,177,0x02147b0190fe6e4357d40ac1bf88ec6acec93d50630acd7345259c6f3deae4ad,NO,0xd0179637743d7438f3a4b248dc09d0e697febb3eb2642164985389b7e7d062cc,0.96,5.21,5.21,5,271,0.00,64351.21,Matched,,64370.75683677,64332.74312200,-19.54683677,NO,1,0.2084
1783781700,179,0x2cd6f506970412153c24e478898eceb50c706ff68b2e78ae1859deced11b7011,NO,0x080d0e69b3706d415d8d2adc60fdfe5c3230cfecf920b2c3710ce73d373a8932,0.96,5.21,5.21,5,250,0.02,64305.71,Matched,,64328.66994684,64301.07255525,-22.95994684,NO,1,0.2084
1783782000,180,0xb5014433a4ae2004d5a2c9dae0e8b06e118a10013c192e0a5ec3393d063f98ed,YES,0x35c66fb1b2c279543190e9f9013b825cddf4dd7a0a65ba8301ec51aa055d7446,0.97,5.15,1.02,5,240,0.01,64326.98,Matched,,64302.14610318,64333.49041636,24.83389682,YES,1,0.0306
1783782300,181,0xc4491d8127108bb8bf2f81a472b6ec2db2a9c98e3cb797a29d1d071e0e4c47dd,NO,0xa944c087bc027a1b4ed3f39639ddfa151e5e9a7b557e0ee9ba5798c23eb0ce66,0.97,5.15,5.15,5,240,0.05,64310.45,Matched,,64334.99000000,64327.52734460,-24.54000000,NO,1,0.1545
1783782900,183,0xe788312eb993dcefbf1c1a5aba466d2bac20fa26d79310ab3734f21e9ce8d946,NO,0x076ff72c293c2e757b340cfa617a8433daa09aa45b9c089d689e9833db630726,0.99,5.05,5.05,5,240,0.01,64376.9,Matched,,64412.77622923,64363.95795528,-35.87622923,NO,1,0.0505
1783783200,184,0x760d8d10f3e78ac857a06f366cb8ecc214535dc4d5bb91ae174b891e61d771af,YES,0x9dac83da50edee1c3de0e01774d26891bca4d47a6d9507c7d942dea73ee3338a,0.97,5.15,5.15,5,273,0.13,64380.25,Matched,,64362.96963447,64419.26500000,17.28036553,YES,1,0.1545
1783783500,185,0xf9d5873e28d457342bf04bd0b0d3970499681cbf17220bd2afc6498cb96930ba,NO,0x4d2ea8c2c6dc9278fcce0648b805f2d92185ccd8ffb1c58f8bc98db7b20cf4d1,0.98,5.10,5.1,5,240,0.00,64386.46,Matched,,64419.40906252,64378.69251500,-32.94906252,NO,1,0.102
1783783800,186,0x6c483733c2492a524904fda94837953d2462e493cf1ce62985d44d402e36d709,YES,0x923ed6b42fd7a2b1174912ece0266504ef08e7d9dd455b14f09d2b15d6e7e0c4,0.96,5.21,5.21,5,247,0.06,64403.91,Matched,,64378.69251500,64393.53000000,25.21748500,YES,1,0.2084
1783784400,188,0x50f9c36b48616f56dfa70c1b9fa765689a723861d04a0ba0f5782f3f49fa7702,NO,0x2ca185388532728a6335dfe93d778f63c520ead3a83c40d4635c73e6be338157,0.96,5.21,5.21,5,274,0.34,64036.9,Live,,64075.21500002,64044.72446545,-38.31500002,NO,1,0.2084
1783784700,189,0xa8c09c71eb46d8bcf9e97e44bb0eacea48663563d61f795f27084f71ba79caea,NO,0xc197432b722801912c99571284f49fd122dcc438650bf42613fe168fe4642882,0.98,5.10,5.1,5,240,0.01,63972.1,Matched,,64050.32232120,64041.46780753,-78.22232120,NO,1,0.102
1783785000,190,0x103899bc75ec7d638c1bea4ca24491290b574cb9d2d276ee736bd593bd5b8223,YES,0xa7b169e5c0e7fdf7a67f88878882e289135d8fa3374006881e1b32fe096f87ea,0.96,5.21,5.21,5,280,0.06,64070.21,Matched,,64037.92472725,64093.16251501,32.28527275,YES,1,0.2084
1783785300,191,0x737033b5ab566e4aa55e4b0f54264384fca3900fc56fb60bce72377a6103c948,YES,0x5cb37a85beb4a6bcc1453e497a7b561a008079e9e9902e449f1952a6f4a2c02e,0.96,5.21,5.21,5,274,0.04,64121.17,Matched,,64093.21249999,64125.13235685,27.95750001,YES,1,0.2084
1783785600,192,0x4a7d373a9897af9aeed2aee899dd534c644875a6c8105e7577a63a3ac5f439c2,NO,0xf2b9104b411da16263cbac4456355f394c9b7326772b07c93d77cfed6d173d32,0.96,5.21,5.21,5,259,0.03,64085.83,Matched,,64125.10724849,64091.24498582,-39.27724849,NO,1,0.2084
1783786200,194,0x9126de34e6ce6915bc27eee79e20207f5bed640807c1f251ff05a333238bc3f3,YES,0x1e16baa942e0df1926b0f5865d9bf110a328d84e63a34b31fa317c9ffee302d4,0.99,5.05,5.05,5,240,0.02,64115.48,Matched,,64064.35771406,64135.40330153,51.12228594,YES,1,0.0505
1783786500,195,0xb26ca124327b4056e4a577cfee78d0b7b98959b4fe81b090b9a52fe0cc8ae83e,YES,0x12761676679173b8e1ee8dab1ac72b729cf770cd5bdd290ce4ec90c95b7d2ba6,0.97,5.15,5.15,5,272,0.04,64152.82,Matched,,64135.98000000,64153.23753425,16.84000000,YES,1,0.1545
1783786800,196,0xd211bb02e1731334bde470050269b82a1408c1202daa31cc199f47ac88818860,YES,0xb45ee29f2ca623b1482025e7322406e267009a04b5156709311654b2c9d47a89,0.96,5.21,5.21,5,240,0.09,64173.47,Matched,,64153.46000000,64165.98250000,20.01000000,YES,1,0.2084
1783787400,198,0x00733570e83e2510469bc31e1ad0df08b91ba3bf22c22d85e7cee07b192f21a9,YES,0x3d107198f9d9603fe38767f63d21235b7a163a10b0274f5ef7de0e88ef0f4d5b,0.97,5.15,5.15,5,249,0.23,64191.4,Matched,,64169.69372149,64173.29000000,21.70627851,YES,1,0.1545
1783787700,199,0x946df07183f2564f609c2d0a6944db73573d3f0c8a9234ba26451b4dcc047a29,NO,0x93905acc19c3f3c4dd911292b16485f629833bc7bff606e7058186318595af54,0.99,5.05,5.05,5,240,0.01,64116.2050,Matched,,64172.37000000,64097.16712827,-56.16500000,NO,1,0.0505
1783788300,201,0x23ea96e0692fae529b6db5e3b9647ab0e5a9920728791e8c0c0571ef72be13d8,YES,0x02b167c48c2fa2c19c6d1d96a183240f524d10493cf7bd25ea90291592cad902,0.97,5.15,5.15,5,284,0.42,64111.31,Matched,,64094.82500002,64117.29811655,16.48499998,YES,1,0.1545
1783788600,202,0x1327ad8d9fea1153dfd242cb7f9468d32bd285f4a03dc9831e20a5e1f593f24f,NO,0x8c7cfcc5f398a10d817ad04fefbdf7f9a18be05d07d21aa5a566aa18a61ff458,0.98,5.10,5.1,5,240,0.01,64080.1,Matched,,64117.76250000,64077.41254353,-37.66250000,NO,1,0.102
1783789500,205,0x7b1d92d07ecf9bdb7b972c0d28afa40fb64d26644d0252fa079caa6467b92c79,YES,0x3fbb3794a6221a168287373915d58544c76ff2045dc0e7147c167f22416496cd,0.96,5.21,1.04,5,240,0.00,64173,Matched,,64141.57251501,64181.06587532,31.42748499,YES,1,0.0416
1783790100,207,0x1d6b591c0e43626deaad68a82db4ccd93db8d1dde99a2f59384ebb41083703b2,YES,0x141dbdafa90c1f415e2f31eb5f0a5dd2692df2bb14e50c4fc2f5195e9dfe97de,0.97,5.15,5.15,5,240,0.00,64200.7950,Matched,,64161.32750000,64192.36358884,39.46750000,YES,1,0.1545
1783790400,208,0xab9af3d495adc54f83f925770659a98d625b2478f7b87f4c4dd407887453f32d,NO,0x33a7024714b64786c42405e746a2ff87ee442f021ac45814dd1a637cac7cd4a9,0.96,5.21,5.21,5,240,0.01,64166.3950,Matched,,64192.36358884,64167.24251503,-25.96858884,NO,1,0.2084
1783791000,210,0xeba95f242260304a6e2285f8b94509142f5a4fddef307789802feec0c66cf58a,YES,0xf32a564a3cc0709a2d7ccc1527f81584d6059a24ae43ee5af034473efe940329,0.99,5.05,5.05,5,240,0.00,64319.9,Matched,,64253.49099739,64331.62000000,66.40900261,YES,1,0.0505
1783791300,211,0x8846922152297d5fe9f0a4d591eb263a64d35fd8a017a475f51fee15ef3a5966,NO,0x429d4f56593c3d733335f7b9ba66d8ff35c9c966fd064b0370f82288fbb6f671,0.96,5.21,5.21,5,282,0.07,64311.66,Matched,,64331.62750000,64309.15499998,-19.96750000,NO,1,0.2084
1783791900,213,0x2f30ee32e52630cb97bd669d4510b2ca775946cf9da2269c6744a7ba32fc456f,NO,0x8b2370548cb63f64d56f55fdb252fe6da6575b4d84ba0f6a3c5be0c9c5227b8e,0.96,5.21,5.21,5,251,0.02,64282.08,Matched,,64310.80327679,64286.91000000,-28.72327679,NO,1,0.2084
1783793700,219,0x52f74670a2fd701213eb0ce84473220d97449de5d06fff67b058413f31569bab,YES,0x9577b710751749f3c85f2dee0331beec1ab0d5cf5bc0ac6d66566003507b8b1a,0.99,5.05,5.05,5,240,0.04,64290.49,Matched,,64263.38249999,64310.56503002,27.10750001,YES,1,0.0505
1783794000,220,0xa3098a9684fb1db0d92a43fcb150b02b24b93eb47c9ead0247f6a067771abe15,YES,0x61c8b37ec20cfa25cc9eddc644797ad2605c49be5e041e3e6c1dadf96bbb6523,0.96,5.21,5.21,5,267,0.01,64326.67,Matched,,64310.60214617,64325.52679225,16.06785383,YES,1,0.2084
1783794300,221,0xfe5195d6a73ef3eef9d96a914fe4c3310f8b70ba0d0837ccfc0b4ce4a65b2e3d,NO,0xba7e41b3256c6f8fabf45345a5f7b543db63e85bf67ca5f6bf5dff996764e26f,0.96,5.21,5.21,5,240,0.02,64303.04,Matched,,64325.55232140,64297.33630075,-22.51232140,NO,1,0.2084
1783794900,223,0x0a487f985ac5442d31e4e18bbdab407ac9412749ef76d37fc2e1546a490142bf,NO,0x95c57007ef7bab5d0967f927fcadceaa7c5740339176a2682285992bc01a6222,0.96,5.21,5.21,5,240,0.01,64279.51,Matched,,64309.14500000,64279.72707255,-29.63500000,NO,1,0.2084
1783795200,224,0xd693478939da74d4701917ea1f8ba6469d73e627fd8ecd9ec160d1882cca640b,YES,0x2bb6f690d3e68f66f6d2f90df782540dd80532889588b4ed1fda2c4a4f6d1798,0.96,5.21,5.21,5,240,0.04,64303.04,Matched,,64279.94983514,64309.56758869,23.09016486,YES,1,0.2084
1783795500,225,0x168705d2cf3d5dc421a693a82bfeb24fb6ecb7eeeb0c344aaef09c57c7dd4e7c,NO,0x6b03075196047b4c37762a95a1170d3ffdfdf6e9df7808d470cdfea1d7acc681,0.97,5.15,5.15,5,240,0.01,64280.2,Matched,,64309.57244322,64282.45467747,-29.37244322,NO,1,0.1545
1783795800,226,0xa11d6e8ef5593b9f3833f3d253098d87a64b04161aba804444ed2eb465efb37c,NO,0x58b1092a43c50a71be4476df6278a21bf8818c4975e255624fb669ed5c192432,0.98,5.10,5.1,5,240,0.01,64249.98,Matched,,64282.92302988,64250.69674251,-32.94302988,NO,1,0.102
1783796100,227,0x206aa7f5dfc06a98f094611afaceccc350812677df7c690ed6969296c28d38c8,YES,0x288718488ea16c8595975159bd376e2f4429786d6b19d0d3b5f7d68c3aba77d3,0.97,5.15,5.15,5,240,-0.01,64281.92,Matched,,64251.84000104,64281.92500000,30.07999896,YES,1,0.1545
1783796400,228,0x7382691257ec98da11f1b695cc83747ef9c06916ae3d076cc406a56a5d73c60a,NO,0x092c04b3338583b6d91b2752c0d983a8f9145789be9e88f11bd966d6f9ef7145,0.97,5.15,5.15,5,240,0.00,64264.48,Matched,,64281.85750001,64264.97000000,-17.37750001,NO,1,0.1545
1783798500,235,0x41211e945a0262f61c9804fcd1eb95491362508788337a802cc065825c738a1f,YES,0xf72e670029330c4295df3644402ff23600564650e98ee3f30e6a807136dfc9a8,0.96,5.21,5.21,5,268,0.01,64227.7350,Matched,,64197.28916592,64214.58503003,30.44583408,YES,1,0.2084
1783798800,236,0xed35c738e3d42ef8329a16ca13ddaea4474d445866a8ec255a9d1ddcaccbbdee,YES,0xa2ab44a41629cfbf29c84f5d688c55c3a502bf044a87bfa0fdfe30633077cdc9,0.99,5.05,5.05,5,282,0.02,64238.37,Matched,,64217.46606028,64223.85436270,20.90393972,YES,1,0.0505
1783799400,238,0xf283cd4a67fda6444369ab2d620520c17d5069034c731344fbb08d7743e5aa60,YES,0x1393d202019368946d30bd722689bbe0166bf854f5c51ad1ffc1ac5f465dfaae,0.96,5.21,5.21,5,248,0.03,64237.64,Matched,,64220.35503007,64234.21951224,17.28496993,YES,1,0.2084
1783800000,240,0x2344476ef81f17d3738bbf4deeb09613245997f11edf937071d0543079ddde60,YES,0x0a7bbef1d5d3938a19a6bcf57cd66c238089c8c706e51642c602bf213f6ad61a,0.97,5.15,5.15,5,241,0.05,64267.84,Matched,,64242.74246182,64272.56250000,25.09753818,YES,1,0.1545
1783800900,243,0x4f6abfd3ebc9260f70dbff06ccfc4810866ca415ed28ff911916e69f266690fc,YES,0x17ae79de031743dc163c0d8542f94eb4abc0852f7afe7caed612b581556c5f2f,0.97,5.15,5.15,5,273,0.01,64301.9550,Live,,64285.40920779,64306.03184660,16.54579221,YES,1,0.1545
1783801500,245,0xc177478941024638ba79d1d99151034db18c79cd5acb9a4123dd77cce287079b,YES,0xfa13a0f753ce0595e9281a8cc1130e56ddaad74fc9f998cb73619bf2fc06e24a,0.97,5.15,5.15,5,273,0.01,64311.34,Matched,,64294.17503005,64306.72388906,17.16496995,YES,1,0.1545
1783802400,248,0xf775e532b6d1b4a59bbebd64a2c844387d2c71f6060e754e4c7f0566ae7adee6,YES,0xd76b81ee72c945a94f42a889e910e2d372a8895eea1d70e881d4bdbc5756d935,0.99,5.05,5.05,5,242,0.02,64365.13,Matched,,64320.04830652,64368.34503005,45.08169348,YES,1,0.0505
1783802700,249,0xb1da5454b30749fb982043fb066c9b6bfa7460034eff556f31b47dd7b7c91625,NO,0x9749496199de0dddce31907800a4716370b9064c4167cc4ce86a140256f982d9,0.97,5.15,5.15,5,253,-0.02,64351.40,Matched,,64368.34503005,64347.91503007,-16.94503005,NO,1,0.1545
1783803600,252,0x5d64edab5ac173c6dbf04ec9764927dcda40bd76424c206395b0272cc1cbaa37,YES,0x845f32b4f53c30a29fd40f4182d2df37bfa5ba1e548fa36dd121f3b1e0e59472,0.99,5.05,5.05,5,240,0.00,64381.29,Matched,,64337.30102558,64384.77751504,43.98897442,YES,1,0.0505
1783803900,253,0xba2e02168767d364186fa03d881f70c2e9587f7866ab6723e5d83b7a966daccb,NO,0x4c26d670bc9fe9c40f74ba7e0d583dbbf49fbe0dd1100156e908aa8b5276cfa6,0.96,5.21,5.21,5,269,0.02,64363.69,Matched,,64384.24751503,64360.13675793,-20.55751503,NO,1,0.2084
1783804200,254,0x2e6180ff891aad53581a0f700980bdc49313fccd6ee1061939c302f4860a08ba,NO,0x3435f11545bd03f7e6d26145a0177afdc7901c21c7e70b1648631887fccebb40,0.99,5.05,5.05,5,240,0.00,64321.98,Matched,,64360.37964296,64310.63071273,-38.39964296,NO,1,0.0505
1783804500,255,0xf7705d5e978db610943171190f09b5a22baebd2965abbe84c0964a6933659826,YES,0x1fb392aa64c2904088a09ddd029f24e0692145072a55c06e190ba7434c80b3a3,0.96,5.21,5.21,5,252,0.014,64335.17,Live,,64310.63071273,64338.66794919,24.53928727,YES,1,0.2084
1783805100,257,0xad27ee7475efb28ebf5a2db6c3eab7e2a7e023aa74a614891af2b51f3bda5736,NO,0x5e34fe5d52c99827e214bab3bd06d9ebee3ba18f3de23b54a80366df71c01ccb,0.97,5.15,5.15,5,263,0.00,64324.82,Matched,,64343.94901984,64324.77263497,-19.12901984,NO,1,0.1545
1783806300,261,0x3533f3bb8251d38ca12955224cd6bb94f8d21bda366ae7585d5ec7888eb897bd,YES,0xd07cae20782f86f180e55976b2c5c8ad240aca8d0d3a0d7dff21d5e928d86345,0.97,5.15,5.15,5,240,-0.01,64327.5,Matched,,64304.29251504,64319.66499998,23.20748496,YES,1,0.1545
1783808400,268,0xd42186c38d2911126b5d08a25468ba650c25e17f0a0f80eb38ceae2e69564478,NO,0x257524f9fe0d376a543ccb84b55c3571923cfafeb931da725dc9ffa6b1eff3ad,0.99,5.05,5.05,5,265,0.000,64265.51,Matched,,64314.90000000,64255.62810176,-49.39000000,NO,1,0.0505
1783808700,269,0xd1417c7b99351362283b5b49c52c963887cf5f210f25e827adf60f0299bcc226,NO,0x8fa12c3580bcad18b93396505f5f813a03ca7f59424ce61bbd38bc61bb9ec9ba,0.96,5.21,5.21,5,263,0.11,64228.6550,Matched,,64256.15834401,64206.73180504,-27.50334401,NO,1,0.2084
1783809000,270,0x92803c7bdd7ba5b31dc50a3c37fb5864058c51b088e6b399ccc423f72757079a,YES,0x5a51699480ffa1384fe5d92931b3386ee9666e4144c98e98ff5d3d5b6225d691,0.99,5.05,5.05,5,240,0.01,64254.46,Matched,,64207.75165685,64246.01706591,46.70834315,YES,1,0.0505
1783809300,271,0x0d6383c9e40db793c2347aba701132e714b1eb0e16a7774167ef1965d25f77a2,NO,0x0e9fa2a27c2dd189d721d7cd578059879423e09c2a3032263ba9b8b392e0a389,0.96,5.21,5.21,5,269,0.03,64224.2150,Live,,64242.02506649,64172.07750001,-17.81006649,NO,1,0.2084
1783809900,273,0xf5d50cfca80de395752fd4f03ac9aaaa00d3c75aa654e65b8596082d3e197149,NO,0xd3586f425e86455a35582c71f483f681a594b30b7d17ee5d39e2c97f1bd0b772,0.96,5.21,5.21,5,261,0.06,64138.87,Matched,,64174.78056406,64115.08660023,-35.91056406,NO,1,0.2084
1783810500,275,0x6ed9291fcb609e416637b228c9fa8d5f94a130dc86075be6032a16a594dd377a,YES,0x3d6680a081ba96919c0c20f76d1b9921354b9939fab530a182a4d9f52d8d4294,0.99,5.05,5.05,5,240,0.00,64167.46,Matched,,64119.36251503,64158.41892278,48.09748497,YES,1,0.0505
1783810800,276,0xe16e06044744434d03d1d14d05231d8415fb16648235a6e72a8314fe34f2cae3,YES,0xd0bdb621665fc77c29b71eca09ada6d7112a8314c7d9f82ee708fc281a32cc23,0.98,5.10,5.1,5,240,0.01,64190.88,Matched,,64159.20880199,64192.10750000,31.67119801,YES,1,0.102
1783811400,278,0x87eaf41f822a8b3c6cde712d2e20440ac7dc542768d3c1d6ed8432dbfa77241c,YES,0xa7e59986f505fcfc75945d16a6900efd1f884a23049d0ce8db161639377ae425,0.96,5.21,5.21,5,281,0.04,64097.8450,Matched,,64081.61852954,64096.45416798,16.22647046,YES,1,0.2084
1783811700,279,0x06431b9375517ccdfd95ee48e074f3e07a4684fc55f5ec81d5429a0536b008c6,YES,0xb21ee2df4e8284fd15f8a3522bd3bbe0e7c5434a94fadbd878deedbbc11944d7,0.96,5.21,5.21,5,278,0.16,64115.66,Matched,,64094.61500000,64113.85860542,21.04500000,YES,1,0.2084
1783813200,284,0x1dcddcd3b4ab07324aac2c8afabb2d5c2b6e3418f8afb0e9b4f306536f834db0,YES,0xd04a5452c6b3053bea23b7560f103ef8996c0a76f76ac18c61729f028914fa69,0.99,5.05,5.05,5,240,-0.01,63911,Matched,,63817.00595037,63912.27533552,93.99404963,YES,1,0.0505
1783813500,285,0xbed0064db36989bc7df6907b632a425f86ebf361a9fb4b966751dbba892480aa,YES,0x252ee4fba1f67656ee8cda5dc7a6345b18ccfd1233c91c2487b4712f602bc819,0.98,5.10,5.1,5,268,0.10,63953.6650,Matched,,63911.98183513,63971.90317685,41.68316487,YES,1,0.102
1783814100,287,0x979e31f20b1aca95f063b8ee20dd5c4d58ed6185818c5f7ce9d7f83e6d63848d,NO,0x11de05d3963148781d049b54d774c35911fd21ddf3c567fdc4e83c554e8b8d84,0.99,5.05,5.05,5,240,0.00,63784.67,Matched,,63851.08099509,63779.18000000,-66.41099509,NO,1,0.0505
1783814400,0,0x4c2b0d7b95c08878580a14702c64088329e3604ab8db58984d548ddf705157bb,YES,0x99088d63fcff628e1821692111a3f0d8f36543a603a9c2796c1bce854f7e131f,0.98,5.10,5.1,5,274,0.10,63827.4,Matched,,63778.76059466,63849.23251501,48.63940534,YES,1,0.102
1783815000,2,0xa1de36d93ce683d8704da222c7b793b344e94fd29a1e01bfaad1249d9be86450,YES,0x8e28bd7c2353c36cb86aa994911432e042d1522c95fa723a45604fec5bc8c862,0.96,5.21,5.21,5,240,-0.02,63824.01,Matched,,63749.75383931,63749.66766616,74.25616069,NO,0,-5.0016
1783815300,3,0xc9252ed57519195d912d7e1cba1ca6ea98b67c4d7ebcb3e318a3cff57021cf0f,YES,0xdb497982e2f9d5add46b65c62ce327bfe2ddd9bea9e133f7e42725fb875c2b08,0.99,5.05,5.05,5,266,0.13,63809.55,Live,,63747.74751500,63806.83750000,61.80248500,YES,1,0.0505
1783816500,7,0xb530d9974ca69b6fb998ad29819313149f06b1d4942a6cde6ef5185b2f524374,NO,0x34f00646d69f59cb695ee6ed4af2c13236ff54c88f4c7284d848b2ca5d42a4c9,0.96,5.21,5.21,5,268,0.32,63740.4,Matched,,63763.64249999,63707.28503003,-23.24249999,NO,1,0.2084
1783816800,8,0x47cdd191d66a981c875bf361a412e332c5494175640f12bc169794a0d571ddeb,YES,0x39083a90e319ddf1a764f9d8e49315735ac80abb0af771228d21fa54cfc2f000,0.96,5.21,5.21,5,273,0.10,63760.6,Matched,,63707.28000000,63751.82460057,53.32000000,YES,1,0.2084
1783817100,9,0x0ba2bdce98436b061fe1e6c323cf35bb89effb67d69ee293a56145d4510c3357,YES,0xe706e338cecefc87c98b78574459a372e5d66f84507a5b13fe149cd34862736a,0.96,5.21,5.21,5,263,0.24,63787.36,Matched,,63755.09446076,63740.47146382,32.26553924,NO,0,-5.0016
1783817400,10,0xc5dfd3373c746f9e36a7d3fa9bdde810ecdad240c8ad1d8de5edcee0f1b2987d,YES,0xac1b31d517d0d9a052ba3b11c78a4eb803be6c1d76fba913570f57398fe6a720,0.99,5.05,5.05,5,282,0.18,63787.37,Matched,,63740.47146382,63790.59339455,46.89853618,YES,1,0.0505
1783818000,12,0x30a1b431b2e6fdc513f63a875edaee9d589cca4c446f9479bfa8415fb3b9f0d5,YES,0xbb9320321c8dcf523b8405c75fa8cf6695fa8b9a0017cfba1bf78e44d3ef80dc,0.98,5.10,5.1,5,240,0.03,63866.2450,Matched,,63783.84000000,63857.72591111,82.40500000,YES,1,0.102
1783818300,13,0x0616e42b5617201e64c0b409138d1c4dcf930bb4f8eb0fae0e3732d8dade5f68,YES,0x6d6fe6b7d856a4a9ad649eaa33350fad4d8c02bb2b117fd49af9816fcc84133b,0.96,5.21,5.21,5,286,-0.04,63899.97,Live,,63857.20876456,63904.91025854,42.76123544,YES,1,0.2084
1783818600,14,0x7761dc8d57868ebe43d1f3a1b902522f5f6f2b4de44107d900d7d23741e6d9ee,NO,0xd8ed183d1d087ae4dac9128b96b46da9260b08eda979a602416210d577618664,0.96,5.21,5.21,5,275,0.01,63888.7750,Matched,,63904.91025862,63881.78461358,-16.13525862,NO,1,0.2084
1783818900,15,0xb8e35a8401b199a008c7fc998637481f23205cc5722b5484cbedc24c63245f6e,YES,0x5a37e831fae983f770c6d40f0ca9d2bb2ddffb839287c04c8f48d467f858590b,0.97,5.15,5.15,5,240,0.00,63918.32,Matched,,63878.36503003,63952.84173673,39.95496997,YES,1,0.1545
1783819200,16,0xc09c1ced720b6d410879c1d2db1f8926f326b73342d94e7e1fa8eefcae717d62,NO,0x2715c161e985c08cefe3a74e0725b8d1de8a4c7cd349c39f1d985affcb5d76e7,0.97,5.15,5.15,5,259,0.35,63936.7,Matched,,63952.71695455,63920.54249999,-16.01695455,NO,1,0.1545
1783819800,18,0xd8348555290b53509306420c289300e196db17ee6f5856a78e80d2d33de2f9fd,YES,0x5e6513c288600e780f64a156d8671817cf75e5db7402356feb0e08e8425db200,0.96,5.21,5.21,5,276,0.03,63959.77,Matched,,63906.81111393,63963.33604763,52.95888607,YES,1,0.2084
1783820100,19,0x0bb52d9d478fafd9e5d32ad51d55ecf5d0024a4de84e80025fd7abe55e36450e,YES,0x22342bfe9f11e4791cb4e32f3e608ec4730c035bc491ebefc0a78269811f846c,0.99,5.05,5.05,5,240,0.00,64024.96,Matched,,63963.29500000,64030.47000000,61.66500000,YES,1,0.0505
1783820400,20,0xcf26cd91809e43fd80a35ba109a4b771ea63a2dae401ad422c34bd52510c1d02,YES,0xe5458e7404414f1e7c970b5f151164f3c1fd165a101db96479a0ef241599c141,0.99,5.05,5.05,5,250,0,64125.62,Matched,,64030.31056274,64113.96182319,95.30943726,YES,1,0.0505
1783820700,21,0x0d27e8f168609a723f2f0e8058dcffb495b8cef18d5a0a3e6cb25cc3cd03fdba,NO,0x93b8627eb1cacba14da79d65b9d004a6e3a9f04a7235f044222c538a90a81a2f,0.98,5.10,5.1,5,240,0.00,64066.83,Matched,,64114.70499999,64082.72000000,-47.87499999,NO,1,0.102
1783821600,24,0x2b4713ba67ee13ea85c4534834bd8d2c10bfcd4d8291e8f29f6e6abe13052c5e,NO,0xb8400e1547b10d303d38a2a69e3894a10dc0d3f0eb0f438ac479a94c6c3cadb2,0.97,5.15,5.15,5,240,-0.01,64044.45,Matched,,64088.71324666,64030.84048715,-44.26324666,NO,1,0.1545
1783822800,28,0xf38f91fe94be5a039e2350b35607c8c6d4d7367fbd82a341d3c5d0d5e870fc51,YES,0xde9e399c5e70389bce08da794f0f840f85a7c9fe4c3dd428b8b7c031cba3674c,0.97,5.15,5.15,5,240,0.02,64082.0450,Matched,,64010.54489346,64086.63400392,71.50010654,YES,1,0.1545
1783823400,30,0xbc6c32e6906b0071594068a5dd4a6c75bec3504968ad5b6ba2f4a4be8b75c5de,NO,0x057638d45b331631f1e0e13cbd84c14d679bb165a43057a500bfe45f6ee22288,0.96,5.21,5.21,5,282,0.08,64054.48,Live,,64073.20871777,64057.56734474,-18.72871777,NO,1,0.2084
1783825500,37,0xa6258389d9fe9fa987e04af3665de46d857bed714d1cdb9ab1dc745e51db69f2,NO,0x77588e2e23eeda1a0fb815e8c36f74488e5a61eb09c58217ad80145531a104af,0.96,5.21,5.21,5,251,0.07,64017.24,Matched,,64040.67767498,64009.03612937,-23.43767498,NO,1,0.2084
1783826100,39,0x7c6cf466320cbace7abaa73290a660e752391e87273fefbc38c33a38c3104936,YES,0xf71c83b313bdf381bf94fb99bee8884ad4453913bddfcc8000a5b33f8e5bd44f,0.96,5.21,5.21,5,264,0.06,64076.8950,Matched,,64056.58306274,64079.11500000,20.31193726,YES,1,0.2084
1783827300,43,0xc526156391f189de13ccd9811f009bcf0b3c9d5d999d16dbe71288c91099db0b,NO,0xd71516f50df89503f6c4004e468d1c2cae33114861969b835d9f762f3bef8410,0.96,5.21,5.21,5,240,0.01,64110.33,Matched,,64143.42529080,64098.51277381,-33.09529080,NO,1,0.2084
1783827600,44,0xdac6f07f186b7bafbb744140e60b5dd9d7b90c9d44fa336abb2dbbb9c7ecc851,YES,0xebcbcb75ccc4020ff396da99e1874aa5acd41dd9be383e32f8e5f620ec87006a,0.97,5.15,5.15,5,240,0.01,64131.79,Live,,64098.51277381,64130.08037782,33.27722619,YES,1,0.1545
1783827900,45,0x3be5d80d96218c532f978779d5ba2ea79f5b9061be81c9a9d98ad8e701ef2322,YES,0x183220f88c00c2a1af19a346fc6d5ffec336773aca5fe3507bbbb7324f4415d8,0.96,5.21,5.21,5,240,0.01,64159.1250,Matched,,64130.08566566,64150.76301845,29.03933434,YES,1,0.2084
1783828200,46,0x1d13e3b49bc899b373df3ad4c719334cc03d1999b543811018179747ff512f27,NO,0x7bf6a99d4ef7a69bce94f59e8db9b4654d2f1ffa1fa156fa5d770ee7a22a48e0,0.97,5.15,5.15,5,240,0.06,64121.48,Matched,,64149.91430787,64123.95303375,-28.43430787,NO,1,0.1545
1783828500,47,0x44c190ff4f1e19a5d58a33b98c2621d3b9940ecd7f003cfa0187b854d88117dd,YES,0xf262c375870a6f6fc29b4b4104fb9fbaf38794faa5dac775cbf4fd904b4adb87,0.96,5.21,0,5,269,0.36,64154.99,Live,,64125.53833003,64179.14486978,29.45166997,YES,1,0
1783828800,48,0x57cd3eb64816c65410c79578fd7674bf1a59d6bc4ed8ac3c1c6daf066b83e100,NO,0x8bc9942040926a99f3d60ef64c31aecc84f8c4f9a033c5ff5b13da655c3d73d7,0.98,5.10,5.1,5,286,0.21,64158.72,Matched,,64178.77839053,64155.64920143,-20.05839053,NO,1,0.102
1783829700,51,0x8604093d091e2f4e4a71166e7d7f6f755d0d18e0631b1fca140986368f720141,NO,0x83ee02d4c1f9f6f1f15a294f2bccc860540c65179f4f5560119f38e52261acfa,0.96,5.21,5.21,5,252,0.81,64089.13,Matched,,64134.44500000,64072.16649784,-45.31500000,NO,1,0.2084
1783830300,53,0xec84c733c813c24f42b2d442b810416aa09e1d0bc5eeacb3556f5d36ebd12975,NO,0xa90abc39a873340fbf6ed0939190199a53caf1f2e78a71f57eb3c435cd6c9204,0.96,5.21,5.21,5,243,-0.01,64041.96,Matched,,64076.69273025,64033.12256282,-34.73273025,NO,1,0.2084
1783830900,55,0x90522fed8150dea5e71ce7a8ac3639e5fe30e2c7368fe8c7fd18619647c24bec,NO,0xe33a3153fbdc498d0219a82ff5d7800716202de960989b61f661476e5c0c10bf,0.98,5.10,5.1,5,240,0.01,63918.72,Matched,,63969.94643716,63944.54839548,-51.22643716,NO,1,0.102
1783831200,56,0x76f796f95e321ab6d9d33ddde2261900253a86fb9c5886c87cbb3112aa2ac4d6,YES,0xe4d336e279d8c2c7774316d20b16b93cf51ed962833151441cbc8e69738bd303,0.98,5.10,5.1,5,240,0.03,63992.88,Matched,,63944.54839548,63982.27500921,48.33160452,YES,1,0.102
1783831500,57,0xd40e27f390f9186d37f5b3288ad7c834a566f72e5ddc2d4fdd09d078a4b8b122,NO,0x52498ed730dc86100e85e33f943293ed6cf5ea4234ab8ddb3cd1bad5fb1c7a0d,0.96,5.21,5.21,5,261,0.37,63952.25,Matched,,63982.31297040,63950.54500000,-30.06297040,NO,1,0.2084
1783832400,60,0x7522eccd02040ef4e422f8ecc74cb02fe80a0b64af0c88c2640be8a21d6136c7,YES,0xc443cddac4abf270edcebb1140ef674fc1a3641baaa757a498c38671fce3f4a3,0.96,5.21,5.21,5,271,0.21,63974.68,Live,,63956.27499999,63973.17454531,18.40500001,YES,1,0.2084
1783833000,62,0x9345268c6d6e5121da6714b0694217e953d2b1bc3568991864850252f415aa9b,NO,0x080f9e4f6d17437acc43b08ac2047c8b0010f2b2b48e6b14ea1fe6dae38ea73d,0.99,5.05,5.05,5,261,0.04,63951.16,Matched,,63967.39500001,63951.59000000,-16.23500001,NO,1,0.0505
1783833300,63,0x01f989aa6979950341aa646e11d83708b19ddc492879d28dda58cce7bc3329e4,NO,0xea810ea63174e386f2bd58ef526782d898f9aac6eff41d3feee4b7f369b3853e,0.99,5.05,5.05,5,273,-0.001,63906.27,Matched,,63951.76751503,63905.58000975,-45.49751503,NO,1,0.0505
1783833600,64,0x8249dc8b1ce3c8b02ba8a2ee982724c58d1d285d0e529568902de59901cf12c1,NO,0xad35c9250db0f7f800efafa9b82d8c5d71f56a77ebcb544ce2a5db4d464c3b9f,0.96,5.21,5.21,5,247,0.10,63886.07,Matched,,63905.58000975,63879.01753497,-19.51000975,NO,1,0.2084
1783834200,66,0xcfa44439fad8b1b705727dc152b85dc562d56eb60db0008d49000ff9bb1280b5,YES,0x65191a1c938997ac4210c8902d9c47ab8f342ba3faab1d8c9e57bdcc9c8317a1,0.99,5.05,5.05,5,284,0.04,63889.28,Matched,,63873.04000000,63888.66000000,16.24000000,YES,1,0.0505
1783834500,67,0x9c2943b7436e66b15e9689c70308a7a60d6519fd476c2e030b22d22b459de1b0,YES,0xd67696fb43febcbf62892e565ec07b9c0b41d0fcf21db07344b02087aea469c1,0.99,5.05,5.05,5,240,0.01,63919.7650,Matched,,63888.66000000,63942.42901810,31.10500000,YES,1,0.0505
1783836600,74,0x699ccff79b69f904342d906298ca1a590d8dee936edefd4e1305f65721eaa20c,NO,0x54a0a84a84aa63f3ce9f36e198ddb6df132ef0cc4273ef98a4c89c847dcb4007,0.98,5.10,5.1,5,261,-0.01,63712.2250,Matched,,63744.26153698,63707.05285985,-32.03653698,NO,1,0.102
1783836900,75,0x0c5ae4d4b2138ad8ce16ccf7f105d91946a1cb8a034dbca548774d268d59224f,NO,0xa798c3e4f402e619115833f896ff0160813a046243989257c48c6dca05e4df15,0.97,5.15,5.15,5,269,0.09,63685.44,Matched,,63707.18961742,63687.42331784,-21.74961742,NO,1,0.1545
1783837200,76,0x3c80e0e45cfd52fbe9a2f03e72a8c7913aeda1a3fc1529187bcbdc4bab19b795,YES,0x00e70b758916542aafd2654fae3b3560486ba7e545ca8c65ff7515b268782474,0.96,5.21,5.21,5,250,0.05,63709.99,Matched,,63686.97750001,63726.10415692,23.01249999,YES,1,0.2084
1783837800,78,0x8e5ba8116b56a2c1b55c8fb4ddad34142a72e3b99decfa13e7c28432e395fdf9,YES,0x6551f1c46ddfb4aab3ac962d6e24ff7463ce594612e9e4c58077b89da4f99c0f,0.97,5.15,5.15,5,240,0.00,63657.86,Matched,,63626.44412698,63676.36863208,31.41587302,YES,1,0.1545
1783838100,79,0x257d65e6e7576f46d7bfb53cac1bc463562b8736ba9180e20d3ac026c77f6676,YES,0x7646c7f1c216f4d1af6f9ec1e01074b0d2489a33aef73a454e14f3f3517db193,0.96,5.21,5.21,5,262,0.16,63698.1450,Matched,,63676.74500000,63692.44569984,21.40000000,YES,1,0.2084
1783838400,80,0x97129410da2fe11fa783be4f66e44c8bc6616c42eaa04c9022c59d1ad4ca3dd3,YES,0x2eaedfb56ba1460f9847ec5ab50b811d03fcd617b555937ed80860a6aa6caee2,0.98,5.10,5.1,5,240,0.02,63728.4050,Matched,,63691.94917233,63731.86250000,36.45582767,YES,1,0.102
1783838700,81,0xa860030ab9b796ee43fa5495f33bb4ed312548f2c4a8893b3fac524d37eadb45,YES,0xc9bf1e85a670c0420a6711f4f57bd97a7f65a8d5d698d3896440f3ce3020601d,0.98,5.10,5.1,5,240,0.02,63762.25,Matched,,63731.16186686,63764.22135844,31.08813314,YES,1,0.102
1783839000,82,0xe8fad3aff96be904fefbb51ede335966256e4016769911c17ab6d4071e8c0b52,NO,0xb239a53108bc2048f9ecc0e1801d4d9e3a395bc087ba4cee0309ae4c851d11cb,0.99,5.05,5.05,5,240,0.00,63719.25,Matched,,63764.66038549,63723.38499999,-45.41038549,NO,1,0.0505
1783839600,84,0x0fedbe2fc97a90b0935faa4a3156ef318473ebc63372dd11e49b0f92bf73e106,YES,0x1cfd7d81d82194f99f6b8af84c34dd369e8d91d3212e361499902e29730de85c,0.96,5.21,5.21,5,279,0.04,63734.31,Matched,,63717.21430002,63746.22500000,17.09569998,YES,1,0.2084
1783839900,85,0x89482b1ffc054d9537aef0e5a6dc69684bf56f7d532aa1ac2e3feaf9680c0f5b,YES,0xcc239bec887df2c2feb9340836a991ba11aeda5dd4ffe860deffaa4d8c70e035,0.96,5.21,5.21,5,255,0.00,63769.26,Matched,,63746.61590925,63759.89308803,22.64409075,YES,1,0.2084
1783840500,87,0x8d6a0126beaad885d3ca6ac50e8c180fffe36a169306a981fdccb87b0b277606,YES,0x35a919e597cc9cbae6e2572f1227b171ed30cd2ebe505dd2c640d0a17f911e17,0.97,5.15,5.15,5,240,0.01,63807.5250,Matched,,63774.46878688,63794.99503010,33.05621312,YES,1,0.1545
1783840800,88,0xfdb001641d168383917a750d42c71c834d6e196070ae29c798b6e666e3a5705b,YES,0x1159f437405510f1e22bc59c9538b36ae3cf3474848f49244af9b4695e6ba15c,0.96,5.21,5.21,5,240,0.01,63831.2450,Matched,,63795.10507839,63836.51750000,36.13992161,YES,1,0.2084
1783841100,89,0x3123cf049a95b4b5e617715fd3371f7d653d3e79cd688e871d90a2e1254a5226,NO,0x0d2ceca08eb8d682cbb192c8c5d5890fdd65e957a935563266e01c3e93bdb107,0.98,5.10,5.1,5,240,0.00,63809.21,Matched,,63837.21000000,63819.93920386,-28.00000000,NO,1,0.102
1783841400,90,0x3b005094c2e85cd9fa70275548a1a28814139322b414688f9554d4658fef3652,YES,0x4abe894a5ca70b303b7ba21aee4ad6418cf3d8d633e7e4eb803946d6b67f5166,0.98,5.10,5.1,5,268,0.04,63838.01,Matched,,63820.77499999,63843.78429573,17.23500001,YES,1,0.102
1783841700,91,0x0379e0eb949ca3d2ebd5caaacb2fe853f63deeede4abb582fc491b5d19ac8d7c,NO,0xcef8a21a3e5293395734e535191f4f2742e4badb1cc59c52c08e7f04486e73a0,0.99,5.05,5.05,5,240,0.02,63810.02,Matched,,63843.66700872,63811.50771062,-33.64700872,NO,1,0.0505
1783843800,98,0xe507db4b4168aacb67007fb915a228b721515612ac23868bc11c4d5c2c0fb8a3,YES,0xc72ce89feca4bdf3d686c2f1746246493f18c68393af3c5c280665828279b18c,0.96,5.21,5.21,5,261,0.08,64012.79,Live,,63977.67249999,64005.16545438,35.11750001,YES,1,0.2084
1783844100,99,0xa0044423a825945192db2862ee4c1a2532e71509d60b0a82c7ed7d1f39d7ad4f,NO,0xb0fbb42d554a06a99239ee4bfc46f828ce9e31ef1d1cc151838e3f1cfb7d8eca,0.96,5.21,5.21,5,240,-0.01,63971.4350,Matched,,64007.10018270,63967.61299292,-35.66518270,NO,1,0.2084
1783844700,101,0x73938c55d8ca87f59c3f9b89319b43182467c006f3ed389e2b3ff8872411366c,NO,0xf510417b50b1d86e614413086cb13343ca8eee4d41dc5522e3afdc4a3961292c,0.96,5.21,5.21,5,255,0.03,63952.36,Matched,,63968.40839578,63953.32141590,-16.04839578,NO,1,0.2084
1783845900,105,0x06b5da2d4ce78f90c007726614389957dd0ca7bb579fabd77af02ef66303de0b,NO,0x1a83944f1ab3220e5cb4f831e96d5654607e76fdf1f41cc529f87b8e7e678fd4,0.99,5.05,5.05,5,240,-0.01,63911.09,Matched,,63966.41323549,63913.66629150,-55.32323549,NO,1,0.0505
1783846200,106,0x706d97c95f903b1080685bd875715b6ff1b6cecbcefb831300cf8f6fdb181b67,YES,0x11fe74876bce9a05807f8ae8a24a627b0bb471999379bfed9f50176861d50ca0,0.96,5.21,5.21,5,240,0.00,63938.76,Live,,63912.68709809,63938.25585311,26.07290191,YES,1,0.2084
1783847700,111,0xd66b6593af58457b5703c0c03aaf193f7d86d432f16c25adc064c24f9c928074,NO,0x7f53c6a9e6311b7a3657e4c3b596a6032032940fa91528555f8658fc55347ddb,0.97,5.15,5.15,5,240,0.00,63797.83,Matched,,63842.17499999,63796.80250000,-44.34499999,NO,1,0.1545
1783848000,112,0x0f743c36a1a3a0c47e77384cd8c77c743c2c2a5034800d10a073ef8959275771,NO,0x57cbb0f8c976b2a3298b224ef8c2cfb2911b36ad0acb288cd56dd6bc74108812,0.99,5.05,5.05,5,240,-0.01,63743.67,Matched,,63796.80500002,63738.86000000,-53.13500002,NO,1,0.0505
1783848300,113,0xb65776f2447edc070e8cb25d488739700582950dbcb12939bec49a8d5cdba38b,YES,0x9d3c35cc489397bd6f6240ec145b9b926b4f61b8f90c815c6eb76ebf210decaf,0.99,5.05,5.05,5,240,-0.01,63787.36,Matched,,63738.86000000,63785.90930104,48.50000000,YES,1,0.0505
1783848900,115,0x31d2fbe3872978d88fb621fefde050d3f07a747a6d0443c552d87dc3c454d590,YES,0x63d6a201cbb03b04439e7045cc7eb7f78182a5231a7981e9561506e0aa13447b,0.96,5.21,5.21,5,240,0.16,63876.54,Matched,,63851.71092266,63895.80104508,24.82907734,YES,1,0.2084
1783849500,117,0x17b1a8a0b28f439e6af4df77afc69bff76bfc6da61e2996adcadc70a944487a6,NO,0x7357f858a808e0a06ce05fea7a20b0d47d0bb94de4d3245de92d0c557cf666ca,0.97,5.15,5.15,5,246,0.07,63944.09,Matched,,63962.99249999,63945.79995796,-18.90249999,NO,1,0.1545
1783850100,119,0x2849c264debf801356d0bed13c355037f8241b7b59abcf572a1e000cebc53954,NO,0x4c2ee4d5bd155c46b315fdec7984e5cd26d1d94ab12cee35b434d64fb775270f,0.99,5.05,5.05,5,240,0.02,63923.0,Matched,,63952.30750000,63916.65000000,-29.30750000,NO,1,0.0505
1783850400,120,0x6a08d5f8cb5003934ee233f4be53070dd210964937b407ee113ffd3f48244626,NO,0x957dd639ea1760fc1938f3998acba1f9a8c00fd4f7b88937e8ae13fa5b7a2100,0.96,5.21,5.21,5,256,0.03,63897.66,Matched,,63916.65500000,63899.51250907,-18.99500000,NO,1,0.2084
1783850700,121,0x859161bee69196d78a95c580fdf41d1c980814834d1bd82f2b6ce2dedefd7ad1,NO,0x286f8aeef3d5d652335909b9ad29a221bf6a0b1b8df9ffbe031f1e1c68003067,0.99,5.05,5.05,5,240,0.00,63855.99,Matched,,63899.64000000,63863.43895766,-43.65000000,NO,1,0.0505
1783851000,122,0x99323a656d12dc095d746c468707995e516b0528162758746c2909bbf15aa922,YES,0x0a86002916ce5908c22d7a5e490ed2083e8a005d27b76de4ad88c1c1fe557799,0.96,5.21,5.21,5,252,0.02,63879.5,Matched,,63863.40952986,63883.05480410,16.09047014,YES,1,0.2084
1783851300,123,0x5123cb32f84617ad6f7f21fcbcba99d7d265218f2ffb94a9bd47588446dd1930,NO,0x52fda3343a5e8da1c12defc9dd56a5898a679ffa30543fcfe26f88a4aa2a3808,0.96,5.21,5.21,5,256,0.02,63868.51,Matched,,63885.30729377,63869.17332717,-16.79729377,NO,1,0.2084
1783851600,124,0x1f4e6b3dc42c9fb54167cf5791d61ce10fa7172ae14c052962d7670d7bd281a8,NO,0x155e32d3cd1a16ce0059e92d329246fea44ecda881994bc08322403558d5653c,0.98,5.10,5.1,5,277,0.03,63849.25,Matched,,63868.52000000,63853.54008765,-19.27000000,NO,1,0.102
1783852200,126,0xf3299d775e5456ad0617aa5ad3b118dfea827739ab6bfd4221026e4924132195,YES,0x4b965ef2128913d131cd2349d9bfee6f72bfbd5f8f66c0dc15355d109aa70ea2,0.96,5.21,5.21,5,247,0.05,63855.9250,Matched,,63839.06872416,63860.07829531,16.85627584,YES,1,0.2084
1783852500,127,0xf63154b172e349c420b518f8ed67466ebf2467bfbcebb829efcc2f1602220167,NO,0x3ec63826278ec00ab8dbc126db2cbeef4c057bee6279133e3fb410c3de57d2b5,0.98,5.10,5.1,5,245,0.02,63841.96,Matched,,63860.14000000,63831.68270070,-18.18000000,NO,1,0.102
1783854000,132,0x9b5c1d20b91326e9fcaed506ac37479ab66a4c646a8a26bc105e1552fae9feae,YES,0x4d2feae95260bfd44d5dfd113f7668dfd73dd5e430e7b2120815108e1de456ba,0.97,5.15,5.15,5,240,0.00,63841.32,Matched,,63821.62141522,63859.99750000,19.69858478,YES,1,0.1545
1783854600,134,0x7f98944bb694471f8ea6c5a47200bbf3f1facb756937d75357fe73cfb322b929,NO,0x1b888f055fbd5d0437438eef7633899ecb15f9eba67f7154490e131546480ce1,0.98,5.10,5.1,5,240,0.00,63809.5850,Matched,,63870.58233052,63805.84060920,-60.99733052,NO,1,0.102
1783854900,135,0x6340f14ab158d28071625c7e4f3cb5f1a2cbbd0b71af38fbaa60b89ce9e00790,YES,0x9de03661478a331c94ad9bd33b81a819b92546a41c990fb6b5833cea786e4c52,0.99,5.05,5.05,5,240,0.00,63844.7,Live,,63805.88499999,63855.73500000,38.81500001,YES,1,0.0505
1783855200,136,0x5ac073c0a71bc42982c7b8a74d0117972b9b7539f323c91d66be5ac47a48269a,NO,0x46c814c119b3f28cc8e9ed80fb82592d2bc07ad839c420787ecd340b571ebea7,0.96,5.21,5.21,5,243,0.01,63826.94,Matched,,63854.15000000,63834.71998898,-27.21000000,NO,1,0.2084
1783855500,137,0x6d0df149acb49886cc78fe64bda9673303aecd18887436fcb63ee2e20edd5491,YES,0xf0fc030cd71250a59c1428a617976101238a6717f9e248a5d09c0731ce3796c7,0.97,5.15,5.15,5,240,0.02,63854.71,Matched,,63836.09752500,63865.48500001,18.61247500,YES,1,0.1545
1783855800,138,0x11650298df2719f505388ab04996f1ad9a581f3131d1982635c36d1eec4b1461,YES,0xf6a8c7aa667f6ae090d42cf20b348489bdf3ca63e5779d543e86402cf0df3ade,0.98,5.10,5.1,5,240,0.00,63899.50,Matched,,63866.46152641,63946.05822260,33.03847359,YES,1,0.102
1783857000,142,0xe2725a2b9fa1060c0850d330d751200038194ab6deb154f537a7c48cf27363c4,NO,0x0d741e629e5567b2e4b2d3896e4f68d566d6042eb7acd395fcad4fa604949a51,0.96,5.21,5.21,5,276,0.02,63956.7,Matched,,63979.58842978,63959.31707783,-22.88842978,NO,1,0.2084
1783857300,143,0x7049410b981b76d134aeaf9046197a558d950533c60c140e7102e86e131c05c1,YES,0x5a3c26507a24adb3bdbe6046b12b594f19d4dab19d9f41f33b827523c8c2587c,0.96,5.21,5.21,5,263,0.05,63982.51,Matched,,63960.44520375,63973.98778385,22.06479625,YES,1,0.2084
1783857600,144,0xefc6057ff081f4d15f4e99465950401542c779094403cf5f67e096a371255ee4,NO,0x2cc4cd12241b8761ebd053604b8fe6ccb94e345efe456ff714506e6325c4c0c8,0.99,5.05,5,5,241,0,63944.34,Matched,,63975.15216688,63937.41009470,-30.81216688,NO,1,0.05
1783857900,145,0xea138f542b4b39828871f3cdc878d932c5e50079b1344825d7c6bcdce3afac87,YES,0xd0a98ba31c98b272a184a6372a01a56bdeb100221f5dd79ebc60de14384d388f,0.97,5.15,5.15,5,259,0.12,63956.70,Matched,,63937.90178870,63964.82000000,18.79821130,YES,1,0.1545
1783858500,147,0x9972550e1114ab3ca3d758ffa513146ad7957404ac51b4e4b5be0928b684132b,NO,0xa98ffb2e45d6b81d2e3be35ba6187cffc91c39380e3c47e18d8b7a1802ad0207,0.99,5.05,5.05,5,240,0.02,64015.53,Matched,,64058.34438376,64013.24804499,-42.81438376,NO,1,0.0505
1783858800,148,0xf8ac209dcfa5d14060b0f8672b06c80f08dada774356de2f7a84263f8c97b980,NO,0x4053dee20bfa6e2824ef047744ec1268fd831a63f64aa534c53bf3aa7376f042,0.96,5.21,5.21,5,273,0.02,63995.08,Matched,,64012.86893480,63992.93000000,-17.78893480,NO,1,0.2084
1783859100,149,0x8f06481c8014e01a5d02fc25327ceedb1611cf02f2a7a285a2b305d8039db727,YES,0xa7a4e61d5667e0e00e63c1b627139c77b8579eeedd537f8b76ba55964fd596c5,0.96,5.21,5.21,5,240,0.02,64015.97,Matched,,63992.93500000,64012.30499999,23.03500000,YES,1,0.2084
1783859400,150,0x5cb65b4a3420102ba41d20c75f46fd5c6a27524325ea93928d1e647ba6bfd6f4,NO,0x2e668f6de149f8267d4ad31ecbd37daa75e3e5b1b316d072f77ca613405e0371,0.96,5.21,5.21,5,240,-0.01,63984.6250,Matched,,64012.30500000,63993.09943986,-27.68000000,NO,1,0.2084
1783859700,151,0x0eba1e14968af4f1f4eea6bfb0120361ab990e1d63b7876076337c6b08fb4be9,NO,0x9b5f8a6813c49496df510603b9dc8703e2ed2cdfa9540572d39ef59d27005c28,0.99,5.05,5.05,5,240,0.00,63965.73,Matched,,63993.42000000,63972.43500000,-27.69000000,NO,1,0.0505
1783860300,153,0x8e5fc8f855dd5fc4b1e8b18026fe9f29f0deeb5d251284b113d1a15a21238c93,YES,0xacb5e16a9d93a439e754410b5d8ce220643bd045b6d680f144c20142ee60591f,0.97,5.15,5.15,5,240,0.00,64012,Matched,,63982.41621748,63997.60264767,29.58378252,YES,1,0.1545
1783860600,154,0x377150e45bf6fa3477e7a173c89b41ab2a3f3c13f11f0c46843bd26f06420cbb,NO,0xfac81a93d65e0ce649effa6c5d6801c083a9b7a9a3cdcc16fbf2ba6b514a0cda,0.97,5.15,5.15,5,240,-0.01,63965.26,Matched,,63996.85547861,64000.62598030,-31.59547861,YES,0,-4.9955
1783861200,156,0x9d82433e59dedc6174ad2fa155db566c523b0dac52e0c1c553c92786f7e09556,YES,0x8c8aa6b537f820fa2d6cad3943b0d1ef7c8e8c6f684176d370cbd147c19ac54c,0.98,5.10,5.1,5,280,0.09,64001.82,Matched,,63984.69125486,64006.06750000,17.12874514,YES,1,0.102
1783861800,158,0x970bbc7d762b0a208aa96f7a371029c24af1a6b1745be00142e10f86451d3142,NO,0x3202afdb695eb02d63ab3b06de06d3221c8d46fe6d96b3df442b2b15ae2ea6e9,0.97,5.15,5.15,5,268,0.00,63992.67,Matched,,64010.47000000,63996.65385047,-17.80000000,NO,1,0.1545
1783862100,159,0xbc85875aa8d40038c1d8633f9437a0d6a6f7f15439db574fd0708fe3822c6b60,NO,0xf01ee8e505da5a60ca8d700bce59c7c7833b1587952cfaf1cb0c9452455ad35e,0.98,5.10,5.1,5,240,0.01,63973.2950,Matched,,63997.08205084,64045.45000000,-23.78705084,YES,0,-4.998
1783862400,160,0x46131ec1ee3d6899aa0fbbe573f42c05b00291855ebcdecd2a00c15fe8333692,NO,0x8da3057af277f4eb8d142f139d22aa99835f25c2faedf989c0be48161ca64873,0.98,5.10,5.1,5,240,0.01,63999.2150,Matched,,64044.77924461,63988.44000000,-45.56424461,NO,1,0.102
1783863900,165,0xbdd131b1a8e464d040330edfa35e35568364fa47eaa8391de9acef439daf2b51,NO,0xde670b93263c976404673b8afe890e2b185f53863429bbfe29f3cbe1d8f597b1,0.97,5.15,5.15,5,246,-0.02,63974.75,Matched,,63999.63225145,63966.94000000,-24.88225145,NO,1,0.1545
1783864200,166,0x1b8e60469384e2bc2b38121fc3d0092996e09c6511f783f44b1b2b0f87b9416b,YES,0x810c9362a16e131d6f9d73ba0bb0533a2ae784c2c40c630f45d1bc313c5f8082,0.98,5.10,5.1,5,240,0.01,63987.55,Matched,,63965.99600616,63983.07657142,21.55399384,YES,1,0.102
1783865100,169,0x687437b4077e980eab30fe0e2abe9927d2948a36a421359b4e3a70088bab28ac,NO,0x725e4ccd7210ef3858c756d12ee160219e38cfd63c7767586284939f4fcf6110,0.97,5.15,5.15,5,240,0.00,63954.0450,Matched,,63991.76078601,63956.02838951,-37.71578601,NO,1,0.1545
1783865400,170,0xf7d9dd181e8b65102037ec621b265efa0bc3d83f8126d15b9e5cc4e31e25c25b,NO,0x4dc8bac13190405418095d30c0d5b6ee8dc19b9d2c1516b49e4c8637d3fd8698,0.99,5.05,5.05,5,280,0.10,63934.88,Matched,,63956.62000000,63934.88503006,-21.74000000,NO,1,0.0505
1783866600,174,0x01ee9b7a85bd6d409ef35319788875f5c71815d94345f606edb55be956ae5af2,YES,0x06ebd10c3322bf4cccd48ee6e49d8eb6ea1322a24aa3edfeea57786ad25a4d47,0.99,5.05,5.05,5,240,0.02,64000.1250,Matched,,63953.93500000,64013.30500000,46.19000000,YES,1,0.0505
1783867200,176,0xcb1c9d5c7d5538390eefebb23a2296abae17be217887becf9b26a6045833e456,YES,0xa9d5bb9731c57081ef39c50ae583dc76d0631da8debcc2faa790f48e5808dbb4,0.96,5.21,5.21,5,257,0.21,64038.06,Live,,64020.67500000,64028.57384452,17.38500000,YES,1,0.2084
1783867500,177,0xd995d5e7a0c1aed933c7415da1ffddae4cf1df94f9ab9fc65800b58cf9df4cf8,YES,0xa232f14faea9e686aed6ab2c3f83fa4e231219edf0c2765e089e6970f42d286b,0.99,5.05,5.05,5,241,0.008,64105,Live,,64027.76043807,64144.99599775,77.23956193,YES,1,0.0505
1783867800,178,0xfd30912b46ab4e4336266c40fc7b994c368cba08af540f1a7bb5c6ddd585715d,YES,0xbe7008b7f5bd4cd11e1ca7b771b70c57ad39f9232aeff18525c9764d6397eced,0.96,5.21,5.21,5,256,0.04,64174.05,Matched,,64144.95829915,64178.32266287,29.09170085,YES,1,0.2084
1783868400,180,0xa28b259942f9a99b199b0335df16381a4ba7c74dc894c7cfd923750eea9f0aa4,NO,0xdf480f53e32194f057ddc3a27cf7503f9ed99978b30da0feb068d1d0a941e6ed,0.96,5.21,5.21,5,241,0.23,64140.45,Matched,,64159.17500000,64127.04256476,-18.72500000,NO,1,0.2084
1783868700,181,0xda0cefeb6a99aad17a95e440dd5c19116ecc32569f0c9163477576f8606150de,YES,0x66a29a19790cdb7c03c70b0badd33ec8f7cae613f15566b133f66af023ed0574,0.96,5.21,5.21,5,257,0.04,64149.72,Matched,,64128.19292290,64139.73249999,21.52707710,YES,1,0.2084
1783869000,182,0x20bfa827a9010e57f5d6e370c207f856b88b672e444d1325772c21a97c8ea72c,YES,0x49e62f6c7d420d7837aea762aa85a9e955de92c32b9e267be743d62661c423ad,0.96,5.21,5.21,5,263,0.19,64161.85,Matched,,64139.73500000,64148.32342274,22.11500000,YES,1,0.2084
1783869300,183,0xe78b578eb25cf27b2f878f8b746669051ca2c13f97f8fa22f8b946421b1d762a,NO,0x4a89d26ef0f04be70a7d1e46abd07d8eba32c53d95225868c256691f55c38f1e,0.96,5.21,5.21,5,247,0.11,64120.9450,Matched,,64148.00910448,64113.15982719,-27.06410448,NO,1,0.2084
1783869600,184,0x0eec32e9fc5d60be447daaf41b46c3dff13cbc7dd2b68e4117a2bcf75a4d4bba,YES,0xc7c4cb1062b130250fc5e84bb256ed72fad7cddd73d5203757351b7f8111d486,0.96,5.21,5.21,5,248,0.10,64134.8250,Matched,,64113.07047383,64148.13840862,21.75452617,YES,1,0.2084
1783869900,185,0x114fba5de4d5b016b320d6607729f1c7d0f26c06a767d232430f58a2c829c545,YES,0x13e0f72ae5a739dff46c45b1f9d6add97fd92cb0c1699a0301428ddf8adf7a08,0.96,5.21,5.21,5,255,0.04,64164.84,Matched,,64146.25000000,64180.67000000,18.59000000,YES,1,0.2084
1783870200,186,0x4b80938a23e213416da0088148359d3fe7179375005e41f056de85e458a7ee96,NO,0xb85f83e290232735a5dd1de3f87bba8ee0640a45a5f7a909a040e0df064042de,0.96,5.21,0.93,5,240,-0.02,64148.33,Matched,,64180.49500001,64108.87713145,-32.16500001,NO,1,0.0372
1783871100,189,0x0577d7ef48285d66a90bedb241e1f8f66396b3fb5154cf02382af3949cf776f6,YES,0xdce242a96d7516daff1bb0d3c7316fb2fbba8cae4cbb7b3826177154c8cecb7e,0.97,5.15,5.15,5,249,0.19,64128.3050,Matched,,64107.67693213,64134.79389761,20.62806787,YES,1,0.1545
1783872000,192,0xc54a43e1bdfc3339a99705b8da57e15be124909e114225f8c43bbf2b48796b26,NO,0xa17693aaa61f03270c617a7603d138a9ef816e1b078941802a8f4030f70605b6,0.96,5.21,5.21,5,240,0.03,64103.52,Matched,,64134.86500000,64096.57500002,-31.34500000,NO,1,0.2084
1783872300,193,0x97df1bf94d5de86afbaa8f064673cf105550d636b5be710f4415c0ec42782471,YES,0xa6e2fc1d653c8ab2e65dac749963d439a750f2756800fcbff48f3cd481422f42,0.99,5.05,5.05,5,240,0.00,64155.85,Matched,,64096.58000000,64135.94480000,59.27000000,YES,1,0.0505
1783872900,195,0xc58732da620996440867341be20590e9d8045abfc11776ca554f6ded37fae8b9,YES,0x5f5ec0ffc198f71648946514e0e8be679fa9ee624647dbe42565ce10b6670eef,0.99,5.05,5.05,5,240,0.01,64069.82,Matched,,64022.48005115,64055.94106369,47.33994885,YES,1,0.0505
1783873200,196,0x45dcd6bac903b6691b93951ece350eaf22b5cccf5b9f48e65531c427d2502251,YES,0xd2c59dbb258c78c3f6603193507b4596eab982c04552dbf259d985184fd842c6,0.96,5.21,5.21,5,264,0.15,64074.0050,Live,,64055.94106369,64093.13388121,18.06393631,YES,1,0.2084
1783873500,197,0xae6fe62649f026687aecaad6d225ba621352cba74f6203297c68b06dbe92b4fa,YES,0xcd3ef0cbfb52a0c084bac9ec40409d4107b24152e79495eb963392dbabc3a7e3,0.98,5.10,5.1,5,240,0.02,64135.9,Matched,,64093.13251501,64136.41410571,42.76748499,YES,1,0.102
1783874700,201,0x2b6385c3c99c5f508908fc47558c8ffd56d14b378b676fa27efa15231263c64c,YES,0x945b5275fd81fcf933fac4cad50c1fbd06eb75da826bee442e5e0209a968cf06,0.96,5.21,5.21,5,240,0.00,64099.2,Matched,,64078.12000000,64102.19250000,21.08000000,YES,1,0.2084
1783875000,202,0x7f74ee0f946cc7558d6c274970e32d0519656f94f0ec9a100655e24011db7cce,NO,0x31f5235d4cfdf5f0545d047620a903ce78620edaa6e46c55400c0d846800fcdf,0.98,5.10,5.1,5,240,0.01,64067.19,Matched,,64102.19249999,64073.19679362,-35.00249999,NO,1,0.102
1783875600,204,0xe6ac75546acfa29350bef6a72427f44830cdb7a03b4cdb1e44c04d57e01df6e8,NO,0x5aa5e0847c5391dc27910a0fcb083be95dc305403169ef109a8c495304de92ed,0.96,5.21,5.21,5,242,0.00,64109.86,Matched,,64131.92131594,64110.52070101,-22.06131594,NO,1,0.2084
1783876200,206,0xe1d009625a58fcf8efbe65472fb331522fcf1800150067b0340dc2c659118397,NO,0x148e1e8b70ba17b5b29e1f276e39574989cd5d05a49ff46a1bbc198996daa251,0.96,5.21,5.21,5,251,0.03,64098.65,Live,,64118.03499999,64101.22000000,-19.38499999,NO,1,0.2084
1783876500,207,0xdedd5185a88e4c1b0ed7510349a72cdecc63a99e6747517b0e793dddcfa4e98f,YES,0x5ef7c18befe5e27a9f27f4a8fad44402cf4bddb1226fc99dd5fc150d9ff27e68,0.96,5.21,5.21,5,246,0.05,64117.54,Matched,,64101.26824850,64123.51691499,16.27175150,YES,1,0.2084
1783876800,208,0xe0f81bc8ec9b71ea3ef6704bbff5d2ad62fe5a941bba4bbb78c4097402f47ea5,NO,0x9ab4947a0f785f580dbf042878ffc35c26d88edf6a7fc41779aefb589963949f,0.99,5.05,5.05,5,240,0.00,64102.1,Matched,,64124.39399885,64093.92000000,-22.29399885,NO,1,0.0505
1783877400,210,0x28d3c7961b4fd8edebcbf6f66bc36abb49d0e60c3680296eaa84585dbb8c0c54,YES,0xd919884880035ceb4784b9ec4954f07b845fa31c72a366fe0a1270d32ae78335,0.97,5.15,5.15,5,273,0.02,64106.62,Matched,,64090.44737356,64107.91500000,16.17262644,YES,1,0.1545
1783878900,215,0x1d3c00d97ad1658c15aa32cd1f61ff8551466744fe856a1a4666e08e1051ecb6,YES,0x2547a1301161534b3423e10754e27384f3e4fec53f299202f16a18cc1b4768ea,0.96,5.21,5.21,5,241,-0.03,64041.4,Matched,,64015.77750000,64039.94346629,25.62250000,YES,1,0.2084
1783879500,217,0xc7edf38c338630f9c238ef0ec6ad28d0e4148ddcedf505f19a09096361331dc5,NO,0xcfc9329646691267fa92789abb92e0810709c1974a104ce83c4fd5b6108963a0,0.98,5.10,5.1,5,240,0.03,64008.54,Matched,,64045.30000000,63989.80500002,-36.76000000,NO,1,0.102
1783880400,220,0xaf16ec831af6e29e8443abc102f27e9e16a609b88b8b60786ecdc6c4d37d36e8,YES,0xa94d4c273f6c88d07e4b8239f6be296a9e451772d4e3af2b9d6489fb2aecc388,0.99,5.05,5.05,5,263,0.05,64013.59,Matched,,63987.68499999,63996.80500001,25.90500001,YES,1,0.0505
1783880700,221,0x4ac5d99039d6f5a28b46b6845335e9e9f3e642b5ac5ffe162d4504b883c1a320,YES,0x644ce7e6a185dd40c6246e90fbb29edf5363cb274dc91243462bc654097b37d5,0.97,5.15,0,5,240,0.00,64026.08,Live,,63996.80000000,64035.73498249,29.28000000,YES,1,0
1783881300,223,0xd8688746302e0030d67815657325702f5fddb1cdd698f2dfcf741fbe9ff0a669,YES,0x6395072abd0f7b5f34fdd6d06c37645dba5e613a67c150bdb566bea60507f213,0.99,5.05,5.05,5,240,0.00,64086.250,Matched,,64040.02947874,64077.45115281,46.22052126,YES,1,0.0505
1783881900,225,0x6b22e0ea5adf99f81208fac759443e6243134857bf6a3a1462a84aef6469436d,YES,0x8c63a47e69543e10e302682fa7f003bf9854d0a53670f35f950c12da12688f19,0.96,5.21,5.21,5,251,0.06,64104.1,Matched,,64087.10250000,64105.30549519,16.99750000,YES,1,0.2084
1783883100,229,0x685cdec58639fa1deb6204b0d5d7ca755ad0190e7439010f1d9d46fce1181b65,YES,0xfe8846a6d12546cd4ab51d30bb8975ae03303c452f7458f824676cc0d8d2e736,0.98,5.10,5.1,5,240,-0.01,64150.97,Matched,,64122.94327820,64168.63250000,28.02672180,YES,1,0.102
1783883400,230,0x3c4b3d029779450d47bfc1acc9789d5cb816862eb7de49a45b34c52bed5c7af1,NO,0x481341aa4df2918c6b071f26f73c42eae80f95df798cf71cdd4d67c94a742e19,0.96,5.21,5.21,5,240,0.04,64143.77,Matched,,64168.63000000,64133.34750000,-24.86000000,NO,1,0.2084
1783883700,231,0xc00be2e742ba4867b75abfc4a273adcdc82aa48ab17329e2b25b479c58c2a3ef,YES,0x82dcab6c76781bf44fe926650d22204e3b5a8324f07e32493b9947993ea3bb94,0.96,5.21,5.21,5,246,0.06,64152.88,Matched,,64133.34499999,64145.74121323,19.53500001,YES,1,0.2084
1783884000,232,0x1454b75590852393083cfaeb17d52c51968b55130b30809df303a09f329a3078,YES,0x506e9dcaf90b0e9f23d51a8b9c1e84254f938eeade3497945be7e065a880401a,0.96,5.21,5.21,5,240,-0.01,64162.86,Matched,,64145.75500000,64168.47249999,17.10500000,YES,1,0.2084
1783884600,234,0x6d6f367cb45ca3f8946830361d46e22fb42d9ed905181ee080c94770bf9f12fc,NO,0x44fa46221b8c3a2917ed116342aaa5b482c2fedb2fe966fa38bc780107473d50,0.98,5.10,5.1,5,240,0.04,64133.16,Matched,,64164.50111794,64124.58500000,-31.34111794,NO,1,0.102
1783886100,239,0x520534d939d220e117d425a7df0afa9de7bcbaeeb589b2ee96b6ab44a8c0aa1b,NO,0x7cc70f43aac61238d8568f55d10db3caf7770afc96daf09dd6d8f3c3c445fb74,0.96,5.21,5.21,5,265,0.03,64184.46,Matched,,64201.88965910,64193.87503002,-17.42965910,NO,1,0.2084
1783886400,240,0xca4e805bcb07614c7b487bf6f8d87dd606e351d1d68b802e94e0c3c6377f08e5,NO,0xc0b964033941af76879751dbd7595f5745101d0a16c81ce8576bf1eb667b134b,0.96,5.21,5.21,5,242,0.03,64172.88,Matched,,64193.78331863,64165.59000000,-20.90331863,NO,1,0.2084
1783887300,243,0xeeccf3153dad49175c3ebf44d99e71433d26e3b10caa061270ec097de159b6a2,YES,0xc7c360fb0c1a68c7e793197b39e03fc3553a18266f5c6d7706f3029d5e2deb9a,0.98,5.10,5.1,5,255,0.01,64171.15,Matched,,64154.17652710,64161.08500001,16.97347290,YES,1,0.102
1783888200,246,0xdd4d3f8f667b6b7b943e688763a7843426c9434d4c35b35389e08db2a2c6df43,NO,0xb97abafd2d4e91a5ad5d963fd81556e4e505c841119a786b7efb1558943a19eb,0.98,5.10,5.1,5,240,0.01,64138.55,Matched,,64163.71503006,64145.34503004,-25.16503006,NO,1,0.102
1783888800,248,0x5d76cb4ff479351704e1180f2638bf06a6d3254e78b87c1f4c856bc32e81f264,YES,0x398517b059bd13373a5cc18fd5697e6f54d08564f83f2f27a51d7d69b1931a06,0.97,5.15,5.15,5,262,0.02,64182.56,Matched,,64166.00251503,64180.58503002,16.55748497,YES,1,0.1545
1783889100,249,0x6b4e73ec862595fdbbfd36d0cda2ae6ff5fcd19abc0e4ec399c5eeace90217b4,YES,0xebb043ddce9e9231050348e228217c5734f1f98839b9d22f3a23d0e7d291c6d6,0.97,5.15,5.15,5,251,0.07,64198.24,Matched,,64180.58503001,64193.87675058,17.65496999,YES,1,0.1545
1783889400,250,0xe134170671098c4581328394fa4455116789d8f7375ef67d51a9d97d3ef64233,NO,0x004ffe0a9d6bae47faae0804702528ffb920370a531c0d2bed58d2ce5e6ab17a,0.97,5.15,5.15,5,240,0.01,64177.28,Matched,,64194.40479369,64171.25880615,-17.12479369,NO,1,0.1545
1783889700,251,0x19d7d97054996e8dcb18fd2462793431af5210fef3dff2808989da6adcc4da4d,NO,0x5ab31cf040d927a2b3e49e982b937286b0b9d99ca6fa95c7b7b03ef8de3cce1c,0.98,5.10,5.1,5,271,0.01,64151.16,Matched,,64171.41428363,64161.56882214,-20.25428363,NO,1,0.102
1783890000,252,0x07e3cac8a126acad98e60bafd6c8409f2c47d9cd849308a76472160a08260f4f,YES,0xc0337124e4882aaeadb6113f87ded13bb005c0a8349c6863e4c49ff6e4385cb6,0.96,5.21,5.21,5,256,0.09,64182.01,Matched,,64161.54209910,64186.63500000,20.46790090,YES,1,0.2084
1783890300,253,0x3b612152bc8b9f5ae14aa69d35397c2b4c27025f1333dc7d1a2f5582659724af,NO,0xf87865698f761df45a0fe2916a1f5e2eb9efe2605adae7dce4f7389ad82789bf,0.96,5.21,5.21,5,243,0.00,64164.97,Matched,,64187.01751502,64165.30910619,-22.04751502,NO,1,0.2084
1783890900,255,0xe09c9b67ea109b5bb5cc5e4060233451f90c404d2e155cc38780b9f3e7cc3976,NO,0xcb2439885af8dd12e9d45367726d2d49962fc3e4b23c72f3fd0459667c1d9563,0.99,5.05,5.05,5,240,0.01,64140.44,Matched,,64169.13773909,64119.06630038,-28.69773909,NO,1,0.0505
1783891200,256,0xd03dcd7140e6b51ab734a620b2eeec329536eaedd47c76c0ecada09b01a8f976,NO,0x68284e171cec54322d29da0baa013de28dd283726f9393ec95c322a7f8aaee24,0.99,5.05,5.05,5,240,0.00,64077.55,Matched,,64119.72536115,64071.35500001,-42.17536115,NO,1,0.0505
1783891800,258,0x2fb90fbb5175563160b982b16337d38e8196c08f1eb78b444de45d86e7949241,NO,0x5697b8a8110f9f9c7da4119fea206ea1e70a5bdb725fd518defff9ab818ad738,0.96,5.21,5.21,5,240,0.00,64031.5,Live,,64068.05376743,64032.98591386,-36.55376743,NO,1,0.2084
1783892400,260,0xf4d7232a17cf872e98a69c7ebbed6bd23f0cab86673ff55e381f4d88d0369fda,NO,0x2abd28e5ace6efc75f1267a614477be6f4ec781a6b40eee89fb25720b7257188,0.96,5.21,5.21,5,240,0.11,64001.81,Matched,,64031.76190879,64015.87156499,-29.95190879,NO,1,0.2084
1783892700,261,0x8023029d074efd46fe20bb16d2c6b3b28c523aebfc8e2af76ca07595f2eecc6d,NO,0x848c5e1c79759fc135a02520a92bb526fc0a867373cb76d1d17970abbfbf8229,0.99,5.05,5.05,5,254,-0.009,63941.3,Matched,,64016.17156499,63913.78900081,-74.87156499,NO,1,0.0505
1783893000,262,0x6dad4d1327d7b8ed33462de944b34885ecc0962cc0a782553ffa800fe9f93cbb,NO,0x62faa5f7e751aa027c135246d254a5235f4254e3ae232366c69816263db8f500,0.96,5.21,5.21,5,247,0.09,63886.9,Matched,,63916.12697087,63858.94000000,-29.22697087,NO,1,0.2084
1783893300,263,0xdb6882473c9a5ff52dbe9927c73d728700a2d8f48e85f22a3f81d2162bcba7be,YES,0x3c156308b7d6f1081ab2833494c707af372040b26bc7af43aaff5d9067700799,0.98,5.10,5.1,5,240,0.01,63897.1550,Matched,,63858.54000000,63883.78000000,38.61500000,YES,1,0.102
1783893900,265,0x515e9cce332a971b6e03eb448cf07c756764edd2d596f5b7c7b2b69971cf644c,YES,0x4cb6856a5cbafd8f40a3fdc2a737efb1ea08465c388e2646e45db108d534d612,0.99,5.05,5.05,5,240,0.03,63779.68,Matched,,63704.17765849,63771.16917827,75.50234151,YES,1,0.0505
1783894500,267,0x85f0e46b460cc4a9bc6b2e8955bc88d79e217b2e76eada2d26ede0c6b4721a1f,NO,0x71dc2928e0fcf647f1209e0e9ece962d2663297a90db6698c413bbaf01669803,0.99,5.05,5.05,5,240,0.00,63684.51,Live,,63752.75000000,63663.07500000,-68.24000000,NO,1,0.0505
1783895100,269,0xc0430e187e5bce005cc3513847d172a0b0290f55cd02cd17df4be932522abce0,NO,0xd8c02e9c657af04d67963e675a3bd24166105142c92dc4a1e61881c98d966131,0.96,5.21,5.21,5,240,0.00,63763.6250,Matched,,63798.35532593,63790.99503009,-34.73032593,NO,1,0.2084
1783895400,270,0x1d1023680694cdd68c1941e9427c22983360518f7108b6d1fe279527eae18b98,NO,0xc49dde57067f2e0309202401cee73e77484c3f7f1163240dd16052642cc1d7da,0.96,5.21,5.21,5,270,0.27,63772.4,Matched,,63792.60742220,63760.23251501,-20.20742220,NO,1,0.2084
1783895700,271,0xc6cea187b5e70867b1ce4a3c9e5278dc811f37533f93377cd969efa1dc4221d4,YES,0xae89ae13fa897dfac53b71ddc370e85e03cc4ffe0fbf7bded30357d39325556c,0.98,5.10,5.1,5,289,0.00,63776.70,Matched,,63760.23251500,63777.27156829,16.46748500,YES,1,0.102
1783896000,272,0x7e5af42bd10f07e725bd6bd96acc1e32497507896b41eb60763c5e6ab1862ca6,NO,0xbdae3220f65c11b3b5b2ce4f6041753f1575fe38953988987da75401e2f20dfc,0.96,5.21,5.21,5,251,0.04,63752.7950,Matched,,63777.27156829,63738.26000000,-24.47656829,NO,1,0.2084
1783897500,277,0x555b1e775a7c3d89c03e7c994f5df2182bba92a25c36b6720cb3b6d8a2b75453,NO,0x38779526f7b659adc560f425df386926463059b8963b2223a31bed533893a1c8,0.96,5.21,5.21,5,264,0.04,63747.750,Matched,,63776.17500000,63737.93000000,-28.42500000,NO,1,0.2084
1783897800,278,0x234264093ce620b435e2be2050ee137491ab24c84fe8d3e237477e386b034abd,YES,0x3adb591bae8c926c22fb3678101ae2cc3cbb4b2e1acb54c9a2f27de52be08d56,0.96,5.21,5.21,5,240,0.02,63778.22,Matched,,63737.92500000,63786.32166040,40.29500000,YES,1,0.2084
1783898100,279,0x4de175ecaa051b75070113e6c965f91902b555c63b1e458054eb10773bb4646e,NO,0x3a5663a52e81abb8c2dca81a831aac4989f8596eea786267ad05f50495d5fa8c,0.96,5.21,5.21,5,256,0.41,63760.4,Matched,,63784.84713454,63761.60223571,-24.44713454,NO,1,0.2084
1783898400,280,0xf114922ca62d95a1790be3a87d4492f3abf5464cb94730a55a2aaa1fb89d45f5,YES,0xc0a1bce254b6e1e3943833dbac3e90220422d2707c866768a0092753b1a3432f,0.99,5.05,5.05,5,240,0.00,63818.01,Matched,,63760.70266515,63812.79248723,57.30733485,YES,1,0.0505
1783898700,281,0xc02ec47a246ce729a5867f3870e0676397ba9c58c0093bfdd865afc44ff35168,NO,0xcd5fed65ccb1599a01880c44158c8330d4967f45ec6ad78357038e0316ed903c,0.96,5.21,5.21,5,266,0.06,63790.02,Matched,,63813.15358374,63787.12499999,-23.13358374,NO,1,0.2084
1783899000,282,0xb68b233134e10e5927086a43b4a3355610cbaf5e74ebb49216303044b1d7c991,YES,0xc64fcba4b3503f90a9507306e50bf0516600dc9e581f692e5ab9bd834d9a8efa,0.96,5.21,5.21,5,269,0.77,63809.55,Matched,,63787.12500000,63816.09922794,22.42500000,YES,1,0.2084
1783899300,283,0xe28878e16f7f1bbde78f9b4e39a6207920caeb5799328ecae4895470fe4ed34b,NO,0xacf91dc0eedac4486c88c9f071c3ef714869590e96ea432a8e03e6adcf9f1818,0.99,5.05,5.05,5,241,0.008,63743.68,Matched,,63820.03038973,63775.65503001,-76.35038973,NO,1,0.0505
1783899600,284,0xbdbcb108f0e9d444f07df12bc64dba56422a5c089c38918734b4706c383afc87,NO,0x3622f3c2b06cae9914318acbb474ad95011d0ce24055bcab7b9ee49c378e3143,0.96,5.21,5.21,5,274,0.08,63759.43,Matched,,63775.65503010,63773.67210896,-16.22503010,YES,0,-5.0016
1783900200,286,0xf3b29688dc8e648d0e193aabebaaa2eabd2a1a14e3bd3fadf4fb15b2e50ab428,YES,0x36cd5cf89d6360a5a486318e5d763940acb9e382aeb65dfd423cd6a0813e6d8a,0.99,5.05,5.05,5,240,0.00,63754.21,Matched,,63704.07415762,63747.73500000,50.13584238,YES,1,0.0505
1783900800,0,0x5a0f3195ff4e637905255865542ddca8e58132932946bc68e12e9090a9b2c6e2,YES,0x1404efc8c84336c54a37cbc4a98e6b8ed2007e315aec01b44f651f4fc0ff5ea1,0.98,5.10,5.1,5,240,-0.01,63838.31,Matched,,63743.10000000,63858.92426289,95.21000000,YES,1,0.102
1783901100,1,0xcd8ed89fb905b7966044f692af42b1964f223e5e6748c55095d498728f1d2647,YES,0xdf2468848e96af4da1aa47df16b5a6f25ec00fb9646123190a41e5bae10eaaf4,0.96,5.21,5.21,5,240,0.00,63914.49,Matched,,63858.78000000,64000.76127585,55.71000000,YES,1,0.2084
1783901700,3,0xc409bbad978d9f1374e1fc88f68d38b7fcb4dfd002fd2a834e0edd4ad7b4d4e4,NO,0xa1ef73daf5086206c17485a6aa064b94f626bee21fb36eb77021ca96bf29839e,0.97,5.15,5.15,5,240,0.06,64169.31,Matched,,64255.23901037,64180.75000000,-85.92901037,NO,1,0.1545
1783902000,4,0x1a41c988e1a1f10e619c9f6716ee2c60b4cfd2dc4bc0aefd5e0d21932bfe8ce8,YES,0x97a5d9975f9056e38dfd7b023c3d6ce04d93658d3a8fa01482589e192972e426,0.98,5.10,5.1,5,240,0.02,64256.08,Matched,,64188.90652684,64168.71000000,67.17347316,NO,0,-4.998
1783902300,5,0x4dd05afed605d039425ce019748cca3be5202d484dacad6dae7f14e767c16ce5,NO,0x58e540c54b0313ed70512a1fba059126f62303bb813d61c7db74969c3b5cb15f,0.96,5.21,5.21,5,259,0.07,64142.750,Matched,,64168.70000000,64142.96045563,-25.95000000,NO,1,0.2084
1783902600,6,0xfbed431a687a60f061875de1373aa21f3fee0c8bd46d77ab4dd9a98062e49d21,NO,0x5e6266637a85a98562197acd108df3350b2f40ef3a91ddfec19176d26cdae4dc,0.96,5.21,5.21,5,252,0.17,64093.12,Matched,,64143.44643048,64047.79250000,-50.32643048,NO,1,0.2084
1783903200,8,0x503e8d965af85acd9b6dfd7ea4769af9d8aa3df379a1ced30f42645b4b82ffc3,YES,0x83a2d651edcede114f81e4b18ec1060eecdbacbc77966e6f742b7e76d7d9ed30,0.96,5.21,5.21,5,283,0.15,63747.20,Matched,,63713.83183713,63745.39388386,33.36816287,YES,1,0.2084
1783903800,10,0x922c3867b404da6ccd4d67bbe65b60b2a1c87b0f413717b5184d0d84e0260e8d,YES,0xf1f876fd0be175059de51b9d30e335fedbfd6481b95d060e87c7ef28dbff18ec,0.96,5.21,5.21,5,245,0.04,63924.3,Live,,63875.44500000,63959.22503010,48.85500000,YES,1,0.2084
1783904100,11,0x969b581f72af95e198a14614c495fdab975e57a066ec418186022cff77ec343c,YES,0x8b867ff90df03ae1a0110eaa84b7841d4171de4e98f98a81befdb03536f551c6,0.97,5.15,5.15,5,240,0.03,64022.1,Live,,63957.84376738,64027.32473040,64.25623262,YES,1,0.1545
1783904400,12,0x499337cc7989d3eb3e97b99f5ebddd979a5aec38843a5502936a032a1f3794fe,NO,0x07968c41315c3404d044285594d09538eb3fff87b9afa15ba88a690b2d06a921,0.96,5.21,5.21,5,240,0.06,63970.30,Matched,,64027.32903654,,-57.02903654,NO,1,0.2084
1783904700,13,0xe552b0f03a2680afe1174707f0172f5a9018535f59c80412f443a58bf090aa11,NO,0x365f472f6b65e3fc4be34746a4eddf4345ef8625d7827a889c7b94ede2c4c1bb,0.96,5.21,5.21,5,242,0.15,63845.2050,Matched,,63893.9,63804.79114764,-48.6950,NO,1,0.2084
1783904700,13,0xe552b0f03a2680afe1174707f0172f5a9018535f59c80412f443a58bf090aa11,NO,0x365f472f6b65e3fc4be34746a4eddf4345ef8625d7827a889c7b94ede2c4c1bb,0.96,5.21,5.21,5,242,0.15,63845.2050,Matched,,63893.9,,-48.6950,NO,1,0.2084
1783904700,13,0xe552b0f03a2680afe1174707f0172f5a9018535f59c80412f443a58bf090aa11,NO,0x365f472f6b65e3fc4be34746a4eddf4345ef8625d7827a889c7b94ede2c4c1bb,0.96,5.21,5.21,5,242,0.15,63845.2050,Matched,,63893.9,,-48.6950,NO,1,0.2084
1783904700,13,0xe552b0f03a2680afe1174707f0172f5a9018535f59c80412f443a58bf090aa11,NO,0x365f472f6b65e3fc4be34746a4eddf4345ef8625d7827a889c7b94ede2c4c1bb,0.96,5.21,5.21,5,242,0.15,63845.2050,Matched,,63893.9,,-48.6950,NO,1,0.2084
1783904700,13,0xe552b0f03a2680afe1174707f0172f5a9018535f59c80412f443a58bf090aa11,NO,0x365f472f6b65e3fc4be34746a4eddf4345ef8625d7827a889c7b94ede2c4c1bb,0.96,5.21,5.21,5,242,0.15,63845.2050,Matched,,63893.9,,-48.6950,NO,1,0.2084
1783904700,13,0xe552b0f03a2680afe1174707f0172f5a9018535f59c80412f443a58bf090aa11,NO,0x365f472f6b65e3fc4be34746a4eddf4345ef8625d7827a889c7b94ede2c4c1bb,0.96,5.21,5.21,5,242,0.15,63845.2050,Matched,,63893.9,,-48.6950,NO,1,0.2084
1783904700,13,0xe552b0f03a2680afe1174707f0172f5a9018535f59c80412f443a58bf090aa11,NO,0x365f472f6b65e3fc4be34746a4eddf4345ef8625d7827a889c7b94ede2c4c1bb,0.96,5.21,5.21,5,242,0.15,63845.2050,Matched,,63893.9,,-48.6950,NO,1,0.2084
1783904700,13,0xe552b0f03a2680afe1174707f0172f5a9018535f59c80412f443a58bf090aa11,NO,0x365f472f6b65e3fc4be34746a4eddf4345ef8625d7827a889c7b94ede2c4c1bb,0.96,5.21,5.21,5,242,0.15,63845.2050,Matched,,63893.9,,-48.6950,NO,1,0.2084
1783904700,13,0xe552b0f03a2680afe1174707f0172f5a9018535f59c80412f443a58bf090aa11,NO,0x365f472f6b65e3fc4be34746a4eddf4345ef8625d7827a889c7b94ede2c4c1bb,0.96,5.21,5.21,5,242,0.15,63845.2050,Matched,,63893.9,,-48.6950,NO,1,0.2084
1783904700,13,0xe552b0f03a2680afe1174707f0172f5a9018535f59c80412f443a58bf090aa11,NO,0x365f472f6b65e3fc4be34746a4eddf4345ef8625d7827a889c7b94ede2c4c1bb,0.96,5.21,5.21,5,242,0.15,63845.2050,Matched,,63893.9,63674.18977538,-48.6950,NO,1,0.2084
1783904700,13,0xe552b0f03a2680afe1174707f0172f5a9018535f59c80412f443a58bf090aa11,NO,0x365f472f6b65e3fc4be34746a4eddf4345ef8625d7827a889c7b94ede2c4c1bb,0.96,5.21,5.21,5,242,0.15,63845.2050,Matched,,63893.9,,-48.6950,NO,1,0.2084
1783904700,13,0xe552b0f03a2680afe1174707f0172f5a9018535f59c80412f443a58bf090aa11,NO,0x365f472f6b65e3fc4be34746a4eddf4345ef8625d7827a889c7b94ede2c4c1bb,0.96,5.21,5.21,5,242,0.15,63845.2050,Matched,,63893.9,,-48.6950,NO,1,0.2084
1783904700,13,0xe552b0f03a2680afe1174707f0172f5a9018535f59c80412f443a58bf090aa11,NO,0x365f472f6b65e3fc4be34746a4eddf4345ef8625d7827a889c7b94ede2c4c1bb,0.96,5.21,5.21,5,242,0.15,63845.2050,Matched,,63893.9,,-48.6950,NO,1,0.2084
1783904700,13,0xe552b0f03a2680afe1174707f0172f5a9018535f59c80412f443a58bf090aa11,NO,0x365f472f6b65e3fc4be34746a4eddf4345ef8625d7827a889c7b94ede2c4c1bb,0.96,5.21,5.21,5,242,0.15,63845.2050,Matched,,63893.9,,-48.6950,NO,1,0.2084
1783904700,13,0xe552b0f03a2680afe1174707f0172f5a9018535f59c80412f443a58bf090aa11,NO,0x365f472f6b65e3fc4be34746a4eddf4345ef8625d7827a889c7b94ede2c4c1bb,0.96,5.21,5.21,5,242,0.15,63845.2050,Matched,,63893.9,,-48.6950,NO,1,0.2084
1783904700,13,0xe552b0f03a2680afe1174707f0172f5a9018535f59c80412f443a58bf090aa11,NO,0x365f472f6b65e3fc4be34746a4eddf4345ef8625d7827a889c7b94ede2c4c1bb,0.96,5.21,5.21,5,242,0.15,63845.2050,Matched,,63893.9,,-48.6950,NO,1,0.2084
1783904700,13,0xe552b0f03a2680afe1174707f0172f5a9018535f59c80412f443a58bf090aa11,NO,0x365f472f6b65e3fc4be34746a4eddf4345ef8625d7827a889c7b94ede2c4c1bb,0.96,5.21,5.21,5,242,0.15,63845.2050,Matched,,63893.9,,-48.6950,NO,1,0.2084
1783904700,13,0xe552b0f03a2680afe1174707f0172f5a9018535f59c80412f443a58bf090aa11,NO,0x365f472f6b65e3fc4be34746a4eddf4345ef8625d7827a889c7b94ede2c4c1bb,0.96,5.21,5.21,5,242,0.15,63845.2050,Matched,,63893.9,,-48.6950,NO,1,0.2084
1783904700,13,0xe552b0f03a2680afe1174707f0172f5a9018535f59c80412f443a58bf090aa11,NO,0x365f472f6b65e3fc4be34746a4eddf4345ef8625d7827a889c7b94ede2c4c1bb,0.96,5.21,5.21,5,242,0.15,63845.2050,Matched,,63893.9,,-48.6950,NO,1,0.2084
1783904700,13,0xe552b0f03a2680afe1174707f0172f5a9018535f59c80412f443a58bf090aa11,NO,0x365f472f6b65e3fc4be34746a4eddf4345ef8625d7827a889c7b94ede2c4c1bb,0.96,5.21,5.21,5,242,0.15,63845.2050,Matched,,63893.9,,-48.6950,NO,1,0.2084
1783904700,13,0xe552b0f03a2680afe1174707f0172f5a9018535f59c80412f443a58bf090aa11,NO,0x365f472f6b65e3fc4be34746a4eddf4345ef8625d7827a889c7b94ede2c4c1bb,0.96,5.21,5.21,5,242,0.15,63845.2050,Matched,,63893.9,,-48.6950,NO,1,0.2084
1783904700,13,0xe552b0f03a2680afe1174707f0172f5a9018535f59c80412f443a58bf090aa11,NO,0x365f472f6b65e3fc4be34746a4eddf4345ef8625d7827a889c7b94ede2c4c1bb,0.96,5.21,5.21,5,242,0.15,63845.2050,Matched,,63893.9,63675.52584922,-48.6950,NO,1,0.2084
1783904700,13,0xe552b0f03a2680afe1174707f0172f5a9018535f59c80412f443a58bf090aa11,NO,0x365f472f6b65e3fc4be34746a4eddf4345ef8625d7827a889c7b94ede2c4c1bb,0.96,5.21,5.21,5,242,0.15,63845.2050,Matched,,63893.9,63804.79114764,-48.6950,NO,1,0.2084
1783904700,13,0xe552b0f03a2680afe1174707f0172f5a9018535f59c80412f443a58bf090aa11,NO,0x365f472f6b65e3fc4be34746a4eddf4345ef8625d7827a889c7b94ede2c4c1bb,0.96,5.21,5.21,5,242,0.15,63845.2050,Matched,,63893.9,63717.59672096,-48.6950,NO,1,0.2084
1783904700,13,0xe552b0f03a2680afe1174707f0172f5a9018535f59c80412f443a58bf090aa11,NO,0x365f472f6b65e3fc4be34746a4eddf4345ef8625d7827a889c7b94ede2c4c1bb,0.96,5.21,5.21,5,242,0.15,63845.2050,Matched,,63893.9,,-48.6950,NO,1,0.2084
1783904700,13,0xe552b0f03a2680afe1174707f0172f5a9018535f59c80412f443a58bf090aa11,NO,0x365f472f6b65e3fc4be34746a4eddf4345ef8625d7827a889c7b94ede2c4c1bb,0.96,5.21,5.21,5,242,0.15,63845.2050,Matched,,63893.9,,-48.6950,NO,1,0.2084
1783904700,13,0xe552b0f03a2680afe1174707f0172f5a9018535f59c80412f443a58bf090aa11,NO,0x365f472f6b65e3fc4be34746a4eddf4345ef8625d7827a889c7b94ede2c4c1bb,0.96,5.21,5.21,5,242,0.15,63845.2050,Matched,,63893.9,,-48.6950,NO,1,0.2084
1783904700,13,0xe552b0f03a2680afe1174707f0172f5a9018535f59c80412f443a58bf090aa11,NO,0x365f472f6b65e3fc4be34746a4eddf4345ef8625d7827a889c7b94ede2c4c1bb,0.96,5.21,5.21,5,242,0.15,63845.2050,Matched,,63893.9,,-48.6950,NO,1,0.2084
1783904700,13,0xe552b0f03a2680afe1174707f0172f5a9018535f59c80412f443a58bf090aa11,NO,0x365f472f6b65e3fc4be34746a4eddf4345ef8625d7827a889c7b94ede2c4c1bb,0.96,5.21,5.21,5,242,0.15,63845.2050,Matched,,63893.9,,-48.6950,NO,1,0.2084
1783904700,13,0xe552b0f03a2680afe1174707f0172f5a9018535f59c80412f443a58bf090aa11,NO,0x365f472f6b65e3fc4be34746a4eddf4345ef8625d7827a889c7b94ede2c4c1bb,0.96,5.21,5.21,5,242,0.15,63845.2050,Matched,,63893.9,,-48.6950,NO,1,0.2084
1783904700,13,0xe552b0f03a2680afe1174707f0172f5a9018535f59c80412f443a58bf090aa11,NO,0x365f472f6b65e3fc4be34746a4eddf4345ef8625d7827a889c7b94ede2c4c1bb,0.96,5.21,5.21,5,242,0.15,63845.2050,Matched,,63893.9,,-48.6950,NO,1,0.2084
1783904700,13,0xe552b0f03a2680afe1174707f0172f5a9018535f59c80412f443a58bf090aa11,NO,0x365f472f6b65e3fc4be34746a4eddf4345ef8625d7827a889c7b94ede2c4c1bb,0.96,5.21,5.21,5,242,0.15,63845.2050,Matched,,63893.9,63804.79114764,-48.6950,NO,1,0.2084
1783904700,13,0xe552b0f03a2680afe1174707f0172f5a9018535f59c80412f443a58bf090aa11,NO,0x365f472f6b65e3fc4be34746a4eddf4345ef8625d7827a889c7b94ede2c4c1bb,0.96,5.21,5.21,5,242,0.15,63845.2050,Matched,,63893.9,,-48.6950,NO,1,0.2084
1783904700,13,0xe552b0f03a2680afe1174707f0172f5a9018535f59c80412f443a58bf090aa11,NO,0x365f472f6b65e3fc4be34746a4eddf4345ef8625d7827a889c7b94ede2c4c1bb,0.96,5.21,5.21,5,242,0.15,63845.2050,Matched,,63893.9,,-48.6950,NO,1,0.2084
1783904700,13,0xe552b0f03a2680afe1174707f0172f5a9018535f59c80412f443a58bf090aa11,NO,0x365f472f6b65e3fc4be34746a4eddf4345ef8625d7827a889c7b94ede2c4c1bb,0.96,5.21,5.21,5,242,0.15,63845.2050,Matched,,63893.9,,-48.6950,NO,1,0.2084
1783904700,13,0xe552b0f03a2680afe1174707f0172f5a9018535f59c80412f443a58bf090aa11,NO,0x365f472f6b65e3fc4be34746a4eddf4345ef8625d7827a889c7b94ede2c4c1bb,0.96,5.21,5.21,5,242,0.15,63845.2050,Matched,,63893.9,,-48.6950,NO,1,0.2084
1783904700,13,0xe552b0f03a2680afe1174707f0172f5a9018535f59c80412f443a58bf090aa11,NO,0x365f472f6b65e3fc4be34746a4eddf4345ef8625d7827a889c7b94ede2c4c1bb,0.96,5.21,5.21,5,242,0.15,63845.2050,Matched,,63893.9,,-48.6950,NO,1,0.2084
1783904700,13,0xe552b0f03a2680afe1174707f0172f5a9018535f59c80412f443a58bf090aa11,NO,0x365f472f6b65e3fc4be34746a4eddf4345ef8625d7827a889c7b94ede2c4c1bb,0.96,5.21,5.21,5,242,0.15,63845.2050,Matched,,63893.9,,-48.6950,NO,1,0.2084
1783904700,13,0xe552b0f03a2680afe1174707f0172f5a9018535f59c80412f443a58bf090aa11,NO,0x365f472f6b65e3fc4be34746a4eddf4345ef8625d7827a889c7b94ede2c4c1bb,0.96,5.21,5.21,5,242,0.15,63845.2050,Matched,,63893.9,,-48.6950,NO,1,0.2084
1783904700,13,0xe552b0f03a2680afe1174707f0172f5a9018535f59c80412f443a58bf090aa11,NO,0x365f472f6b65e3fc4be34746a4eddf4345ef8625d7827a889c7b94ede2c4c1bb,0.96,5.21,5.21,5,242,0.15,63845.2050,Matched,,63893.9,,-48.6950,NO,1,0.2084
1783904700,13,0xe552b0f03a2680afe1174707f0172f5a9018535f59c80412f443a58bf090aa11,NO,0x365f472f6b65e3fc4be34746a4eddf4345ef8625d7827a889c7b94ede2c4c1bb,0.96,5.21,5.21,5,242,0.15,63845.2050,Matched,,63893.9,,-48.6950,NO,1,0.2084
1783904700,13,0xe552b0f03a2680afe1174707f0172f5a9018535f59c80412f443a58bf090aa11,NO,0x365f472f6b65e3fc4be34746a4eddf4345ef8625d7827a889c7b94ede2c4c1bb,0.96,5.21,5.21,5,242,0.15,63845.2050,Matched,,63893.9,,-48.6950,NO,1,0.2084
1783904700,13,0xe552b0f03a2680afe1174707f0172f5a9018535f59c80412f443a58bf090aa11,NO,0x365f472f6b65e3fc4be34746a4eddf4345ef8625d7827a889c7b94ede2c4c1bb,0.96,5.21,5.21,5,242,0.15,63845.2050,Matched,,63893.9,63670.41141784,-48.6950,NO,1,0.2084
1783904700,13,0xe552b0f03a2680afe1174707f0172f5a9018535f59c80412f443a58bf090aa11,NO,0x365f472f6b65e3fc4be34746a4eddf4345ef8625d7827a889c7b94ede2c4c1bb,0.96,5.21,5.21,5,242,0.15,63845.2050,Matched,,63893.9,63804.79114764,-48.6950,NO,1,0.2084
1783904700,13,0xe552b0f03a2680afe1174707f0172f5a9018535f59c80412f443a58bf090aa11,NO,0x365f472f6b65e3fc4be34746a4eddf4345ef8625d7827a889c7b94ede2c4c1bb,0.96,5.21,5.21,5,242,0.15,63845.2050,Matched,,63893.9,,-48.6950,NO,1,0.2084
1783904700,13,0xe552b0f03a2680afe1174707f0172f5a9018535f59c80412f443a58bf090aa11,NO,0x365f472f6b65e3fc4be34746a4eddf4345ef8625d7827a889c7b94ede2c4c1bb,0.96,5.21,5.21,5,242,0.15,63845.2050,Matched,,63893.9,,-48.6950,NO,1,0.2084
1783904700,13,0xe552b0f03a2680afe1174707f0172f5a9018535f59c80412f443a58bf090aa11,NO,0x365f472f6b65e3fc4be34746a4eddf4345ef8625d7827a889c7b94ede2c4c1bb,0.96,5.21,5.21,5,242,0.15,63845.2050,Matched,,63893.9,63675.52584922,-48.6950,NO,1,0.2084
1783904700,13,0xe552b0f03a2680afe1174707f0172f5a9018535f59c80412f443a58bf090aa11,NO,0x365f472f6b65e3fc4be34746a4eddf4345ef8625d7827a889c7b94ede2c4c1bb,0.96,5.21,5.21,5,242,0.15,63845.2050,Matched,,63893.9,63670.41141784,-48.6950,NO,1,0.2084
1783904700,13,0xe552b0f03a2680afe1174707f0172f5a9018535f59c80412f443a58bf090aa11,NO,0x365f472f6b65e3fc4be34746a4eddf4345ef8625d7827a889c7b94ede2c4c1bb,0.96,5.21,5.21,5,242,0.15,63845.2050,Matched,,63893.9,,-48.6950,NO,1,0.2084
1783904700,13,0xe552b0f03a2680afe1174707f0172f5a9018535f59c80412f443a58bf090aa11,NO,0x365f472f6b65e3fc4be34746a4eddf4345ef8625d7827a889c7b94ede2c4c1bb,0.96,5.21,5.21,5,242,0.15,63845.2050,Matched,,63893.9,,-48.6950,NO,1,0.2084
1783904700,13,0xe552b0f03a2680afe1174707f0172f5a9018535f59c80412f443a58bf090aa11,NO,0x365f472f6b65e3fc4be34746a4eddf4345ef8625d7827a889c7b94ede2c4c1bb,0.96,5.21,5.21,5,242,0.15,63845.2050,Matched,,63893.9,,-48.6950,NO,1,0.2084
1783904700,13,0xe552b0f03a2680afe1174707f0172f5a9018535f59c80412f443a58bf090aa11,NO,0x365f472f6b65e3fc4be34746a4eddf4345ef8625d7827a889c7b94ede2c4c1bb,0.96,5.21,5.21,5,242,0.15,63845.2050,Matched,,63893.9,,-48.6950,NO,1,0.2084
1783904700,13,0xe552b0f03a2680afe1174707f0172f5a9018535f59c80412f443a58bf090aa11,NO,0x365f472f6b65e3fc4be34746a4eddf4345ef8625d7827a889c7b94ede2c4c1bb,0.96,5.21,5.21,5,242,0.15,63845.2050,Matched,,63893.9,63804.79114764,-48.6950,NO,1,0.2084
1783904700,13,0xe552b0f03a2680afe1174707f0172f5a9018535f59c80412f443a58bf090aa11,NO,0x365f472f6b65e3fc4be34746a4eddf4345ef8625d7827a889c7b94ede2c4c1bb,0.96,5.21,5.21,5,242,0.15,63845.2050,Matched,,63893.9,,-48.6950,NO,1,0.2084
1783904700,13,0xe552b0f03a2680afe1174707f0172f5a9018535f59c80412f443a58bf090aa11,NO,0x365f472f6b65e3fc4be34746a4eddf4345ef8625d7827a889c7b94ede2c4c1bb,0.96,5.21,5.21,5,242,0.15,63845.2050,Matched,,63893.9,,-48.6950,NO,1,0.2084
1783904700,13,0xe552b0f03a2680afe1174707f0172f5a9018535f59c80412f443a58bf090aa11,NO,0x365f472f6b65e3fc4be34746a4eddf4345ef8625d7827a889c7b94ede2c4c1bb,0.96,5.21,5.21,5,242,0.15,63845.2050,Matched,,63893.9,63804.79114764,-48.6950,NO,1,0.2084
1783904700,13,0xe552b0f03a2680afe1174707f0172f5a9018535f59c80412f443a58bf090aa11,NO,0x365f472f6b65e3fc4be34746a4eddf4345ef8625d7827a889c7b94ede2c4c1bb,0.96,5.21,5.21,5,242,0.15,63845.2050,Matched,,63893.9,,-48.6950,NO,1,0.2084
1783904700,13,0xe552b0f03a2680afe1174707f0172f5a9018535f59c80412f443a58bf090aa11,NO,0x365f472f6b65e3fc4be34746a4eddf4345ef8625d7827a889c7b94ede2c4c1bb,0.96,5.21,5.21,5,242,0.15,63845.2050,Matched,,63893.9,,-48.6950,NO,1,0.2084
1783904700,13,0xe552b0f03a2680afe1174707f0172f5a9018535f59c80412f443a58bf090aa11,NO,0x365f472f6b65e3fc4be34746a4eddf4345ef8625d7827a889c7b94ede2c4c1bb,0.96,5.21,5.21,5,242,0.15,63845.2050,Matched,,63893.9,,-48.6950,NO,1,0.2084
1783904700,13,0xe552b0f03a2680afe1174707f0172f5a9018535f59c80412f443a58bf090aa11,NO,0x365f472f6b65e3fc4be34746a4eddf4345ef8625d7827a889c7b94ede2c4c1bb,0.96,5.21,5.21,5,242,0.15,63845.2050,Matched,,63893.9,,-48.6950,NO,1,0.2084
1783904700,13,0xe552b0f03a2680afe1174707f0172f5a9018535f59c80412f443a58bf090aa11,NO,0x365f472f6b65e3fc4be34746a4eddf4345ef8625d7827a889c7b94ede2c4c1bb,0.96,5.21,5.21,5,242,0.15,63845.2050,Matched,,63893.9,63717.59672096,-48.6950,NO,1,0.2084
1783904700,13,0xe552b0f03a2680afe1174707f0172f5a9018535f59c80412f443a58bf090aa11,NO,0x365f472f6b65e3fc4be34746a4eddf4345ef8625d7827a889c7b94ede2c4c1bb,0.96,5.21,5.21,5,242,0.15,63845.2050,Matched,,63893.9,,-48.6950,NO,1,0.2084
1783904700,13,0xe552b0f03a2680afe1174707f0172f5a9018535f59c80412f443a58bf090aa11,NO,0x365f472f6b65e3fc4be34746a4eddf4345ef8625d7827a889c7b94ede2c4c1bb,0.96,5.21,5.21,5,242,0.15,63845.2050,Matched,,63893.9,,-48.6950,NO,1,0.2084
1783904700,13,0xe552b0f03a2680afe1174707f0172f5a9018535f59c80412f443a58bf090aa11,NO,0x365f472f6b65e3fc4be34746a4eddf4345ef8625d7827a889c7b94ede2c4c1bb,0.96,5.21,5.21,5,242,0.15,63845.2050,Matched,,63893.9,63804.79114764,-48.6950,NO,1,0.2084
1783904700,13,0xe552b0f03a2680afe1174707f0172f5a9018535f59c80412f443a58bf090aa11,NO,0x365f472f6b65e3fc4be34746a4eddf4345ef8625d7827a889c7b94ede2c4c1bb,0.96,5.21,5.21,5,242,0.15,63845.2050,Matched,,63893.9,,-48.6950,NO,1,0.2084
1783904700,13,0xe552b0f03a2680afe1174707f0172f5a9018535f59c80412f443a58bf090aa11,NO,0x365f472f6b65e3fc4be34746a4eddf4345ef8625d7827a889c7b94ede2c4c1bb,0.96,5.21,5.21,5,242,0.15,63845.2050,Matched,,63893.9,,-48.6950,NO,1,0.2084
1783904700,13,0xe552b0f03a2680afe1174707f0172f5a9018535f59c80412f443a58bf090aa11,NO,0x365f472f6b65e3fc4be34746a4eddf4345ef8625d7827a889c7b94ede2c4c1bb,0.96,5.21,5.21,5,242,0.15,63845.2050,Matched,,63893.9,,-48.6950,NO,1,0.2084
1783904700,13,0xe552b0f03a2680afe1174707f0172f5a9018535f59c80412f443a58bf090aa11,NO,0x365f472f6b65e3fc4be34746a4eddf4345ef8625d7827a889c7b94ede2c4c1bb,0.96,5.21,5.21,5,242,0.15,63845.2050,Matched,,63893.9,,-48.6950,NO,1,0.2084
1783904700,13,0xe552b0f03a2680afe1174707f0172f5a9018535f59c80412f443a58bf090aa11,NO,0x365f472f6b65e3fc4be34746a4eddf4345ef8625d7827a889c7b94ede2c4c1bb,0.96,5.21,5.21,5,242,0.15,63845.2050,Matched,,63893.9,,-48.6950,NO,1,0.2084
1783904700,13,0xe552b0f03a2680afe1174707f0172f5a9018535f59c80412f443a58bf090aa11,NO,0x365f472f6b65e3fc4be34746a4eddf4345ef8625d7827a889c7b94ede2c4c1bb,0.96,5.21,5.21,5,242,0.15,63845.2050,Matched,,63893.9,,-48.6950,NO,1,0.2084
1783904700,13,0xe552b0f03a2680afe1174707f0172f5a9018535f59c80412f443a58bf090aa11,NO,0x365f472f6b65e3fc4be34746a4eddf4345ef8625d7827a889c7b94ede2c4c1bb,0.96,5.21,5.21,5,242,0.15,63845.2050,Matched,,63893.9,,-48.6950,NO,1,0.2084
1783904700,13,0xe552b0f03a2680afe1174707f0172f5a9018535f59c80412f443a58bf090aa11,NO,0x365f472f6b65e3fc4be34746a4eddf4345ef8625d7827a889c7b94ede2c4c1bb,0.96,5.21,5.21,5,242,0.15,63845.2050,Matched,,63893.9,,-48.6950,NO,1,0.2084
1783904700,13,0xe552b0f03a2680afe1174707f0172f5a9018535f59c80412f443a58bf090aa11,NO,0x365f472f6b65e3fc4be34746a4eddf4345ef8625d7827a889c7b94ede2c4c1bb,0.96,5.21,5.21,5,242,0.15,63845.2050,Matched,,63893.9,,-48.6950,NO,1,0.2084
1783904700,13,0xe552b0f03a2680afe1174707f0172f5a9018535f59c80412f443a58bf090aa11,NO,0x365f472f6b65e3fc4be34746a4eddf4345ef8625d7827a889c7b94ede2c4c1bb,0.96,5.21,5.21,5,242,0.15,63845.2050,Matched,,63893.9,,-48.6950,NO,1,0.2084
1783904700,13,0xe552b0f03a2680afe1174707f0172f5a9018535f59c80412f443a58bf090aa11,NO,0x365f472f6b65e3fc4be34746a4eddf4345ef8625d7827a889c7b94ede2c4c1bb,0.96,5.21,5.21,5,242,0.15,63845.2050,Matched,,63893.9,,-48.6950,NO,1,0.2084
1783904700,13,0xe552b0f03a2680afe1174707f0172f5a9018535f59c80412f443a58bf090aa11,NO,0x365f472f6b65e3fc4be34746a4eddf4345ef8625d7827a889c7b94ede2c4c1bb,0.96,5.21,5.21,5,242,0.15,63845.2050,Matched,,63893.9,63670.41141784,-48.6950,NO,1,0.2084
1783904700,13,0xe552b0f03a2680afe1174707f0172f5a9018535f59c80412f443a58bf090aa11,NO,0x365f472f6b65e3fc4be34746a4eddf4345ef8625d7827a889c7b94ede2c4c1bb,0.96,5.21,5.21,5,242,0.15,63845.2050,Matched,,63893.9,,-48.6950,NO,1,0.2084
1783904700,13,0xe552b0f03a2680afe1174707f0172f5a9018535f59c80412f443a58bf090aa11,NO,0x365f472f6b65e3fc4be34746a4eddf4345ef8625d7827a889c7b94ede2c4c1bb,0.96,5.21,5.21,5,242,0.15,63845.2050,Matched,,63893.9,,-48.6950,NO,1,0.2084
1783904700,13,0xe552b0f03a2680afe1174707f0172f5a9018535f59c80412f443a58bf090aa11,NO,0x365f472f6b65e3fc4be34746a4eddf4345ef8625d7827a889c7b94ede2c4c1bb,0.96,5.21,5.21,5,242,0.15,63845.2050,Matched,,63893.9,,-48.6950,NO,1,0.2084
1783904700,13,0xe552b0f03a2680afe1174707f0172f5a9018535f59c80412f443a58bf090aa11,NO,0x365f472f6b65e3fc4be34746a4eddf4345ef8625d7827a889c7b94ede2c4c1bb,0.96,5.21,5.21,5,242,0.15,63845.2050,Matched,,63893.9,,-48.6950,NO,1,0.2084
1783904700,13,0xe552b0f03a2680afe1174707f0172f5a9018535f59c80412f443a58bf090aa11,NO,0x365f472f6b65e3fc4be34746a4eddf4345ef8625d7827a889c7b94ede2c4c1bb,0.96,5.21,5.21,5,242,0.15,63845.2050,Matched,,63893.9,,-48.6950,NO,1,0.2084
1783904700,13,0xe552b0f03a2680afe1174707f0172f5a9018535f59c80412f443a58bf090aa11,NO,0x365f472f6b65e3fc4be34746a4eddf4345ef8625d7827a889c7b94ede2c4c1bb,0.96,5.21,5.21,5,242,0.15,63845.2050,Matched,,63893.9,63670.41141784,-48.6950,NO,1,0.2084
1783904700,13,0xe552b0f03a2680afe1174707f0172f5a9018535f59c80412f443a58bf090aa11,NO,0x365f472f6b65e3fc4be34746a4eddf4345ef8625d7827a889c7b94ede2c4c1bb,0.96,5.21,5.21,5,242,0.15,63845.2050,Matched,,63893.9,,-48.6950,NO,1,0.2084
1783904700,13,0xe552b0f03a2680afe1174707f0172f5a9018535f59c80412f443a58bf090aa11,NO,0x365f472f6b65e3fc4be34746a4eddf4345ef8625d7827a889c7b94ede2c4c1bb,0.96,5.21,5.21,5,242,0.15,63845.2050,Matched,,63893.9,,-48.6950,NO,1,0.2084
1783904700,13,0xe552b0f03a2680afe1174707f0172f5a9018535f59c80412f443a58bf090aa11,NO,0x365f472f6b65e3fc4be34746a4eddf4345ef8625d7827a889c7b94ede2c4c1bb,0.96,5.21,5.21,5,242,0.15,63845.2050,Matched,,63893.9,,-48.6950,NO,1,0.2084
1783904700,13,0xe552b0f03a2680afe1174707f0172f5a9018535f59c80412f443a58bf090aa11,NO,0x365f472f6b65e3fc4be34746a4eddf4345ef8625d7827a889c7b94ede2c4c1bb,0.96,5.21,5.21,5,242,0.15,63845.2050,Matched,,63893.9,,-48.6950,NO,1,0.2084
1783904700,13,0xe552b0f03a2680afe1174707f0172f5a9018535f59c80412f443a58bf090aa11,NO,0x365f472f6b65e3fc4be34746a4eddf4345ef8625d7827a889c7b94ede2c4c1bb,0.96,5.21,5.21,5,242,0.15,63845.2050,Matched,,63893.9,,-48.6950,NO,1,0.2084
1783904700,13,0xe552b0f03a2680afe1174707f0172f5a9018535f59c80412f443a58bf090aa11,NO,0x365f472f6b65e3fc4be34746a4eddf4345ef8625d7827a889c7b94ede2c4c1bb,0.96,5.21,5.21,5,242,0.15,63845.2050,Matched,,63893.9,,-48.6950,NO,1,0.2084
1783904700,13,0xe552b0f03a2680afe1174707f0172f5a9018535f59c80412f443a58bf090aa11,NO,0x365f472f6b65e3fc4be34746a4eddf4345ef8625d7827a889c7b94ede2c4c1bb,0.96,5.21,5.21,5,242,0.15,63845.2050,Matched,,63893.9,,-48.6950,NO,1,0.2084
1783905300,15,0x7b8415c85a0bc9d970cb9f5415435167307df2435393c493408eac15ab4d7901,NO,0x831751cc2a7d6dfe8e86dd31addcfb237d8e798cb28e3879532bcd810125d79b,0.96,5.21,5.21,5,240,0.00,63724.7,Live,,63810.04777149,,-85.34777149,NO,1,0.2084
1783905300,15,0x7b8415c85a0bc9d970cb9f5415435167307df2435393c493408eac15ab4d7901,NO,0x831751cc2a7d6dfe8e86dd31addcfb237d8e798cb28e3879532bcd810125d79b,0.96,5.21,5.21,5,240,0.00,63724.7,Live,,63810.04777149,,-85.34777149,NO,1,0.2084
1783905300,15,0x7b8415c85a0bc9d970cb9f5415435167307df2435393c493408eac15ab4d7901,NO,0x831751cc2a7d6dfe8e86dd31addcfb237d8e798cb28e3879532bcd810125d79b,0.96,5.21,5.21,5,240,0.00,63724.7,Live,,63810.04777149,,-85.34777149,NO,1,0.2084
1783905300,15,0x7b8415c85a0bc9d970cb9f5415435167307df2435393c493408eac15ab4d7901,NO,0x831751cc2a7d6dfe8e86dd31addcfb237d8e798cb28e3879532bcd810125d79b,0.96,5.21,5.21,5,240,0.00,63724.7,Live,,63810.04777149,,-85.34777149,NO,1,0.2084
1783905300,15,0x7b8415c85a0bc9d970cb9f5415435167307df2435393c493408eac15ab4d7901,NO,0x831751cc2a7d6dfe8e86dd31addcfb237d8e798cb28e3879532bcd810125d79b,0.96,5.21,5.21,5,240,0.00,63724.7,Live,,63810.04777149,,-85.34777149,NO,1,0.2084
1783905300,15,0x7b8415c85a0bc9d970cb9f5415435167307df2435393c493408eac15ab4d7901,NO,0x831751cc2a7d6dfe8e86dd31addcfb237d8e798cb28e3879532bcd810125d79b,0.96,5.21,5.21,5,240,0.00,63724.7,Live,,63810.04777149,,-85.34777149,NO,1,0.2084
1783905300,15,0x7b8415c85a0bc9d970cb9f5415435167307df2435393c493408eac15ab4d7901,NO,0x831751cc2a7d6dfe8e86dd31addcfb237d8e798cb28e3879532bcd810125d79b,0.96,5.21,5.21,5,240,0.00,63724.7,Live,,63810.04777149,,-85.34777149,NO,1,0.2084
1783905300,15,0x7b8415c85a0bc9d970cb9f5415435167307df2435393c493408eac15ab4d7901,NO,0x831751cc2a7d6dfe8e86dd31addcfb237d8e798cb28e3879532bcd810125d79b,0.96,5.21,5.21,5,240,0.00,63724.7,Live,,63810.04777149,,-85.34777149,NO,1,0.2084
1783905300,15,0x7b8415c85a0bc9d970cb9f5415435167307df2435393c493408eac15ab4d7901,NO,0x831751cc2a7d6dfe8e86dd31addcfb237d8e798cb28e3879532bcd810125d79b,0.96,5.21,5.21,5,240,0.00,63724.7,Live,,63810.04777149,,-85.34777149,NO,1,0.2084
1783905300,15,0x7b8415c85a0bc9d970cb9f5415435167307df2435393c493408eac15ab4d7901,NO,0x831751cc2a7d6dfe8e86dd31addcfb237d8e798cb28e3879532bcd810125d79b,0.96,5.21,5.21,5,240,0.00,63724.7,Live,,63810.04777149,,-85.34777149,NO,1,0.2084
1783905300,15,0x7b8415c85a0bc9d970cb9f5415435167307df2435393c493408eac15ab4d7901,NO,0x831751cc2a7d6dfe8e86dd31addcfb237d8e798cb28e3879532bcd810125d79b,0.96,5.21,5.21,5,240,0.00,63724.7,Live,,63810.04777149,,-85.34777149,NO,1,0.2084
1783905300,15,0x7b8415c85a0bc9d970cb9f5415435167307df2435393c493408eac15ab4d7901,NO,0x831751cc2a7d6dfe8e86dd31addcfb237d8e798cb28e3879532bcd810125d79b,0.96,5.21,5.21,5,240,0.00,63724.7,Live,,63810.04777149,,-85.34777149,NO,1,0.2084
1783905300,15,0x7b8415c85a0bc9d970cb9f5415435167307df2435393c493408eac15ab4d7901,NO,0x831751cc2a7d6dfe8e86dd31addcfb237d8e798cb28e3879532bcd810125d79b,0.96,5.21,5.21,5,240,0.00,63724.7,Live,,63810.04777149,,-85.34777149,NO,1,0.2084
1783905300,15,0x7b8415c85a0bc9d970cb9f5415435167307df2435393c493408eac15ab4d7901,NO,0x831751cc2a7d6dfe8e86dd31addcfb237d8e798cb28e3879532bcd810125d79b,0.96,5.21,5.21,5,240,0.00,63724.7,Live,,63810.04777149,,-85.34777149,NO,1,0.2084
1783905300,15,0x7b8415c85a0bc9d970cb9f5415435167307df2435393c493408eac15ab4d7901,NO,0x831751cc2a7d6dfe8e86dd31addcfb237d8e798cb28e3879532bcd810125d79b,0.96,5.21,5.21,5,240,0.00,63724.7,Live,,63810.04777149,,-85.34777149,NO,1,0.2084
1783905300,15,0x7b8415c85a0bc9d970cb9f5415435167307df2435393c493408eac15ab4d7901,NO,0x831751cc2a7d6dfe8e86dd31addcfb237d8e798cb28e3879532bcd810125d79b,0.96,5.21,5.21,5,240,0.00,63724.7,Live,,63810.04777149,,-85.34777149,NO,1,0.2084
1783905300,15,0x7b8415c85a0bc9d970cb9f5415435167307df2435393c493408eac15ab4d7901,NO,0x831751cc2a7d6dfe8e86dd31addcfb237d8e798cb28e3879532bcd810125d79b,0.96,5.21,5.21,5,240,0.00,63724.7,Live,,63810.04777149,,-85.34777149,NO,1,0.2084
1783905300,15,0x7b8415c85a0bc9d970cb9f5415435167307df2435393c493408eac15ab4d7901,NO,0x831751cc2a7d6dfe8e86dd31addcfb237d8e798cb28e3879532bcd810125d79b,0.96,5.21,5.21,5,240,0.00,63724.7,Live,,63810.04777149,,-85.34777149,NO,1,0.2084
1783905300,15,0x7b8415c85a0bc9d970cb9f5415435167307df2435393c493408eac15ab4d7901,NO,0x831751cc2a7d6dfe8e86dd31addcfb237d8e798cb28e3879532bcd810125d79b,0.96,5.21,5.21,5,240,0.00,63724.7,Live,,63810.04777149,,-85.34777149,NO,1,0.2084
1783905300,15,0x7b8415c85a0bc9d970cb9f5415435167307df2435393c493408eac15ab4d7901,NO,0x831751cc2a7d6dfe8e86dd31addcfb237d8e798cb28e3879532bcd810125d79b,0.96,5.21,5.21,5,240,0.00,63724.7,Live,,63810.04777149,,-85.34777149,NO,1,0.2084
1783905300,15,0x7b8415c85a0bc9d970cb9f5415435167307df2435393c493408eac15ab4d7901,NO,0x831751cc2a7d6dfe8e86dd31addcfb237d8e798cb28e3879532bcd810125d79b,0.96,5.21,5.21,5,240,0.00,63724.7,Live,,63810.04777149,,-85.34777149,NO,1,0.2084
1783905300,15,0x7b8415c85a0bc9d970cb9f5415435167307df2435393c493408eac15ab4d7901,NO,0x831751cc2a7d6dfe8e86dd31addcfb237d8e798cb28e3879532bcd810125d79b,0.96,5.21,5.21,5,240,0.00,63724.7,Live,,63810.04777149,,-85.34777149,NO,1,0.2084
1783905300,15,0x7b8415c85a0bc9d970cb9f5415435167307df2435393c493408eac15ab4d7901,NO,0x831751cc2a7d6dfe8e86dd31addcfb237d8e798cb28e3879532bcd810125d79b,0.96,5.21,5.21,5,240,0.00,63724.7,Live,,63810.04777149,,-85.34777149,NO,1,0.2084
1783905300,15,0x7b8415c85a0bc9d970cb9f5415435167307df2435393c493408eac15ab4d7901,NO,0x831751cc2a7d6dfe8e86dd31addcfb237d8e798cb28e3879532bcd810125d79b,0.96,5.21,5.21,5,240,0.00,63724.7,Live,,63810.04777149,,-85.34777149,NO,1,0.2084
1783905300,15,0x7b8415c85a0bc9d970cb9f5415435167307df2435393c493408eac15ab4d7901,NO,0x831751cc2a7d6dfe8e86dd31addcfb237d8e798cb28e3879532bcd810125d79b,0.96,5.21,5.21,5,240,0.00,63724.7,Live,,63810.04777149,,-85.34777149,NO,1,0.2084
1783905300,15,0x7b8415c85a0bc9d970cb9f5415435167307df2435393c493408eac15ab4d7901,NO,0x831751cc2a7d6dfe8e86dd31addcfb237d8e798cb28e3879532bcd810125d79b,0.96,5.21,5.21,5,240,0.00,63724.7,Live,,63810.04777149,,-85.34777149,NO,1,0.2084
1783905300,15,0x7b8415c85a0bc9d970cb9f5415435167307df2435393c493408eac15ab4d7901,NO,0x831751cc2a7d6dfe8e86dd31addcfb237d8e798cb28e3879532bcd810125d79b,0.96,5.21,5.21,5,240,0.00,63724.7,Live,,63810.04777149,,-85.34777149,NO,1,0.2084
1783905300,15,0x7b8415c85a0bc9d970cb9f5415435167307df2435393c493408eac15ab4d7901,NO,0x831751cc2a7d6dfe8e86dd31addcfb237d8e798cb28e3879532bcd810125d79b,0.96,5.21,5.21,5,240,0.00,63724.7,Live,,63810.04777149,,-85.34777149,NO,1,0.2084
1783905300,15,0x7b8415c85a0bc9d970cb9f5415435167307df2435393c493408eac15ab4d7901,NO,0x831751cc2a7d6dfe8e86dd31addcfb237d8e798cb28e3879532bcd810125d79b,0.96,5.21,5.21,5,240,0.00,63724.7,Live,,63810.04777149,,-85.34777149,NO,1,0.2084
1783905300,15,0x7b8415c85a0bc9d970cb9f5415435167307df2435393c493408eac15ab4d7901,NO,0x831751cc2a7d6dfe8e86dd31addcfb237d8e798cb28e3879532bcd810125d79b,0.96,5.21,5.21,5,240,0.00,63724.7,Live,,63810.04777149,,-85.34777149,NO,1,0.2084
1783905300,15,0x7b8415c85a0bc9d970cb9f5415435167307df2435393c493408eac15ab4d7901,NO,0x831751cc2a7d6dfe8e86dd31addcfb237d8e798cb28e3879532bcd810125d79b,0.96,5.21,5.21,5,240,0.00,63724.7,Live,,63810.04777149,,-85.34777149,NO,1,0.2084
1783905300,15,0x7b8415c85a0bc9d970cb9f5415435167307df2435393c493408eac15ab4d7901,NO,0x831751cc2a7d6dfe8e86dd31addcfb237d8e798cb28e3879532bcd810125d79b,0.96,5.21,5.21,5,240,0.00,63724.7,Live,,63810.04777149,,-85.34777149,NO,1,0.2084
1783905300,15,0x7b8415c85a0bc9d970cb9f5415435167307df2435393c493408eac15ab4d7901,NO,0x831751cc2a7d6dfe8e86dd31addcfb237d8e798cb28e3879532bcd810125d79b,0.96,5.21,5.21,5,240,0.00,63724.7,Live,,63810.04777149,,-85.34777149,NO,1,0.2084
1783905300,15,0x7b8415c85a0bc9d970cb9f5415435167307df2435393c493408eac15ab4d7901,NO,0x831751cc2a7d6dfe8e86dd31addcfb237d8e798cb28e3879532bcd810125d79b,0.96,5.21,5.21,5,240,0.00,63724.7,Live,,63810.04777149,,-85.34777149,NO,1,0.2084
1783905300,15,0x7b8415c85a0bc9d970cb9f5415435167307df2435393c493408eac15ab4d7901,NO,0x831751cc2a7d6dfe8e86dd31addcfb237d8e798cb28e3879532bcd810125d79b,0.96,5.21,5.21,5,240,0.00,63724.7,Live,,63810.04777149,,-85.34777149,NO,1,0.2084
1783905300,15,0x7b8415c85a0bc9d970cb9f5415435167307df2435393c493408eac15ab4d7901,NO,0x831751cc2a7d6dfe8e86dd31addcfb237d8e798cb28e3879532bcd810125d79b,0.96,5.21,5.21,5,240,0.00,63724.7,Live,,63810.04777149,,-85.34777149,NO,1,0.2084
1783905300,15,0x7b8415c85a0bc9d970cb9f5415435167307df2435393c493408eac15ab4d7901,NO,0x831751cc2a7d6dfe8e86dd31addcfb237d8e798cb28e3879532bcd810125d79b,0.96,5.21,5.21,5,240,0.00,63724.7,Live,,63810.04777149,,-85.34777149,NO,1,0.2084
1783905300,15,0x7b8415c85a0bc9d970cb9f5415435167307df2435393c493408eac15ab4d7901,NO,0x831751cc2a7d6dfe8e86dd31addcfb237d8e798cb28e3879532bcd810125d79b,0.96,5.21,5.21,5,240,0.00,63724.7,Live,,63810.04777149,,-85.34777149,NO,1,0.2084
1783905300,15,0x7b8415c85a0bc9d970cb9f5415435167307df2435393c493408eac15ab4d7901,NO,0x831751cc2a7d6dfe8e86dd31addcfb237d8e798cb28e3879532bcd810125d79b,0.96,5.21,5.21,5,240,0.00,63724.7,Live,,63810.04777149,,-85.34777149,NO,1,0.2084
1783905300,15,0x7b8415c85a0bc9d970cb9f5415435167307df2435393c493408eac15ab4d7901,NO,0x831751cc2a7d6dfe8e86dd31addcfb237d8e798cb28e3879532bcd810125d79b,0.96,5.21,5.21,5,240,0.00,63724.7,Live,,63810.04777149,,-85.34777149,NO,1,0.2084
1783905300,15,0x7b8415c85a0bc9d970cb9f5415435167307df2435393c493408eac15ab4d7901,NO,0x831751cc2a7d6dfe8e86dd31addcfb237d8e798cb28e3879532bcd810125d79b,0.96,5.21,5.21,5,240,0.00,63724.7,Live,,63810.04777149,,-85.34777149,NO,1,0.2084
1783905300,15,0x7b8415c85a0bc9d970cb9f5415435167307df2435393c493408eac15ab4d7901,NO,0x831751cc2a7d6dfe8e86dd31addcfb237d8e798cb28e3879532bcd810125d79b,0.96,5.21,5.21,5,240,0.00,63724.7,Live,,63810.04777149,,-85.34777149,NO,1,0.2084
1783905300,15,0x7b8415c85a0bc9d970cb9f5415435167307df2435393c493408eac15ab4d7901,NO,0x831751cc2a7d6dfe8e86dd31addcfb237d8e798cb28e3879532bcd810125d79b,0.96,5.21,5.21,5,240,0.00,63724.7,Live,,63810.04777149,,-85.34777149,NO,1,0.2084
