window_start_ts,condition_id,side,entry_ask,entry_offset_s,swing_at_entry,entered_on_down_swing,btc_at_entry,target_pyth,final_pyth,price_diff_from_entry,resolved_side,resolved_source,won,pnl
1784666400,0x9629653d4551bf569c1fc69b481d6addc0431ce6ee0a494f0656dc4c7032fda0,NO,0.95,276,0.04,0,66407.3,66418.25031403,66418.45792791,-10.95031403,YES,pm,0,-0.95
1784666700,0x77c2c694dfad6c29f6952b90aca70643ca842458e1e3b1038c44620bf9ae95f2,NO,0.95,266,0.07,0,66406.61,66418.32727891,66403.40749999,-11.71727891,NO,pm,1,0.05
1784667000,0x36553d8b73c12a12a01fabb31fe8a587143d37f24cb3f4c66036095fa3123a1a,NO,0.95,271,0.10,0,66387.3050,66396.53571425,66381.50517246,-9.23071425,NO,pm,1,0.05
1784667300,0xc3e049e066b6de33591e566abe786c8f7e4bb90e6e552f030551a28a3438be90,NO,0.95,279,0.10,0,66375.88,66380.19999999,66369.98184504,-4.31999999,NO,pm,1,0.05
1784667900,0x43a122a475bb2d0c0f4d073ee95db07e5727dc17377d9e37d6cffaa1ff45dd0b,YES,0.98,240,0.01,0,66342.16,66300.16582477,66332.58335489,41.99417523,YES,pm,1,0.02
1784668200,0x0ef403432b90e6c9ff5bc34bc8f0cf4d71094245e505415de4c6a435378bc19a,YES,0.96,240,0.01,0,66364.72,66332.40861336,66364.34500000,32.31138664,YES,pm,1,0.04
1784668500,0xfd1a9c1f429e6c66a26092f54ccb3749586e3b9b6faa80b7cee794f7d7ba1051,NO,0.99,240,0.00,0,66310.26,66364.31500000,66308.77000000,-54.05500000,NO,pm,1,0.01
1784668800,0x916ed3b8d019e270971935e0635c9d48c152306cad4a8fcdb0d91d94d595dbb4,YES,0.95,287,0.17,0,66315.7,66308.77000000,66318.35133959,6.93000000,YES,pm,1,0.05
1784669100,0x026555ca88bdf628d2d80f8e5810fcab1d05d85952c8874194e709f85c16db64,NO,0.97,240,0.00,0,66293.86,66317.31847487,66286.32221999,-23.45847487,NO,pm,1,0.03
1784669400,0x83bfffe5c526365108af4fa48ace33b8b58b959b90b7c94366e7bf68c6b34f2f,NO,0.98,240,0.01,0,66250.6750,66286.14751502,66270.01500000,-35.47251502,NO,pm,1,0.02
1784669700,0x2588d41626bbad56bf32221c4f57ad449a54ca1c219e8f85123ab48a2bfd35b0,YES,0.99,240,0.12,0,66302.81,66270.01500002,66298.60000000,32.79499998,YES,pm,1,0.01
1784670000,0x4db87e6de4ca421b0b7367770229647c06ab4f923f69cc2ae7f0be7de3c63082,YES,0.95,263,0.08,0,66315.8350,66297.51470455,66315.15736883,18.32029545,YES,pm,1,0.05
1784670300,0x5d96ba6114daffc173e0d7bfb85f9e322112786e1cac65f97dbf3367f417b569,YES,0.95,279,0.52,0,66319.32,66309.89077578,66318.37438018,9.42922422,YES,pm,1,0.05
1784670600,0xd5dc29a4fda41defbd79dfc7a59b921cd69423888be67c678adde02c8b9fcf3d,YES,0.95,266,0.06,0,66337.1,66323.28864004,66340.21657562,13.81135996,YES,pm,1,0.05
1784671200,0x861e2ae60ae71196d6ef49906b97a5063c5711d441770dde285b5415e8660257,NO,0.95,278,0.19,0,66341.0850,66343.69402573,66318.52002475,-2.60902573,NO,pm,1,0.05
1784671500,0xbd53cff085528bdbb66aa428e4b87ecd72f8e678fa1a23623984a2f3bd00df15,NO,0.95,240,0.05,0,66298.06,66318.47002475,66305.30964043,-20.41002475,NO,pm,1,0.05
1784671800,0xec8f5348782cba4513a4930c285adbad21728c0214d2e98ac42a2e525f9f427b,NO,0.95,240,-0.01,1,66281.55,66305.79692160,66275.80031164,-24.24692160,NO,pm,1,0.05
1784672100,0xe20bd08e5fadcefbe3cd1b22e3bae4db4384c6b308e6654f4cc497ed1cf4dae8,NO,0.95,243,-0.02,1,66255.1,66275.80031164,66191.87345939,-20.70031164,NO,pm,1,0.05
1784672700,0x307f546b960036ed664c7b63396758271a100b867747df706c74ab892edbd112,YES,0.98,240,0.00,0,66242.95,66187.93000000,66241.14029123,55.02000000,YES,pm,1,0.02
1784673000,0x8620679eb66ba2762c84526082b5dcc9a4d5ecf88671d1a8404470149c056d7c,YES,0.99,240,0.00,0,66293.2350,66240.80011080,66294.64000000,52.43488920,YES,pm,1,0.01
1784673300,0xd873f8ce060831d37152c2a337284beb9f109dc21b6e8054bffcb833c522a52a,NO,0.95,283,0.02,0,66285.02,66295.38713588,66292.06503004,-10.36713588,NO,pm,1,0.05
1784673600,0x7537d326676e8177336d54bce3602334d3817fa9a904e2d3482b5c94e88c6a50,NO,0.95,252,0.14,0,66278.00,66285.02503007,66274.37500000,-7.02503007,NO,pm,1,0.05
1784673900,0xdcc0a7c8f614d2e1b99f255eb4d0342d234078bd4829004c68460d1664cf7130,NO,0.99,240,0.00,0,66222.63,66274.37500002,,-51.74500002,NO,pm,1,0.01
1784674200,0x1799050f54ec8e50ef1084d1415bb67679a699c17ebcef6dc10882b81b02b287,YES,0.95,245,0.00,0,66248.45,66220.65286840,66253.87831079,27.79713160,YES,pm,1,0.05
1784674500,0x5473b35d1cf5f5b53c06f3c60e633c199cd94242740758abbca274f87158f66e,YES,0.95,258,0.18,0,66273.65,66254.73179161,66266.00000000,18.91820839,YES,pm,1,0.05
1784674800,0x48d4e4b1f36c97eb72693ec9524da73526a81aaa5366328f7d9e64cfb255ced7,NO,0.95,243,0.02,0,66238.1,66265.70000000,66224.63017438,-27.60000000,NO,pm,1,0.05
1784675100,0x79a3f0503412a70ccd90a94f1b6ce8dc1778660cb9403e1753e42f55e2a4e16e,YES,0.95,253,0.02,0,66250.0350,66224.29561201,66229.25000000,25.73938799,YES,pm,1,0.05
1784675400,0x8cf771ae28b2a6c27af148dcc5a2b0c909fe628b2020b23ad64db1077bad1b7a,YES,0.95,284,-0.05,1,66236.43,66229.25047974,66235.68530286,7.17952026,YES,pm,1,0.05
1784675700,0xbf1e624db27a03989ad82c7f8560b8c9a8bed44a82f49397b57de6ee4930aa9c,YES,0.99,240,0.04,0,66275.09,66235.90153871,66299.53754990,39.18846129,YES,pm,1,0.01
1784676000,0x9fec4dc92245d53dc0f96df7e17bf0b764c643706a75888b7d05f95aeb4dcd2d,NO,0.95,279,0.00,0,66282.5950,66300.83104228,66285.30765838,-18.23604228,NO,pm,1,0.05
1784676300,0x0620140231159f2a1a35db8c0953a5b3b3c44c07c6e402462f86cca8f3418e0a,YES,0.99,240,0.00,0,66340.44,66285.77000000,66361.12308750,54.67000000,YES,pm,1,0.01
1784676600,0x827883e65ae640c467560900ad9471f24567a3612c7df4e732c6bb200cf3f077,YES,0.97,240,0.00,0,66396.71,66360.71095504,66384.36446018,35.99904496,YES,pm,1,0.03
1784676900,0x29b4af041c8afd518fe2f1c6419292cc0e7af8cfeca8c63fcf64c0648c614a6f,YES,0.95,259,-0.05,1,66400,66383.26974514,66403.61195705,16.73025486,YES,pm,1,0.05
1784677200,0xb00d4c5e67455171b6e85ae4c0d7d6bf43426cae1201d0129af6b7769fc6d60a,NO,0.95,267,-0.05,1,66384.250,66404.06943446,66384.97144512,-19.81943446,NO,pm,1,0.05
1784677500,0x6bcc684b1a284a0f298c7e46b19886cc65d6cc06adab290d1243695da7b97441,YES,0.95,252,0.14,0,66403.13,66386.37000000,66425.03999999,16.76000000,YES,pm,1,0.05
1784678400,0x73381d30067aed31efff0c372423f8101c3958a73756e6065a4f81e5492192c1,YES,0.96,242,0.04,0,66552.78,66515.41500000,66577.98750000,37.36500000,YES,pm,1,0.04
1784678700,0xdc7b31b31320902e23019b616c1bb2c8c751230627a2db5afe0adb64605af410,YES,0.95,241,0.04,0,66619.03,66577.99000000,66584.87434750,41.04000000,YES,pm,1,0.05
1784679000,0x0f278ae1e03e62a9c61a9a6bbdbd3358bac3e20d5fbd08bca878ec7d343ebf03,YES,0.95,244,0.08,0,66624.45,66585.08363581,,39.36636419,YES,pm,1,0.05
1784679600,0xe5a2ce11e4178159fc411d67989189871ff0f112d4dd9aa718b4d6f65a34ddb9,YES,0.95,249,0.09,0,66619.4350,66582.18535706,66608.64780039,37.24964294,YES,pm,1,0.05
1784680200,0x1d9ee3081055ce187864748e2c83cab7162c0dac141640f04b69182cf9b6a880,YES,0.95,280,0.00,0,66670.02,66618.37000000,66678.95000000,51.65000000,YES,pm,1,0.05
1784680500,0xe08ff37a7bd3e36de73df2dbc0da4b070b76158c52a24c02a296c971aefd69db,NO,0.95,250,0.19,0,66650.82,66678.95000000,66666.19000000,-28.13000000,NO,pm,1,0.05
1784681100,0x474fc1b799b4147463dbc114faf1725c0069c4f0958fffa61f76b0e59d83d60a,NO,0.99,268,0,0,66613.92,66670.08233856,66660.29999999,-56.16233856,NO,pm,1,0.01
1784681400,0x7099a5adb21eba6ce89984181b2d1446cc57b01057bda968dfaa6364c9fcc77e,NO,0.95,244,0.10,0,66628.75,66662.21514663,66613.67993611,-33.46514663,NO,pm,1,0.05
1784682300,0x02282c96e917611947c168d657f6b9a053a4c81a865f688ccc279eb8d2d5d6ad,NO,0.95,246,0.09,0,66570.6050,66594.33325350,66545.54696734,-23.72825350,NO,pm,1,0.05
1784682600,0xa6f26dc8a76bb203e055432ca5e78a5be900636e7ea6328c859b54440e5fe5dc,NO,0.99,240,0.05,0,66472.78,66545.61764250,66450.71000000,-72.83764250,NO,pm,1,0.01
1784682900,0x305c2ee6b2948740681898af375c7848e703ea88c8845c6cc2ccc1c6f3760da2,NO,0.95,241,0.03,0,66420.18,66450.71000000,66390.81919443,-30.53000000,NO,pm,1,0.05
1784683500,0xb34064e94e65e22eda4856d20423209caf63347e7b5def7b62abe312c7e5d7b1,YES,0.97,286,-0.09,1,66357.51,66318.96999999,66312.00251500,38.54000001,NO,pm,0,-0.97
1784683800,0x94603b0d3f422fa6d82513d651c34378af26f038ae26fde1ebeef0dd10c687c7,YES,0.99,240,0.00,0,66379.9,66311.52382791,66352.60750000,68.37617209,YES,pm,1,0.01
1784684400,0x9dd3b4e81b56659ad2412a3db9c7627d096e9ccc5971d164666ab0e502a52f0a,NO,0.95,242,-0.01,1,66325.0650,66354.89000000,66326.57881223,-29.82500000,NO,pm,1,0.05
1784685000,0xbed0a30efca073e327dd01ee471096009160ea4c8668936668e74bdb62a1ea08,NO,0.95,241,0.03,0,66401.56,66434.88583494,,-33.32583494,NO,pm,1,0.05
1784685900,0x03d8bc3b9d644654b8b2f552edcd3b6d43c82efe40c2bf25b5fcbde042cbf332,NO,0.98,240,0.05,0,66335.94,66384.57751499,66367.17141964,-48.63751499,NO,pm,1,0.02
1784686200,0x4e936d5025333bce3f36c2980e406795889c6745aed38a22dfbb3be23bf5093e,YES,0.97,240,0.05,0,66428.6,66367.38415118,66419.56472823,61.21584882,YES,pm,1,0.03
1784686500,0x2c3f720115577c736d3c811e291c15b36a51e8a9296ea49189435adbce735df5,YES,0.97,287,0.24,0,66427.6250,66419.49793802,66430.96377079,8.12706198,YES,pm,1,0.03
1784687100,0xc180de1da81aab00fc0feef5f94dde0a0964c9d679d66c675514ea3caaf07a6e,NO,0.95,260,0.59,0,66376.9,66408.81500000,66363.29766084,-31.91500000,NO,pm,1,0.05
1784687400,0x0c3a56cf7f99d689dd01445daf8dc9ef21a43bbc2124735d7d7c77b09f4990e8,NO,0.95,243,0.03,0,66329.82,66362.44282364,66320.66503008,-32.62282364,NO,pm,1,0.05
1784687700,0x523b32dc14cf8ddfeb18427b082bc07905ee2677ae3256395515bde478d2a392,NO,0.99,240,0.01,0,66260.92,66320.50210245,66281.60871832,-59.58210245,NO,pm,1,0.01
1784688000,0x51c54d870981f7aa37f4de966e2f969a9be9cdda3fcfb5e5f9297578a1c09cac,YES,0.98,240,0.02,0,66329.2150,66282.29499998,66324.39700762,46.92000002,YES,pm,1,0.02
1784688600,0x935149af96c900429eaf65d84f0ea7ea7f5ba026b3458a05a347bb9c66ccc709,NO,0.99,240,0.00,0,66286.4850,66339.35729937,66301.36688174,-52.87229937,NO,pm,1,0.01
1784688900,0xec8f2b19447867a93b542af2726f3e8ec66d17d7f3f98df673b0aaf33e97406f,NO,0.95,280,0.29,0,66276.1050,66302.10000001,66269.20398167,-25.99500001,NO,pm,1,0.05
1784689500,0x1f185c525b613a4613b61fb58a1655c1b370e7861e110cd7510065aab566fe1e,NO,0.95,241,0.01,0,66233.8350,66266.50552984,66228.58500000,-32.67052984,NO,pm,1,0.05
1784689800,0xb57d5d8772e84f2c424fce421852f329279754ad0f8df50e882ebaed16624077,NO,0.95,241,-0.01,1,66183.9650,66228.58251505,66135.78926498,-44.61751505,NO,pm,1,0.05
1784690100,0x6be19f761c160f90331f5d7d69fda33d3388be5a686cce05a32ceeba0d47419d,YES,0.98,240,0.05,0,66181.16,66136.32067995,66213.26750000,44.83932005,YES,pm,1,0.02
1784690400,0x82a0dd2154b572bb08370d3ea8d50433464c137131c8bdb21289e55d4523a636,YES,0.95,252,0.01,0,66238.65,66213.26250000,66239.86641254,25.38750000,YES,pm,1,0.05
1784691000,0x129251f01b00d6a97af46e9c8b4a2e9b29cbcef0f6d39cd8e858a5505c34a346,NO,0.95,288,0.19,0,66222.17,66233.09854495,66209.33251502,-10.92854495,NO,pm,1,0.05
1784691600,0x610ef867380f5c0f52f6e57b90b6ab38a01abc3a2e45ab65be4a4e5f0b5a20bb,YES,0.95,255,0.27,0,66231.5950,66209.10000000,66232.74749999,22.49500000,YES,pm,1,0.05
1784692200,0x531b9bfefd5b4bbefa22cbc32fe777ed63693edc4d25620bc8fdae5d51cbd686,NO,0.98,240,0.02,0,66251.06,66299.15361293,66235.69600471,-48.09361293,NO,pm,1,0.02
1784692500,0xbee726744617c7d31fbadba06bffc93a79b19b6b2c2403fc63f65ba6b07ab0be,NO,0.99,240,-0.01,1,66135.4,66235.56156676,66164.35000000,-100.16156676,NO,pm,1,0.01
1784693100,0xa7dbc26ba0675ccce0175632b7e38ac4d1465f65c31cf10bd759c88b1c7d7244,YES,0.96,253,0.09,0,66296.98,66272.33935828,66284.85227033,24.64064172,YES,pm,1,0.04
1784693400,0x36b028f8b0c961d9bce726bfa2a30c0f1975dde4be7c2a439b611712b3e63a5c,YES,0.95,284,0.05,0,66294.73,66284.85227033,66292.90000000,9.87772967,YES,pm,1,0.05
1784694000,0x326556663b90447c2c762069450f6bcfd55f4054ef3385fd2dcee96777ef7c6c,YES,0.96,240,0.01,0,66329.32,66289.77389502,66336.99499999,39.54610498,YES,pm,1,0.04
1784694300,0x0d9a6e0be85fea9e440f67f8d21248296eb52db0be7d1cc18a9e5cf91e33982e,YES,0.97,268,0.01,0,66356.5050,66336.92499999,66321.15750000,19.58000001,NO,pm,0,-0.97
1784694900,0xb7a1eaa492cd77adf69a25ae40ac338f9102e7f1a8bd687c93e619f110ef06e6,YES,0.95,244,0.01,0,66362.19,66326.72500000,66343.89500000,35.46500000,YES,pm,1,0.05
1784695200,0xaaae37da6c0245e6aaab8b0f7079b93b3e84dae85a981f2b58566b4ebdafadaa,YES,0.95,259,0.02,0,66368.21,66343.19975357,66376.06920949,25.01024643,YES,pm,1,0.05
1784695500,0xde0e0b0717ef2e53261dbaa0a52ee90d53e1f2e776140bb64f77a8fa94a2e419,NO,0.99,240,0.02,0,66316.95,66375.87160954,66307.38764434,-58.92160954,NO,pm,1,0.01
1784696100,0x0c4bb40021d2f90b67d64b197b3addc6a19942660d66e84f5616417ccfb54ac7,YES,0.95,253,0.03,0,66333.7,66314.81944908,66336.00250000,18.88055092,YES,pm,1,0.05
1784696400,0x2ee7f093c5a15eed0138bef434b0a2fc3fb6ce881543798face9e873328853cc,NO,0.95,240,0.01,0,66310.32,66335.53998537,66255.28000000,-25.21998537,NO,pm,1,0.05
1784696700,0x2f28de5645c23fdd886aae480641a3d895477a8f54556514c12ac1fcaed9004e,NO,0.95,286,-0.07,1,66247.01,66255.28249130,66237.60579151,-8.27249130,NO,pm,1,0.05
1784698200,0x6f09c647a654163f01e26dc93cded331af623418d9b4efadc0a85e77bcebf563,YES,0.95,242,-0.01,1,66061.49,66026.71529687,66082.04807103,34.77470313,YES,pm,1,0.05
1784698800,0x864e4bd5a01e293ad194c04862efb737cc5525692eac11ab71a5a90fa1e4c41b,NO,0.97,240,0.01,0,65930.20,65967.92499999,65939.51750000,-37.72499999,NO,pm,1,0.03
1784699100,0x772d4de5be7e8be18b21bfb4df0878b4152508cba3421753469791da9261fe98,NO,0.95,250,0.15,0,65901.38,65937.40953505,65937.18344792,-36.02953505,NO,pm,1,0.05
1784699700,0x2ea1f049dec80f260733e63534d681fea89c0a3986445a0ac3cfb5bdde30afd6,YES,0.95,284,0.09,0,65930.04,65921.59737390,65934.23000000,8.44262610,YES,pm,1,0.05
1784700000,0xd596592d40abdf81d30d0388ef7a0b9d6c2e94af20c75cc1269f899daf296dbc,YES,0.95,267,0.11,0,65963.31,65934.34194400,65942.00999999,28.96805600,YES,pm,1,0.05
1784700600,0xec6417a4428141a955f24e2548c21070fc02010197610f1e3d5048cab9cce481,YES,0.95,240,0.08,0,65923.47,65873.38750000,65937.51250000,50.08250000,YES,pm,1,0.05
1784700900,0x8b496aa67f966816df2ae03ac6dd8a6e9705885a7397b1939f8d1f42578daad3,NO,0.97,240,0.01,0,65890.84,65937.51750000,65879.85000000,-46.67750000,NO,pm,1,0.03
1784701200,0xa2102ffb7d2e146bed35935b0b4a1e08ed076a19c7cf3798f33e91362c6034a1,NO,0.95,241,-0.01,1,65842.44,65880.97084336,65829.99503009,-38.53084336,NO,pm,1,0.05
1784701500,0x3cf732d70a6e5cb6f887955cc9c1c4b829190a5aa9761a8d9a11de785de817a8,NO,0.95,258,0.01,0,65803.5350,65830.64765493,65812.16288501,-27.11265493,NO,pm,1,0.05
1784701800,0x4bee8f8188e70c091ea3d631b5602bff50844a370f1c18dfb533920946f22dca,YES,0.99,240,0.00,0,65877.83,65812.50000000,65893.84499999,65.33000000,YES,pm,1,0.01
1784702100,0xaba9c696678f66d87666c8a3e207444d5eb48e78f2a275b4ce509f7314678d8e,YES,0.95,267,0.06,0,65919.2450,65893.84250000,65917.25475656,25.40250000,YES,pm,1,0.05
1784702700,0xc66e91e0d12e9684e7a4529e79736e5c3531b47fff7f588505558161b3017022,NO,0.96,240,-0.02,1,65864.13,65910.34000000,,-46.21000000,NO,pm,1,0.04
1784703000,0xf31be7a60ecaf341d0d624a61405e5559debeeaeae7d9d17a14dddce17ca6437,YES,0.95,278,0.03,0,65896.42,65879.48750000,65891.79250000,16.93250000,YES,pm,1,0.05
1784703600,0xd2196ea65a5abf6a1dfb2c9652f3dcb1f98590a3a19e2d89c0e5fc20b38b103e,YES,0.95,253,0.15,0,65908.0250,65890.14299826,65875.52824429,17.88200174,NO,pm,0,-0.95
1784704200,0xcfde13432124c8945137bb3870d2882dd1411f51157b0e2c6db223b0a9c4d0d4,NO,0.95,272,0.13,0,65855.18,65882.46500000,65861.39338172,-27.28500000,NO,pm,1,0.05
1784704800,0x5328e34c36b53c3e8f1138de51310c5241472d2b49e1212e11c6e7f0706ebd94,NO,0.95,266,0.01,0,65852.8,65870.74528433,65830.72043829,-17.94528433,NO,pm,1,0.05
1784705100,0x5fc674802d9019d6bae9a78e7ce093ca73817a4e8ceea990461901cf841ba2d6,YES,0.95,240,-0.02,1,65867.1250,65829.37757480,65858.34369855,37.74742520,YES,pm,1,0.05
1784706000,0x0ef6f5b1323136c744efa995c82f9e94464f864aef938a5b83b13dc17f293f26,YES,0.95,252,0.28,0,65730.4,65701.06786353,65740.80751504,29.33213647,YES,pm,1,0.05
1784706600,0x909336f153b8344e95be1035949222f79da8d431a2f325a6a8fda7d7d26b2439,YES,0.95,240,0.02,0,65773.67,65733.24835055,65783.66597043,40.42164945,YES,pm,1,0.05
1784706900,0x7dbf08ee4cb58bd63c2b5e2f541508a334d021a8994a25c59b17aa243f37956e,YES,0.95,257,0.04,0,65805.5750,65784.54268999,65797.28701120,21.03231001,YES,pm,1,0.05
1784707500,0x49b24cd7ba82ce312458549f4d593afe325bb353020c737374285011d038028d,YES,0.99,240,0.01,0,65996.8050,65938.46786736,65992.19757229,58.33713264,YES,pm,1,0.01
1784707800,0xb518b3a0a42f948bc8da4035d2ecc99d7422fed476de992ed85b42735a3aaff7,NO,0.95,288,0.01,0,65983.63,65991.02383335,65982.37343920,-7.39383335,NO,pm,1,0.05
1784708100,0x4dd62a4cf36c53c54ba14dc79cceab7a394c117028e7a992f44b8a0f0db5d135,YES,0.95,245,0.45,0,66023.11,65982.54614396,66020.84372390,40.56385604,YES,pm,1,0.05
1784708400,0xc1b7916e092616515f2ed33bd80382c462e80205f4a16bb73c31817f6ac005f9,YES,0.99,241,0,0,66071.04,66020.84372390,66027.82183852,50.19627610,YES,pm,1,0.01
1784708700,0x41e286cf83f00ddd96a390db4d1f93709d2813c6be19666b1d1439a567b27265,NO,0.97,240,0.02,0,65974.59,66027.36275772,65966.46000000,-52.77275772,NO,pm,1,0.03
1784709000,0x885580c9997d5879b819f9e69b86bad4f5805e98fa82aedc9a83de3c013f478f,YES,0.95,277,0.20,0,65979.40,65967.48000000,65998.10855980,11.92000000,YES,pm,1,0.05
1784709600,0xc0ed76f9de2e384913c7d19d065d15d3254d00452674c558ca5edc4f45a81492,NO,0.95,278,0.19,0,65885.23,65931.46000000,65882.83250000,-46.23000000,NO,pm,1,0.05
1784709900,0x8cd7181e4e9b2243b91db0097038b22e4f6670b8e2467bd9e15fcc839f939dfc,YES,0.95,240,0.00,0,65919.6750,65883.67499999,65923.66500000,36.00000001,YES,pm,1,0.05
1784710200,0xea35f02dc70aa684adb74d1c46710951f68191435144c9566151f3a3622b9453,YES,0.95,262,0.12,0,65944.03,65923.67000000,65949.42698870,20.36000000,YES,pm,1,0.05
1784710800,0x197c2cc9c9df7261cb22809bfe1d708bcb547cd65374d45e1c619726366417a9,YES,0.95,266,0.06,0,65956.250,65938.00000001,65960.48429392,18.24999999,YES,pm,1,0.05
1784711100,0x56085de52ceb47bc57709469777657076b4c0d58cc7d91932cd7750aef9b8e77,YES,0.98,240,0.01,0,66017.28,65963.72750000,66017.99430695,53.55250000,YES,pm,1,0.02
1784711400,0x8a141a893e64b9a4750b4e73d2ce86dde3fab61a484bf0153b6eb1001077b622,NO,0.99,264,0,0,65951.1,66017.28156895,65956.22000001,-66.18156895,NO,pm,1,0.01
1784711700,0x40731655b861e9298d77e5a06e5b6db4a4f5d7c229c1b8bec2740d43bd14fab7,YES,0.99,240,0.00,0,66014.64,65956.25727532,66011.13613772,58.38272468,YES,pm,1,0.01
1784712000,0xebd0d5a0ed2edf3bcef708df78f3659818677b897fd37fb79ff3662f9dbf815b,NO,0.95,258,0.03,0,65991.57,66010.55895640,65984.14999999,-18.98895640,NO,pm,1,0.05
1784712900,0x24480f639b3172ef6ac8158c8a64825ea11bf59a2609114b25f8a20a4426e3f9,NO,0.97,240,0.00,0,65808.35,65845.36500000,65828.32751502,-37.01500000,NO,pm,1,0.03
1784713200,0xc7e2299c021f1ae5404e16378936b1b6640ef59ef766e938e820db0a4a116ae4,YES,0.95,276,0.03,0,65835.9750,65828.32251505,65835.64048410,7.65248495,YES,pm,1,0.05
1784713500,0x5d074d8254e16d51ef1ff1e4ab520eb92445407171c197e83dfcc41b1d6d6dc1,YES,0.95,273,0.04,0,65852.14,65835.81500000,65849.46044571,16.32500000,YES,pm,1,0.05
1784713800,0x17ac3cdc29e54df24ad50ed51b926df0e03fb03ec714fe8ffe7daf717c26bfdc,NO,0.96,240,-0.02,1,65806.69,65849.36692067,65835.11081387,-42.67692067,NO,pm,1,0.04
1784714400,0xeac19672b1134e2b3d19b768a29bc0509c62bf81fbc69d8307401e252865c93f,YES,0.95,263,0.09,0,65898.47,65881.22500000,65888.47637712,17.24500000,YES,pm,1,0.05
1784714700,0x202f0351182ed782ded3f6c79331daa52429f20ac42e439eb99edc307d33d178,NO,0.99,240,0.00,0,65850,65888.40233420,65867.23765175,-38.40233420,NO,pm,1,0.01
1784715000,0x3fbabc1c0fa1371996201613280db001e8bdc8163f48373db529c610406f4596,YES,0.95,285,0.11,0,65878,65867.39000000,65874.92129906,10.61000000,YES,pm,1,0.05
1784715300,0xc4414ee98b52d6a8b5cb6b9b94044530fb0babefad8470a2972effdf433b2b58,YES,0.95,245,0.09,0,65902.07,65874.92000000,65898.13499999,27.15000000,YES,pm,1,0.05
1784715600,0x753cb14b7756f92fa28a8a76bc08030c39fc94d516b6ffea5cf8c1068b3d2d45,YES,0.95,265,0.02,0,65912.8,65896.31394458,65920.80500000,16.48605542,YES,pm,1,0.05
1784717400,0x70aa1161eed3d365569403cb3029f13215259424ebc6b3b5d9460b50d2f7562c,NO,0.95,268,0.03,0,66038.49,66051.41878458,66029.20000000,-12.92878458,NO,pm,1,0.05
1784717700,0xd01109c0603af2f553c2216f585df26f9ac0ac2736865012e0cc80bcfe7471fc,NO,0.97,240,-0.01,1,65986.63,66029.20000000,66002.22256530,-42.57000000,NO,pm,1,0.03
1784718300,0x21c3d36fb89d48b24ecd54a539f9020367c5dd6c78f36850b57653da65cd1fa4,NO,0.95,269,0.08,0,65990.55,66004.96818249,65984.45768493,-14.41818249,NO,pm,1,0.05
1784718600,0x73ddf6443999849710c28d44fc282a9e00cc0877868198d52ea743a4f1658a9b,NO,0.95,267,0.59,0,65972.83,65985.36716537,65968.35936347,-12.53716537,NO,pm,1,0.05
1784718900,0x88af0623d17ff3e4b56caaffb0cafb951cc69ba6324511d413056f3eb776bfe6,NO,0.95,247,0.05,0,65953.48,65968.72290999,65940.99188173,-15.24290999,NO,pm,1,0.05
1784719500,0x849ef3ce5704cfb2c983102e95678bec5ad17a4d4a70d55cec9689d0c21b3107,NO,0.97,240,0.00,0,66005.47,66036.04825020,66004.36249999,-30.57825020,NO,pm,1,0.03
1784720100,0xd7444c344d1b5486ad18611fd541444ff3cd9040edd69a4162c4d5ca0f966326,NO,0.95,259,0.01,0,65978.66,66004.05313505,65966.35000001,-25.39313505,NO,pm,1,0.05
1784721000,0x0d1e89abe77173a7af5b30d6cf8ce6199f052b1ddb2c60bd47634569fd2e0b24,NO,0.95,285,0.08,0,65989.44,65991.91594944,65988.29500000,-2.47594944,YES,pm,0,-0.95
1784721300,0xd26202fd40a0c20b3a0456275efb2a81921a104ff95706210483cc20e641086c,NO,0.95,248,0.08,0,65970.3750,65988.29500000,65967.64500001,-17.92000000,NO,pm,1,0.05
1784721600,0x3312359ee6cd609d2e5871781cc13ad72af14168bdfb8553f7eaa39365605c04,NO,0.99,240,0.01,0,65920.7150,65967.64250000,65898.57556981,-46.92750000,NO,pm,1,0.01
1784722200,0xbd4b43c871fd26ba3736f9cb4873b5c6ff40f0039616c665cb975af2a3ed0fe8,YES,0.95,267,0.04,0,65850.81,65840.69031909,65848.72427984,10.11968091,YES,pm,1,0.05
1784722500,0x2a517e3382bfea8af8ec121a3d56657bc5510cdb0f2c7193c4877972b90074c1,NO,0.99,240,0.01,0,65813.6350,65852.86000000,65813.29999999,-39.22500000,NO,pm,1,0.01
1784723100,0xb4e5092da3f6dc41e354fa7ea78c890f203eacad918fecf48ac86e1d9470ba07,YES,0.95,241,0.03,0,65841.1350,65807.10517438,65838.79574304,34.02982562,YES,pm,1,0.05
1784723400,0x2897dcd562e4c2ed922d142fc4af6d2a9fe28d5f87b7070bece448a737e17602,NO,0.95,242,0.00,0,65810.3,65838.98503006,65751.18750000,-28.68503006,NO,pm,1,0.05
1784723700,0xddb096a525cb441e3e6db54de3e4c0f12503a2183a25a5f355c51d76ab364373,YES,0.95,250,0.08,0,65778.1,65751.18750000,65777.42930306,26.91250000,YES,pm,1,0.05
1784724000,0x4a7c51c92fbc0838afd2f8660525e313295c773ff98521e8c92818a51485d630,NO,0.96,240,-0.03,1,65760.6650,65777.61794041,65735.82500000,-16.95294041,NO,pm,1,0.04
1784724300,0xe9b3c9f12e6e9aff4384dd97533a3fc557799c309c9579fb47c768dc14b08266,YES,0.95,250,0.00,0,65761,65735.82500000,65627.25758687,25.17500000,NO,pm,0,-0.95
1784724600,0xd4f35c9c41f206333793f930a69dbf80b87c08affb1fd54fc267ead70ba5114e,YES,0.99,240,0.00,0,65693.41,65625.77000000,65690.92701414,67.64000000,YES,pm,1,0.01
1784724900,0xead9e50d694fe3f182987f2893ab25fbf4943e6f6867086f19a891bb649fab21,NO,0.99,254,-0.001,1,65620.00,65691.36503003,65585.66500000,-71.36503003,NO,pm,1,0.01
1784725500,0xe4443ac7fd0ec5c7a62d94ffd354e24a6fe98f253d82723cafd24dc29c5d5217,YES,0.95,269,0.20,0,65619.7,65592.97061514,65633.27503005,26.72938486,YES,pm,1,0.05
1784725800,0xeb72e4348550d2086fcd84abdee7808ef43d9ed214945ae05d46d1943b1263f0,NO,0.95,251,0.02,0,65601.91,65633.27751504,65599.78774750,-31.36751504,NO,pm,1,0.05
1784726100,0x6c364def70be3861ba78ed746aa5fe4b74fd27fc91bc93f9e558ad5d0a7ecb05,NO,0.99,240,0.00,0,65553.99,65599.26602538,65568.74850598,-45.27602538,NO,pm,1,0.01
1784726400,0xc56b971e63d30dc76c5ef54f2e002f3926805046b312a15d27c5879e59b37f1c,NO,0.95,244,0.06,0,65543.5,65568.74850598,65531.40021548,-25.24850598,NO,pm,1,0.05
1784726700,0xcf0eb9ac3e0e069919cceb16e3f4855a17f877c6682f6bf72f2557e8a50b335c,YES,0.97,240,0.02,0,65569.7250,65528.40503010,65568.74296190,41.31996990,YES,pm,1,0.03
1784727300,0xf61a98e10dacf32067da76c1307c62a608b2a859987e2c24fdb4d4f5fa39338d,YES,0.95,285,0.10,0,65768.40,65744.57750000,65797.73750000,23.82250000,YES,pm,1,0.05
1784727600,0x6ca23e55a0d8f01c855072fdf2dca9268cd93f507da83339faa00cd396a53da9,YES,0.95,243,0.09,0,65848.32,65797.74000000,65840.86269199,50.58000000,YES,pm,1,0.05
1784727900,0x0949be401735ee6d7f60c469f4bd8ebafaba683b290395b1eac7e1be8557a22c,NO,0.95,253,0.09,0,65814.0550,65842.37273242,65859.38000000,-28.31773242,YES,pm,0,-0.95
1784728500,0x7ed14850d0e5f715cf599e901b344b94f4b3262a0d0e97fbfdb88f312108065b,YES,0.95,283,0.04,0,65918.2,65882.85900503,65908.20000000,35.34099497,YES,pm,1,0.05
1784728800,0x77a8202bd49250265a50eefd4f9ee8cb351a653273c322f205f5a59f5814ad95,NO,0.96,240,0.08,0,65859.6450,65908.39933692,65987.39997185,-48.75433692,YES,pm,0,-0.96
1784729100,0x0d91fa3f1a4815e25e126eb698bebace78b27947e85985af8360f2223b41b6da,NO,0.98,240,0.05,0,65898.24,65988.43235222,65950.29405738,-90.19235222,NO,pm,1,0.02
1784729400,0x686edb0f58e57e77befec54ec51f1f17cfda9bb6c035390a4be1345ca3b9a34a,NO,0.97,240,0.06,0,65888.45,65957.62499998,65863.49731595,-69.17499998,NO,pm,1,0.03
1784730000,0x0641f764fd488cd4123bd3b4ce9927e0cadc69f5e8a8b57be4ddffe7d7569118,NO,0.99,240,0.01,0,65647.6,65731.61500000,65601.81958784,-84.01500000,NO,pm,1,0.01
1784730300,0x9d93c6e2feb84d67e2cff9dcea7545051174eb6cfe29427b5963abc3f38b315f,NO,0.95,262,-0.05,1,65563.09,65604.05499999,,-40.96499999,NO,pm,1,0.05
1784730900,0xffc3e443e6bfb2403fa82ce9bda139f0a23359bc6bbc9e22d7a7f10c0dbe70a4,YES,0.95,288,0.20,0,65680.81,65670.05792493,65682.08682769,10.75207507,YES,pm,1,0.05
1784731500,0x37061acb2854b845b01917ae5be5784d4e522d246e8b5c53ececbe9e7ef6084a,YES,0.98,240,0.02,0,65687.4,65638.30999258,65699.67305712,49.09000742,YES,pm,1,0.02
1784731800,0xe306f8b6492a539b13a422fd0cff08dddce6ab2132658e667de69a5b7b2d4688,YES,0.95,250,0.25,0,65745.94,65702.07750000,65710.13503001,43.86250000,YES,pm,1,0.05
1784732100,0x51ad22a0756ec6ac4cb78cb13ba0f4daffbd705348ce39907eacc8d9ad05fa79,YES,0.95,268,0.10,0,65738.0250,65705.92999998,65761.14141589,32.09500002,YES,pm,1,0.05
1784733000,0x04f470a08128bf75e034b922434c4b2dd9900dbf7bb7b885b8472af42099a3c0,YES,0.95,250,0.46,0,65873.18,65837.39499998,65908.59750000,35.78500002,YES,pm,1,0.05
1784733300,0xbfefbef00719b076f366ec298508ddac0ba4a442d6a3818e8b3d0e88f7bbfcf5,YES,0.95,283,0.45,0,65908.3,65905.93,65949.94086895,2.37,YES,pm,1,0.05
1784733600,0xb113dd513399b4e5f40e8d842237c5a8a94e84e85c9a439eaa929d7a406230b5,YES,0.95,263,0.08,0,65997.2,65945.56583608,66003.24439936,51.63416392,YES,pm,1,0.05
1784733900,0xcd0a66eee1447207ddf02c4d82e6dc23b2ed96c2969c26625bb4d899fcb32ad7,YES,0.96,240,0.01,0,66064.88,65997.47000000,66043.28287835,67.41000000,YES,pm,1,0.04
1784734200,0x4185974a7e65c190421c7de16393e22c90385dde3c9490c7c6bbc39b5cd02645,NO,0.95,240,-0.01,1,65985.48,66043.43000000,65958.13313819,-57.95000000,NO,pm,1,0.05
1784734800,0xf401799d17d8bc9cfeca7f2e1f340dad48e9ca2f1dca3d326fc62903d19b6cbb,YES,0.95,269,0.06,0,65979.4850,65947.42499999,65980.52291338,32.06000001,YES,pm,1,0.05
1784735100,0x3e32943cae46b7887d0faac617a080750f86bb13e0683f4e37ef5426bb227f8a,YES,0.95,268,0.05,0,65981.14,65980.37856463,66009.82437967,0.76143537,YES,pm,1,0.05
1784735400,0x2543dd2354d44a6a0253b2f7ac22ef18488e0d16b0f35dcb8805a99ca5ca8120,NO,0.97,240,0.04,0,65959.32,66011.88750000,65971.37500000,-52.56750000,NO,pm,1,0.03
1784735700,0xcb7fd4f5546f53351e6f1daf553fd022672c2050047d7e62f3aabd3ac62bfa66,YES,0.95,284,0.56,0,66010.9150,65974.06884947,66012.97009657,36.84615053,YES,pm,1,0.05
1784736000,0xcdfdf25a549671fbc02af2a119249df044844000bec735b5ba29fe4ee224ec20,NO,0.98,289,0.14,0,65998.1850,66011.39222948,65994.66164716,-13.20722948,NO,pm,1,0.02
1784736600,0xad50938ceed6006544aaac004645727e5f14325864135cab6175c9f925fbdf90,NO,0.95,282,0.11,0,66094.08,66114.46263413,66091.62750000,-20.38263413,NO,pm,1,0.05
1784737500,0xbedd55f1945c18624ebbb31c92c4b509e004e6fedbfafd53d883ed664851c035,YES,0.95,247,0.06,0,65985.87,65947.39004951,65995.51503009,38.47995049,YES,pm,1,0.05
1784738100,0x1661f7e604bfd17bb4beccb52d7b84eb1ac46310889850270f7e67c605ec0dac,YES,0.98,240,-0.02,1,66294.64,66207.54428333,66330.71196038,87.09571667,YES,pm,1,0.02
1784738400,0xed49730abb3e9fb526bb5121fa85bf636e5dfc9952af299e1030c1b2d1cc8fa8,NO,0.98,240,0.01,0,66257.6950,66330.75513509,66260.78539379,-73.06013509,NO,pm,1,0.02
1784738700,0x26795652e6ccfc393db8d3028bc18726aaad6a584b0acafbcc70fa159f592197,NO,0.99,247,0,0,66189,66260.79462486,,-71.79462486,NO,pm,1,0.01
1784739000,0xdfb3dc3f711ce9996f51fbd104af1fc91411dfa47564e9a3b103e4d99fe3e773,NO,0.95,274,0.12,0,66147.2450,66166.0750,66127.99234946,-18.8300,NO,pm,1,0.05
1784739300,0x804d22bb92af0474da42d504253aac932c458be34ceba57d6f3e6785c8fe6b1e,YES,0.99,240,0.00,0,66195.3,66126.64167020,66204.29000000,68.65832980,YES,pm,1,0.01
1784739600,0xfa6a1449327f69d210f4e2270e56c536762f13e01d7abb4b64856be59e77cc44,YES,0.95,240,-0.02,1,66245.81,66203.95582024,66192.74503008,41.85417976,NO,pm,0,-0.95
1784739900,0x162fbab775a8bff629ec6c4b10d7d38e8ea855fae91fc34908c08e87ec412113,NO,0.95,266,0.75,0,66159.92,66192.74503004,66159.84751502,-32.82503004,NO,pm,1,0.05
1784740200,0x25fcc7893916c11de146b59964deada28e8456c8e4c86cbc10b12ecd8efd86aa,NO,0.95,264,0.01,0,66140.7450,66163.67577814,66143.90000000,-22.93077814,NO,pm,1,0.05
1784740800,0x7fa48baea3e84065d20e5850eb9460728cfafd5d0f4c2dbfeed393a5751a45da,NO,0.95,240,0.01,0,65994.96,66038.31114397,66014.42433502,-43.35114397,NO,pm,1,0.05
1784741100,0x3070e4c6fe8371e8207c09ed8eb2a2cb433f1bd7b2508912d7e9f46985bbde2d,NO,0.97,240,0.05,0,65975.3350,66013.93903083,65961.42035721,-38.60403083,NO,pm,1,0.03
1784741400,0x1e19925f3268b67c69b7fb9708b66e2aae3bcfbab47837ddba6794ef3d49d4ed,YES,0.989,240,0.009,0,66033.9,65960.79250000,66027.23681973,73.10750000,YES,pm,1,0.011
1784741700,0x608b70478ce50c0af1b48aa4163694e4ade791bda8cc51438fbc2727c9af2b91,YES,0.98,240,0.02,0,66087.3550,66026.84000000,66106.15824704,60.51500000,YES,pm,1,0.02
1784742000,0x94904a140b3bf27de02556abbd1faf8be37ebbb755625473e82a0cef4a2075b4,YES,0.97,240,0.02,0,66147.9,66106.30824704,66145.10057044,41.59175296,YES,pm,1,0.03
1784742300,0xf6b6e7230f5badfc60c7c46c678a105f2b421e141166ec9f77abe463b480f442,NO,0.95,283,0.54,0,66133.03,66146.98000000,66129.20000000,-13.95000000,NO,pm,1,0.05
1784742900,0x5a24d5be9f8bee635c7365ba12da906bbf5cd7aeb11cf15e841897969356971e,NO,0.96,242,0.06,0,65999.52,66024.56000000,65999.73000000,-25.04000000,NO,pm,1,0.04
1784743200,0x6e939f8cd5deb77fc45b219ae16bdd67afe12337ae624012dc17d9261fed1459,YES,0.96,251,0.13,0,66022.1,65995.27250000,66040.48499999,26.82750000,YES,pm,1,0.04
1784743500,0x165b5bf876962444bc576aaa22d8e85fd96e9978f3153ccc3c807ecc98f72c1c,NO,0.96,242,0.06,0,66007.37,66040.48500002,,-33.11500002,NO,pm,1,0.04
1784743800,0xfcdd44044270333bd1a882b53bc63f9e109c51026dc5569e3904850e62913928,NO,0.95,277,0.13,0,65957.32,65970.25503006,65956.25634404,-12.93503006,NO,pm,1,0.05
1784744100,0x16db2cecffa83279088b091ab46f47b6a83cc684a606f8e3867cd4c96da3c38e,YES,0.95,267,0.04,0,65978.88,65956.52012869,65967.07503004,22.35987131,YES,pm,1,0.05
1784745600,0xec82bf2986c26c2625ebd27e3bf821e0ea6c56d0d232cd7f443b7f415995db4a,YES,0.95,254,0.09,0,65742.17,65718.44999999,65745.23750000,23.72000001,YES,pm,1,0.05
1784746200,0xe4da3b54d6c63f0baf2f899ee7bb68d30d2fe3894d65eaeb1900773eba52950a,YES,0.99,240,0.00,0,65834.4,65781.85000000,65853.59000000,52.55000000,YES,pm,1,0.01
1784746500,0x3948b6a33f6df9a20db853705e3402e4aeb1288a81f1b3bc42315b9e5d994225,YES,0.96,287,0.03,0,65866.5550,65853.98179697,65859.94750000,12.57320303,YES,pm,1,0.04
1784746800,0xe12636c1eaafed03cc98440b4123e7c0643e2ab89704375960965bd047dc8afa,NO,0.96,240,0.00,0,65822.550,65858.32251504,65849.07932822,-35.77251504,NO,pm,1,0.04
1784747400,0xaf90f6300ec417e1f027d0dd656e207d216594e42b4dc1b41eed166884f788d7,NO,0.99,254,0,0,65703.59,65762.72303362,65722.78506880,-59.13303362,NO,pm,1,0.01
1784748000,0x4682c55e5b15f4b20cd7625f534d49912fa14c252f13704c53557e09430af198,YES,0.98,240,0.01,0,65859.1,65814.35143874,65846.17000000,44.74856126,YES,pm,1,0.02
1784748300,0x116567a3719896732d154028258823438de9f8c964d23252f6d85a38022e5312,YES,0.99,240,0.02,0,65890.25,65846.17000000,,44.08000000,YES,pm,1,0.01
1784748600,0xded08911eaa6bd8670540c92a64a292d37ac13e1f8f466df7938288423abf9a4,YES,0.99,240,0.01,0,65910.65,65865.57785589,65888.05500000,45.07214411,YES,pm,1,0.01
1784748900,0x259115b8b7d20664c86241e987c880594887c8adfd7a350be434191c88325e3f,NO,0.95,287,0.16,0,65859.35,65886.00001503,65859.01499999,-26.65001503,NO,pm,1,0.05
1784749200,0x9918640835da4810153aae236e575e56603258c8a2c695bbef033d2f298d6c0f,NO,0.95,248,0.34,0,65840.76,65859.01750000,65827.62000000,-18.25750000,NO,pm,1,0.05
1784749500,0xd7e9d9705e9cabbadd64146bcbf0a74c79664fca073429fb2ddd755ef58c299c,YES,0.95,240,0.02,0,65857.3450,65827.96748331,65851.90750000,29.37751669,YES,pm,1,0.05
1784749800,0xb578c87fdb87b6614d98f88880023a1eb0ad52b1b9c67770fdbdb150fbb78d63,NO,0.95,280,0.12,0,65843.82,65854.69893927,65836.92315007,-10.87893927,NO,pm,1,0.05
1784750100,0x04304daaef724f42295878ff54ceeb57620b79f3363a013227a5883d7d0e221b,YES,0.99,240,0.01,0,65895.34,65838.88317133,,56.45682867,YES,pm,1,0.01
1784750400,0x2c1ae97d02cdc0a9eca87f331db54db78db17ee85d9ba10cc206bab2ef16efd4,NO,0.95,272,0.06,0,65864.02,65886.71000000,65815.14828673,-22.69000000,NO,pm,1,0.05
1784750700,0xda955101f07f6e7e08ee6b37712787b87617a0d6cf5099f0c9a9c17da2bc902c,NO,0.95,254,0.09,0,65800.05,65814.10000000,65798.56150073,-14.05000000,NO,pm,1,0.05
1784751000,0x4e58d6f2da66c09f52e91f4833e1e86b673f9a3acbf072fd9ff6d728fa8bbdbd,YES,0.98,240,0.00,0,65843.2850,65794.88250000,65896.24000000,48.40250000,YES,pm,1,0.02
1784751300,0xc3096c5214c22ae72d46b0fcbbe88b649e4735468027981a416666bf81d94815,NO,0.97,240,0.04,0,65868.4,65896.23500000,65899.10917365,-27.83500000,NO,pm,1,0.03
1784752200,0xa84dcd4122723e475776e6008a0f20e7c211521b2ffddf47f97a7ab66551316f,NO,0.95,242,0.18,0,65896.63,65898.41629424,65872.66503006,-1.78629424,NO,pm,1,0.05
1784752500,0xee953a2c2a1ee2fcd86c1b46ae811cbcee00207b986247572752c550f7cfc3b9,YES,0.95,253,0.03,0,65891.3,65872.67000000,65905.11326029,18.63000000,YES,pm,1,0.05
1784752800,0x1e3d5f134e9bae7aa239062df6bb95891c1ab73c4877c83013e5bb1de8030cf6,YES,0.95,280,0.03,0,65915.850,65903.12435203,65911.12448441,12.72564797,YES,pm,1,0.05
1784753100,0x9ff35e3280f50cf7abff95202a73d10f411a0b679371537065cceb154e80b103,NO,0.99,240,0.01,0,65878.7350,65910.99737413,65875.56455097,-32.26237413,NO,pm,1,0.01
1784753700,0xea32296688632148221da1edcd6a5d735122533c08e319072ed643380c944c9e,NO,0.95,272,0.12,0,65881.3050,65889.52500000,65886.12500000,-8.22000000,NO,pm,1,0.05
1784754900,0xb46b7b8f64005f0126dbe6f7f27c13b77767d1a21369950b9b5722a691d46627,NO,0.96,243,0.00,0,65882.73,65901.55314631,65883.11688525,-18.82314631,NO,pm,1,0.04
1784755500,0x1b3e7960d07f3e63ff46310b37bccb64f5383a2895fc31977eb0f54c8b488be6,NO,0.95,279,0.00,0,65878.01,65885.30000000,65877.59750000,-7.29000000,NO,pm,1,0.05
1784755800,0x401dba523e8f732315e3a51c5de021ff94e2cca81124bceceac9a7d1288fa288,YES,0.96,255,0.02,0,65898.6750,65877.60000000,65921.45000000,21.07500000,YES,pm,1,0.04
1784757000,0xe50cd6e5aa553ae8029eead5512d3fbb40574156501f19a69b426719ec424526,NO,0.95,257,0.07,0,66055,66085.55105960,66026.17586189,-30.55105960,NO,pm,1,0.05
1784757600,0xf0214f9b17fb685b7961e4d7d3ebe8307e62104259a92645543b219d8b70597d,NO,0.99,240,0.00,0,65971.1,66041.14649801,65974.42503006,-70.04649801,NO,pm,1,0.01
1784757900,0x0014cd913d146e1c839caa09e77ded4854430a6ad2e85dc78c73a124ba6921ad,NO,0.95,277,0.02,0,65956.42,65974.46500000,65975.11787794,-18.04500000,YES,pm,0,-0.95
1784758800,0x0280902b7cb27390c4c4451997746df558648f1ac6bdd16c2ac00fa7d0392e43,NO,0.97,267,0.13,0,65946.9,65967.64251502,65971.30057523,-20.74251502,YES,pm,0,-0.97
1784759100,0x6cc45b3570c524ed527f3623006038d53644bd00b653e17f29c0368ce498092e,YES,0.95,251,0.04,0,65999.99,65970.93751346,65992.87260013,29.05248654,YES,pm,1,0.05
1784759400,0xe361802bafdf5da0bf69176429e615a95d54825cb9e7d12a3f5426b2f5a94302,NO,0.95,251,0.13,0,65970.1,65992.87260013,65945.35094166,-22.77260013,NO,pm,1,0.05
1784759700,0xbdc5803e88740a3a60e189c183c76b5a692c64954fcc6f41d0b937caa10c1b2d,NO,0.95,269,0.01,0,65928.5,65945.34735457,65924.93939014,-16.84735457,NO,pm,1,0.05
1784760300,0x280267f0d6351a937cc63aeebb9a36cea54ce1068580e3941435105c3383772d,YES,0.97,240,0.01,0,65956.23,65928.22062372,65997.56349716,28.00937628,YES,pm,1,0.03
1784761200,0x2deb8023d0712c5ff6e211569697ce046695a096225e1922bb6ecedda74bed08,NO,0.95,266,0.34,0,65996.45,66014.05911237,65994.45500000,-17.60911237,NO,pm,1,0.05
1784761500,0x3dd363faa0e4c907b30d311ca5367a399ed9f2b93808a7fb191343937d025e8a,YES,0.97,240,0.03,0,66029.3,65994.45750000,66033.59625210,34.84250000,YES,pm,1,0.03
1784762400,0xff19de6dd40d1e9f2a79ced1e97e048ec6da46bb22c81e7de91f6b51a5119fed,YES,0.99,240,0,0,65938.14,65860.89500000,65938.71329764,77.24500000,YES,pm,1,0.01
1784762700,0x0be6502155a8fa17c69cf42c844b36dc86ab532aa58a151e5726e0d1aefb5ee1,YES,0.95,270,0.13,0,65955.10,65937.51918767,65940.46809207,17.58081233,YES,pm,1,0.05
1784763300,0xc72d5094f9fd291fe31c6d183aa7057941ab5ecf69465ce9e389fdcffe545148,YES,0.95,257,0.23,0,65954.54,65929.78130179,65945.69000000,24.75869821,YES,pm,1,0.05
1784763600,0xbebf51e6c45858aa3f5bfe7d062208ccbb6aabbe3cbe221c4366fe728227a88a,YES,0.95,286,0.09,0,65954.61,65946.03117252,65952.69000000,8.57882748,YES,pm,1,0.05
1784763900,0xe6d5a486d47714bbabcb5dc2f137300d183fc8d87d5c732f4aa16783a5a1fac7,YES,0.97,240,0.03,0,65990.83,65952.67000000,65996.52112592,38.16000000,YES,pm,1,0.03
1784764200,0x886d595f3d2e766f8cad5f28083bd7ee9a9a5fd310bcbfbb0db7a904d98fd8f8,YES,0.95,261,-0.05,1,66006.60,65996.82781453,66033.53141536,9.77218547,YES,pm,1,0.05
1784764500,0xe95ebeb98740f3d8bbb27c8a442a70b907779013152a5b04a1f51b4ba674674f,YES,0.99,255,0,0,66088.9850,66033.53141536,66082.23453162,55.45358464,YES,pm,1,0.01
1784764800,0xa141cf5b35ba6af4054369e9bf20298f9671bf5f6de34449ddff30ceabbf12a2,YES,0.95,285,0.42,0,66099.49,66082.49000000,66105.95943150,17.00000000,YES,pm,1,0.05
1784765100,0xd791edab11e5924fef35fbe46fde434847b7be4ab058fc992edfd5ea5d481864,YES,0.97,240,-0.01,1,66188.53,66105.98389395,66172.73200952,82.54610605,YES,pm,1,0.03
1784765400,0x630a156572be64a624cb612c786570deada3bcc803dc895a53bbd22c953e2101,NO,0.95,240,0.07,0,66147.0650,66175.18754755,66154.99500000,-28.12254755,NO,pm,1,0.05
1784766000,0x9bdd894a91db6e62d1ce5edf2d588a9ccd95744011e289825ff7ac7276ac3843,YES,0.95,254,0.08,0,66226,66155.15691979,66241.12198872,70.84308021,YES,pm,1,0.05
1784767200,0x52b58b2bf59ab660df39a6908a785662167b7dcc9546188ec7d46aadd802726b,NO,0.95,261,0.04,0,66147.2,66166.02000000,66120.98509213,-18.82000000,NO,pm,1,0.05
1784767500,0x41503870ea6584ae7b8f8f76c150d1e780fd70d4b39e121ee68ff62cdbbcd4d7,YES,0.95,289,0.14,0,66154.5750,66114.73999999,66105.34500000,39.83500001,NO,pm,0,-0.95
1784768100,0x3e314cb0fbc5d6fd8fa79cf0a10e6ef7b2ef7086810b4d2b03e25ba4f460ecab,NO,0.99,240,0.01,0,66029.6650,66090.12251393,,-60.45751393,NO,pm,1,0.01
1784768400,0x47b0bfff9f75a3e6c6802b74d45e79ce6003696ae765be2a3e3ad4cb4677bd8c,YES,0.97,240,0.03,0,66082.35,66030.10750000,,52.24250000,YES,pm,1,0.03
1784768700,0x0c7d1734963e7a4d31ce4f3aa3e32c238e9b1f5584fce392eea3541eab32c003,NO,0.99,240,-0.01,1,66014.2150,66115.63750000,65991.56592873,-101.42250000,NO,pm,1,0.01
1784769600,0x0288010c6f691fa0ce339d1a44348c6e031b652cc18c2db77d37e0c3b50575fb,YES,0.95,279,0.19,0,65937.4,65885.76751504,65889.01751503,51.63248496,NO,pm,0,-0.95
1784770200,0xec41be090d9c74d7fe99071251fbf1defccdeee0e3213f2dee0b69d865b871c9,NO,0.96,240,-0.01,1,65843.25,65898.56503003,65831.84156131,-55.31503003,NO,pm,1,0.04
1784770500,0x56dc3b2f8747aa8f98cad38685a5492ccfd316b5b27e364e6ede298cb0c17d4b,NO,0.988,240,-0.002,1,65734.58,65830.19251500,65740.00603935,-95.61251500,NO,pm,1,0.012
1784770800,0x4be81dedfa726212226072faade6298f1ef1749e45e23864e1f43272cdfa20da,YES,0.95,274,0.14,0,65771.67,65740.00603935,65759.62473228,31.66396065,YES,pm,1,0.05
1784771100,0xf9a8e005daebf6a50f770294cc2f15f12cbd98af93d0c5977b7920a9853493fd,YES,0.96,240,0.04,0,65798,65759.34136835,65801.06000000,38.65863165,YES,pm,1,0.04
1784771400,0x2687f9b61a2ea05d02364b8fdf6fb71b05ff3b7157db18d85475575486ac2b78,YES,0.95,260,0.00,0,65816.5,65801.05750000,65828.36000000,15.44250000,YES,pm,1,0.05
1784771700,0x89c2b416b4a58f0fc7aee0f557b87520bb9fe7db970b29dd5cf3ba9a10857d3e,NO,0.95,262,0.01,0,65798.9650,65828.48000000,65798.57963311,-29.51500000,NO,pm,1,0.05
1784772000,0x25b80bf8a1c30aafc7774e400dc39a9623d8b298e342fe4815816e79dbe39963,NO,0.96,240,-0.03,1,65717.050,65798.25913683,65805.53152755,-81.20913683,YES,pm,0,-0.96
1784772600,0x6bdc120ff3ed9aa28fb46f9672de2801da52073c5278e6e8a532d0d191e08172,NO,0.95,240,0.01,0,65743.3,65784.33000000,65717.21503008,-41.03000000,NO,pm,1,0.05
1784772900,0x9b2a61df1f2c3062cbc7d7cce368eccbd2567096224baa1069c1138c77863ef7,YES,0.95,274,0.19,0,65729.12,65711.05121259,65724.89274974,18.06878741,YES,pm,1,0.05
1784773800,0x30815350645afeba40b4684b84019c978126ff953e30259a957fcbff72de26c6,YES,0.99,240,0.00,0,65772.88,65712.43811812,65790.01503004,60.44188188,YES,pm,1,0.01
1784774100,0x2e38ce9d7944a3d61ab1ea538d81fc7d1798a36f5bd9796ddd15ea5cf838a445,NO,0.95,244,0.03,0,65718.3,65790.01503002,65734.39267040,-71.71503002,NO,pm,1,0.05
1784774400,0xbb235992db288001922514b1909ed4cae7d7f0370f3b22c641ffe661fdcf9939,YES,0.95,287,0.15,0,65739.04,65733.69679303,65748.45507868,5.34320697,YES,pm,1,0.05
1784774700,0x08c63e88875373a98843a69ac9c6fd3dcbc8a05696c069931481f6570a7c815e,YES,0.95,268,0.30,0,65765.56,65748.14109640,65757.58112344,17.41890360,YES,pm,1,0.05
1784775300,0x3fd7871a42d7bfc1c474d1ddd2db47b1e7d361b258795248a157f8557cbba3e1,YES,0.95,240,0.00,0,65788.71,65749.00503002,65773.38342451,39.70496998,YES,pm,1,0.05
1784775600,0x269be2c2c65d5024bfc79db523fa9803841c193370ad2d1702ad9ab79b2bfb96,NO,0.95,274,0.50,0,65731.05,65773.36803703,65711.07348693,-42.31803703,NO,pm,1,0.05
1784776500,0x4a759d5eede91d915dd0625598ed83ca8cc48c2783d3eb07ac5ee6cee70430d7,NO,0.95,252,0.22,0,65584.7,65600.90000000,65588.74106284,-16.20000000,NO,pm,1,0.05
1784776800,0x8ac24593fd499c79b7fc9b0208cf4091793193f03aa714574343ff844447a824,YES,0.95,244,0.01,0,65628.6250,65588.98866526,65605.10057166,39.63633474,YES,pm,1,0.05
1784777400,0x58bcad90d05c05618a2cfae23e89e7e190f31c6627eb2cf1407032fbdbfa5a84,YES,0.95,246,0.07,0,65637.53,65603.02000000,65642.63500001,34.51000000,YES,pm,1,0.05
1784777700,0xea9abd43b8b915ce6372293d1199c29c45c5c30266bbd4671862d2d6e217559d,YES,0.95,248,0.04,0,65664.2950,65642.48092867,65664.30000000,21.81407133,YES,pm,1,0.05
1784778000,0xc59f5b0726b59cd12aad9dd043537eb434c36978df0cd82932f1f070cb08741c,NO,0.95,241,-0.01,1,65639.1,65664.33000000,65656.99251502,-25.23000000,NO,pm,1,0.05
1784778300,0x2106f07bcd2de0f40e85fee6e84b425d18d0a95cb3fa72cbb87d2430018a5660,NO,0.95,286,0.00,0,65615.04,65656.99251502,65612.14000000,-41.95251502,NO,pm,1,0.05
1784778600,0x09af3036b01bf4eeb82ad1836640a72cb9135de47fca0f5f52bcf6ffe7cc8db6,YES,0.95,241,0.02,0,65642.53,65612.28272876,65629.53995484,30.24727124,YES,pm,1,0.05
1784778900,0x53f20e4569747f3aae95b615342617610785b944620699e7c7798ebd73d3ba57,NO,0.95,277,0.24,0,65622.8550,65629.46264293,65624.20503062,-6.60764293,NO,pm,1,0.05
1784779200,0x8f6a1841ed66e636d4753bf113e559e90cac0fe15c81230ca6c77d90817f5e48,NO,0.95,242,0.06,0,65593.9050,65624.11631458,65608.50613265,-30.21131458,NO,pm,1,0.05
1784779800,0x05b41d85570af11f114f38932bc66dfd141174a75395daf1dca219ebd714fd09,YES,0.99,240,0.00,0,65629.2850,65585.61999999,,43.66500001,YES,pm,1,0.01
1784780100,0x862f2bf360489b00022cd96f976fad1efa13ae3b7a4d3b757cc0a5ba44201268,NO,0.95,247,0.00,0,65607.4850,65632.52550985,65599.75000000,-25.04050985,NO,pm,1,0.05
1784781000,0xc547c1fa7fd422460d65f13f203595ece73afc8daa4685614dbd9b07ff147ac1,NO,0.95,246,0.03,0,65629.32,65658.10000000,65627.99750000,-28.78000000,NO,pm,1,0.05
1784781300,0x90ba31c068cacda95d7de4f39f8de922044b93f0780c5f5cfb83be25dc212b0f,NO,0.95,242,0.06,0,65597.30,65627.99499999,65596.60000000,-30.69499999,NO,pm,1,0.05
1784781600,0x5eee67ac89dd19f060f3db5f5e01eeccbd370fc46196b9a18fee9215c279b57f,NO,0.95,288,0.21,0,65595.2250,65596.60936531,65594.32000000,-1.38436531,NO,pm,1,0.05
1784782200,0x008ee1d32654832f70caa4de25ae7096b13fee6e07c446906c93ab5d382085b9,NO,0.96,240,0.13,0,65569.36,65595.05389711,65568.39999999,-25.69389711,NO,pm,1,0.04
1784782800,0x84731b512488692b6a8de342436afe535bf82183c45ff7d1dba14bebee39675d,NO,0.95,249,0.06,0,65551.04,65571.49389634,65549.11000000,-20.45389634,NO,pm,1,0.05
1784783100,0x09a69d78b3a0b72cbca1ac964070005188ed981a66e21a4f88770dc4836a4b9c,YES,0.95,240,-0.02,1,65575.99,65550.93000000,65588.81500000,25.06000000,YES,pm,1,0.05
1784783700,0xcd68b6dee87ddb1c2a69545459db1359d9e269005b05628e7d621b8bdbc2655b,YES,0.95,278,0.05,0,65612.04,65602.70033938,65615.82249999,9.33966062,YES,pm,1,0.05
1784784000,0x58d035be65ebe9498f8a4f6577231cef3cd5db637191da4629fdc58174b7aaf1,NO,0.98,240,0.02,0,65587.1750,65615.82250000,65601.79588920,-28.64750000,NO,pm,1,0.02
1784784600,0x2006a035f910652103ab8b4f097d99e439d2c0299f102e5bc288fbf6beac3599,YES,0.98,240,0.01,0,65746,65684.53499999,65713.22214606,61.46500001,YES,pm,1,0.02
1784784900,0x2b5b3b85717df32b0a1dc000730f933be7e2a62e3a3b7a4a14ff3da8295bdc57,NO,0.95,240,0.02,0,65675.3950,65713.22214606,65676.75999999,-37.82714606,NO,pm,1,0.05
1784785200,0x270d2123702e2aeea8eeccb23d050fa1719d3292a287522a5234387641013c02,YES,0.95,258,0.04,0,65703.0650,65676.76249999,65702.64000001,26.30250001,YES,pm,1,0.05
1784785500,0x71db35ede4a6c51cab721fe30bdc0de1faeb0384f899f49f41d457585e0c0f41,NO,0.95,287,0.27,0,65683.06,65702.63000001,65657.48151371,-19.57000001,NO,pm,1,0.05
1784785800,0xbf7bd8045e224e81b8a6550ed186af18a5e9a460c72ccf2fc443dd5e869a9d5f,NO,0.95,240,0.05,0,65626.47,65657.05503004,65614.06000000,-30.58503004,NO,pm,1,0.05
1784786100,0x6d48895428a81d028296d480c1382c905a0d798c58cd419952343ff3d52de604,YES,0.97,240,0.00,0,65664.81,65613.54000000,65656.05499998,51.27000000,YES,pm,1,0.03
1784786700,0xd51d3e21d90c56654300fab25e7a7618659b8979e07318e0fa05aa938d021ac3,NO,0.95,243,0.01,0,65645.60,65665.25499999,65635.27000436,-19.65499999,NO,pm,1,0.05
1784787300,0xd9bbb45c4109da47378dbfb6722cf8361769239d093fb2444f852e02504c412b,YES,0.95,282,0.11,0,65659.4750,65632.65372527,65665.47854230,26.82127473,YES,pm,1,0.05
1784787600,0x4e44e184b25251420e97e981b037ae983d6ca6fc6b77d90f0411c40970be7377,NO,0.95,248,0.04,0,65633.4,65664.56082927,65601.26500001,-31.16082927,NO,pm,1,0.05
1784788200,0x4c50a009407a36c31d3d34f7b3f7a03271e8ed6ab149ec84cb48443158805db2,NO,0.95,243,0.09,0,65699.07,65713.60867268,65679.87503010,-14.53867268,NO,pm,1,0.05
1784788500,0x118be733585e6d3ec9adb18b931d8d37923d61d2cc5322d66a1c884fa741fe26,YES,0.95,240,0.02,0,65704.01,65680.00792919,65704.15913289,24.00207081,YES,pm,1,0.05
1784788800,0xc65167726fe92621ebe3edb7c1221e7f8be147b1f8cd0e95e0a3423d47de6534,YES,0.95,284,0.02,0,65740.51,65704.80716649,65739.59632244,35.70283351,YES,pm,1,0.05
1784789100,0x5961d234c3f0e42ba488c35020d284640da5dc8e79ac466dc71b6a1608bbb613,YES,0.95,257,-0.05,1,65763.19,65737.80000001,65763.27502501,25.38999999,YES,pm,1,0.05
1784789700,0x7dc7aeaf888adc1eb4c47efe6dcee23eab035d7ab8087c77fdc18c2403f38ed3,NO,0.95,242,0.03,0,65748.5050,65766.21000000,65750.60499999,-17.70500000,NO,pm,1,0.05
1784790000,0x32af0f9c19ceeb6751d804a8b26b4f368e2ff6385f69704ecb23f629bad16913,NO,0.95,253,0.070,0,65697.22,65750.60500001,65672.72499998,-53.38500001,NO,pm,1,0.05
1784790300,0x2f15804aab1c5ab9a47d937b1bfa262b73262220cc363bdf82742a15ac0c27c5,NO,0.95,250,0.07,0,65654.4,65672.72000000,65651.34408454,-18.32000000,NO,pm,1,0.05
1784791200,0x6e9d98e1918980bbdea741f875560700b077d098c1fea6641e069a13b1e73dd6,NO,0.95,264,0.15,0,65401.2,65417.28500000,65401.99000000,-16.08500000,NO,pm,1,0.05
1784791500,0x96ec6ec6ba250e80f0f98117b1390787d984641d946ae75d6428b07bb90c5f53,NO,0.95,285,0.06,0,65389.17,65401.98500000,65396.27416111,-12.81500000,NO,pm,1,0.05
1784791800,0x97f8ffd860b7acfff135a6b9acd4c57b234f34da7b6a92e73d5c3041b072ff8a,NO,0.95,289,-0.06,1,65385.83,65397.06251502,65386.94575047,-11.23251502,NO,pm,1,0.05
1784792400,0x1148d6238468df3bfd85f319a094aefef7dfbba05fa9113a6f95e9c78a3029b4,NO,0.95,259,0.08,0,65359.73,65394.98799918,65356.68366774,-35.25799918,NO,pm,1,0.05
1784792700,0x31bd202fb4c4655dfef529a1cc40211266d6ed5c1b46dd241c1ba836ed18fe11,YES,0.95,240,0.02,0,65389.5150,65356.78170289,65374.60000000,32.73329711,YES,pm,1,0.05
1784793300,0x3385a3c026abdfee119ae652806c3a5c3e46065a8a5295b23cbf30dd9925c613,YES,0.97,265,0.05,0,65406.8,65382.47500001,65395.81403907,24.32499999,YES,pm,1,0.03
1784794200,0x79d2ec4cd323394d5af64ae1cf426e5abefa1748ddbc2d5f8fc2ad26af688079,YES,0.96,240,0.00,0,65510.76,65468.77287432,65495.66599753,41.98712568,YES,pm,1,0.04
1784794500,0x026e14b28fc0391bd91526b300de8b7f09747774672188ec085dcc371cab8a4f,YES,0.98,240,0.00,0,65536.86,65495.50000000,65535.16500000,41.36000000,YES,pm,1,0.02
1784794800,0xd8025061deff829fcca274dd1bd77a55a6e170db06116a72f1dc48e8638e0c7f,NO,0.95,264,0.07,0,65490.85,65535.16750001,65494.54757501,-44.31750001,NO,pm,1,0.05
1784795100,0x8ebba00758a7d02a76d0420b003c20e745d326f4f3978f3fc94dee47a196baa2,YES,0.95,255,0.03,0,65533.88,65494.46748575,65548.53500000,39.41251425,YES,pm,1,0.05
1784795400,0x8e81856bd33b714bd4f90e96c10024a77ee243b3ad4e9b4c4c72b426ea447f4f,YES,0.95,250,0.01,0,65582.49,65549.72794893,65588.12735551,32.76205107,YES,pm,1,0.05
1784796000,0x4caea70ba71852f57ad5464f409ad9b2b61f2550a24dfea06ca8b0645b636e17,YES,0.95,260,0.06,0,65595.0850,65575.93739765,65593.50205346,19.14760235,YES,pm,1,0.05
1784796900,0x18dbde890768993d53c6938bc6165d7c666719dedfb030fd98684fc89bf4697d,YES,0.95,267,0.11,0,65612.8950,65593.15989652,65597.94944629,19.73510348,YES,pm,1,0.05
1784797200,0x10cf538890eca148605d30cf7532f840966fe2017d0e26846808d90fad1c6d0e,YES,0.95,240,0.07,0,65657.4850,65596.60000001,65688.84041885,60.88499999,YES,pm,1,0.05
1784797500,0x29054231f7ccf599d9e0daa92c5cef66bc84604712025934ec564b924ab21701,NO,0.95,247,0.03,0,65661.8050,65688.78184622,65673.61192085,-26.97684622,NO,pm,1,0.05
1784797800,0xd1301c6ce755f35d2a67f608a879255aa5d8fac1810bfc8e05e9079122138ed1,NO,0.95,285,0.12,0,65645.13,65674.69000000,65639.70000000,-29.56000000,NO,pm,1,0.05
1784798100,0x3ac451bb87fe0489005d36aeb7ed5d284e783885d7be31244d877a65a66ff26e,YES,0.97,240,0.01,0,65681.8,65640.90000000,65682.79500000,40.90000000,YES,pm,1,0.03
1784798400,0xdb6f256d26bb3e26b725667daad9065d82cb01e3e057ded74546425e3e801f8e,NO,0.95,258,0.10,0,65667.5750,65682.79500000,65668.85251501,-15.22000000,NO,pm,1,0.05
1784798700,0x14819e355bace440d5a2655d77b5c98d3208277f77181c363b8f3711cb74e76d,YES,0.95,248,0.15,0,65692.2,65668.85503004,65699.63500000,23.34496996,YES,pm,1,0.05
1784799000,0x76af36042ead41d6475440086846b925b412e8bb6cd07b6f95ded432a595a07d,NO,0.95,257,0.27,0,65667.52,65679.05499999,65664.90020549,-11.53499999,NO,pm,1,0.05
1784799600,0x2fe5e2dba90582781a4c0cdaa1e4d4cab74a53fe1596850f9cc0691803cc5f3a,YES,0.95,252,0.03,0,65691.84,65671.65000000,65691.82999999,20.19000000,YES,pm,1,0.05
1784799900,0xf69fce1e3b2320257c3a6b20c25f6c3fa666165b3e05fb5a193e24a63afd4a4b,NO,0.95,240,0.01,0,65672.72,65691.82999999,65667.44652797,-19.10999999,NO,pm,1,0.05
1784800200,0xf902065d883fa576da93a3b20d586d61486d91684d1d3c9e78fc7e9a7ffb6f22,NO,0.95,282,0.04,0,65656.8,65667.87402797,65639.46461445,-11.07402797,NO,pm,1,0.05
1784800500,0xf12a99764b888a6997e93df94fd9fc770e3f8442661fed270b500b9bd2124ecd,NO,0.98,240,0.01,0,65594.21,65639.52499999,65600.46261742,-45.31499999,NO,pm,1,0.02
1784800800,0x16daf13a37eb862cc2240d1c5cb64ed8e439355d73546e607f66b5aa62924ed5,YES,0.95,250,-0.05,1,65622.23,65599.97011742,65626.60402655,22.25988258,YES,pm,1,0.05
1784801400,0x12c5e9230af9d4fdd6bf0a915ebd35326b71de6e7d49b33c5723ad75af712e48,YES,0.95,253,0.02,0,65674.19,65654.10000000,65685.00541678,20.09000000,YES,pm,1,0.05
1784802300,0xaad1e36b471f476dc7af2b193526eb6eaf11dfbf1c8d406e2bba61d3f02019a2,YES,0.99,240,0.00,0,65722.4950,65678.67500000,65729.63503003,43.82000000,YES,pm,1,0.01
1784802600,0x448741f76f9fffba7eef7efe82fd06870a71e13899a0fdd0a3d039c0e64b8d8e,NO,0.95,287,0.09,0,65727.6650,65729.63503009,65715.20249999,-1.97003009,NO,pm,1,0.05
1784802900,0x7f05102e39842a73298759255ab0c43ac0a48b4aded0f867a6b07e72af06dd35,YES,0.97,240,0.01,0,65743.88,65715.17000000,65738.97269176,28.71000000,YES,pm,1,0.03
1784803200,0xb8aad554d6590a3a8e8acc835032eb8a2d6a781c9ad028fa5c54b4e911f70344,YES,0.95,274,0.00,0,65742.7,65738.97269176,65744.81864654,3.72730824,YES,pm,1,0.05
1784803500,0x9c1cf3315605b424513701228e6d1b5aac8aaed043cc214956f5619c81410ee4,YES,0.95,285,0.07,0,65753.32,65745.50281345,65752.36134568,7.81718655,YES,pm,1,0.05
1784803800,0x46825785fc2ab7f6a91d782b5b5907c3953405c9a63cee20476b98a696439a86,NO,0.99,240,0.01,0,65722.68,65752.38268434,65698.94000000,-29.70268434,NO,pm,1,0.01
1784804100,0x39a5a8b523862fe4ec25cd55febc96ce332199a7270c425fb6c57b45e0fb981c,YES,0.95,272,0.01,0,65701.58,65699.69000000,65703.16640607,1.89000000,YES,pm,1,0.05
1784804700,0x233ce7c9c69c31f9fb12a37a121399fd41bd5348528bd9475c91c96f6e949a7f,NO,0.95,252,0.10,0,65636,65658.68250000,65630.62500000,-22.68250000,NO,pm,1,0.05
1784805000,0xc66a27f4588ded94b36c2c4118cac5bf01e30d6087879912f37f69e1834d957f,YES,0.97,240,0.02,0,65657.33,65630.62499999,65676.69500000,26.70500001,YES,pm,1,0.03
1784805300,0x87fa2f12198d93b2a56f8c486070d086dc32e9423d63152b5d7619f181a34a2c,NO,0.96,240,0.04,0,65657.19,65676.69500000,65657.19503003,-19.50500000,NO,pm,1,0.04
1784805900,0x4e56ae66be0c9d1ee58a21ac913229e11e473de45ce30935de1e54567e1a238f,NO,0.95,250,0.77,0,65604.9,65608.91000000,65592.83001501,-4.01000000,NO,pm,1,0.05
1784806200,0x9f2b181ef778ee0dfec2b42458efa0f52e3f1625c245816c04141c3211452044,NO,0.95,245,0.11,0,65574.5750,65592.99399690,65595.09714986,-18.41899690,YES,pm,0,-0.95
1784806500,0x84d6c14ca4bce187c2a3d8300e0c7853da95d0464b93635655df7089e38d588d,NO,0.99,240,0.00,0,65562.87,65596.25250157,65551.50000000,-33.38250157,NO,pm,1,0.01
1784806800,0x733611d79d6b08e87544ba9a05e1696776623e5b6b88445dd4c6a83d312a654e,NO,0.95,244,0.15,0,65536.4,65551.50000000,65526.08068791,-15.10000000,NO,pm,1,0.05
1784807100,0x817d57b4eff07ac58ce15ca547d3ec1c1d092532464161b35844eeec5e720f0e,YES,0.95,284,0.06,0,65534.0050,65526.89076517,65529.44280548,7.11423483,NO,pm,0,-0.95
1784807400,0x98cb4a7aa7281e7afba73bf4cca2b70dc08b634b2c406f9a4bcf8fb05ce08e17,YES,0.96,250,0.17,0,65556.94,65529.52396882,65543.40127756,27.41603118,YES,pm,1,0.04
1784808000,0x6443709f03741d064e110780ab6924e63bd07bafc6b5546e7393ea79f9f1fa36,YES,0.95,261,0.05,0,65548.7650,65524.60861709,65531.02972396,24.15638291,YES,pm,1,0.05
1784807700,0x413c8639babd20d5f002cd4346f9ba991552921f6eae719318bee9ef22c2c5c2,NO,0.97,271,0.03,0,65525.77,65540.10320207,65523.50000001,-14.33320207,NO,pm,1,0.03
1784808600,0x2cc78802b1688b93998d7e9153160d24db2fe50b1f985a3973a2731d0114353a,YES,0.95,240,0.03,0,65492.1,65460.74270442,65477.79407374,31.35729558,YES,pm,1,0.05
1784808900,0x30c114e48bb5840a70a3204072dd9381fb0903ba333c07d974a4898dbba79075,NO,0.99,240,0.01,0,65409.91,65477.87611611,65392.57476985,-67.96611611,NO,pm,1,0.01
1784809200,0x020a8782d8913f0facdb8c979859391b79175dc7d90c1327eac30aa6199c402f,YES,0.97,240,-0.02,1,65446.22,65392.37714574,65384.75620794,53.84285426,NO,pm,0,-0.97
1784810400,0xedd607356ce3242ca9d3716cd3eb20589a7a109eeeee98e454a76fb221e6b274,NO,0.95,260,0.07,0,65085.63,65128.27000000,65074.91200599,-42.64000000,NO,pm,1,0.05
1784810700,0xb58e2b812476cb267b2c5c34fbc047af257468941831a0d8a89f8645b0e4c035,YES,0.95,271,0.289,0,65109.46,65074.72134885,65110.13903870,34.73865115,YES,pm,1,0.05
1784811000,0x4370b1de0fb5ff82a48f83d581be2e4fbf632ac7bc35dc084839abf03c6c96f5,YES,0.95,240,-0.04,1,65186.3650,65109.62076520,65196.60000000,76.74423480,YES,pm,1,0.05
1784811600,0x8513675b40fa25e7e3e44ba8c98a6c29072774d244627148bb3cff1b509ac3af,NO,0.95,286,0.16,0,65111.01,65127.21123444,65091.61464459,-16.20123444,NO,pm,1,0.05
1784811900,0xc6ed1e7b0cb0d0aa244628781c5b9eb2b6ce4828db1486f5652c4d56a07ce574,NO,0.97,240,0.00,0,65031.06,65087.09772809,64990.45176473,-56.03772809,NO,pm,1,0.03
1784812500,0x36844dc4d99b8a60f5d1e37e504a16023cfc0b48d121ac2910c7c5bdcb834020,NO,0.95,267,0.15,0,64968.18,64996.16250000,64988.03705911,-27.98250000,NO,pm,1,0.05
1784812800,0x7d698e73d1be35e958b8b348c752630c1c3c692318b2b3ca3822b16dda6d34fb,YES,0.95,242,0.05,0,65025,64989.97275176,,35.02724824,YES,pm,1,0.05
1784813100,0x3b2799ed60c8850717f0c67e395a85a407b2dcbf192702745bd71a77f5a5e598,NO,0.96,243,0.04,0,64978.10,65017.33594251,64977.19000000,-39.23594251,NO,pm,1,0.04
1784814000,0x63faac1ff5ec3e8013bd77e3d53dc02fc6453b1352181cc68a44b40dab5da25f,YES,0.97,240,0.00,0,65038.03,64964.16197016,65050.79637630,73.86802984,YES,pm,1,0.03
1784814600,0xe99063fbee1baa119534aa0bf0991fa436753b233a6dedec12d37cef84276f55,YES,0.95,249,0.14,0,64969.9,64921.99545536,,47.90454464,YES,pm,1,0.05
1784815200,0x7107a236f6710f747f26bc04d828494b8a2f187cf43d63e10fc0ef4cba321638,YES,0.95,252,0.17,0,64890.64,64839.08787934,64904.10172322,51.55212066,YES,pm,1,0.05
1784815500,0x86fccbe4551340a4af7ef63fb97a8ff343639d80663bd0d04c269dcd8c68a773,NO,0.95,242,0.02,0,64852.9,64909.0450,64858.04260685,-56.1450,NO,pm,1,0.05
1784816400,0x829bbe12587f7bf0a63fcb43d35a28615d41b0e5841637d84ca0643bb0de6933,YES,0.96,240,0.02,0,65107.26,65044.30677773,65089.42624658,62.95322227,YES,pm,1,0.04
1784817900,0x6225647ac1f3dc41c08806bb6761de2b85f568c80264fefd5fb6c2e6956834f5,NO,0.99,240,0.03,0,64914,64982.19999999,64884.30000000,-68.19999999,NO,pm,1,0.01
1784818200,0xfd3fcf4408b8b90d62c77dfee6e33862d10a660c5dcfff22b8d03b1bcd48cc5b,NO,0.96,240,0.04,0,64824.2250,64885.80751503,64810.81247736,-61.58251503,NO,pm,1,0.04
1784818500,0xf84a701bbe83630e53f33030ff25f980695f877da5ab7aeccc4f6fcc8ae24031,YES,0.95,250,0.16,0,64851.6,64804.50999999,64863.89000000,47.09000001,YES,pm,1,0.05
1784818800,0x5d4af6c00b58522eb7fd18abdd1b6edb4f8b2ea278948f04a2edbcea0e1d3e44,NO,0.95,242,0.12,0,64816.20,64862.95623236,64838.65503003,-46.75623236,NO,pm,1,0.05
1784819100,0xb7bd34007b1d3b56a5fab434d33ba316e86805f9b8c198e03404dedd61826cf5,NO,0.95,240,0.02,0,64775.84,64837.62265943,,-61.78265943,NO,pm,1,0.05
1784819400,0x2a8f6b883f57aa48cb4b6927d0726e4f38f2c4d6643f96bef6dc8a939b774a92,NO,0.99,240,0.02,0,64694.98,64774.60465768,64725.85000000,-79.62465768,NO,pm,1,0.01
1784820000,0x6feb7791cc69059c33d32cc17c73e84cba4e16ecaa5adb93a95a6af6fe89b1cc,YES,0.95,272,-0.06,1,64861.77,64832.17121488,64899.60500000,29.59878512,YES,pm,1,0.05
1784820300,0xc12ee1627176a7d169af650a68b18719fa7c52e96d9fde75f3c9164e6e7741dc,NO,0.99,240,0.02,0,64828.4,64899.07000000,64817.95189978,-70.67000000,NO,pm,1,0.01
1784820600,0x575f11ccf86a42559398bef2698d4598c3a92d4fa6bbbb964d84012a19e261c0,YES,0.97,240,-0.01,1,64867.00,64818.79585304,64865.04499598,48.20414696,YES,pm,1,0.03
1784820900,0xc0ccf234d3f1d31a44f6110f846d6cfd7f6d79ab9015ab96c784230ec912d8e3,YES,0.95,240,0.08,0,64907.75,64865.18340072,64905.85000000,42.56659928,YES,pm,1,0.05
1784821200,0x572a82472a5ab22a9ed2f922f13417daffc002983df0048772a515b04ec0dd59,NO,0.95,254,0.03,0,64877.0450,64905.76009415,64860.80965293,-28.71509415,NO,pm,1,0.05
1784821500,0x18c04ebe5e2f700b6674260fdd51773784ddb7d04d4165dd5b7274c585383f93,YES,0.95,255,0.26,0,64885.3,64859.33008472,64921.53000000,25.96991528,YES,pm,1,0.05
1784821800,0x0a242997e44f3bd0972671e14c22011cd74aa805325f9ecbc0b3af1a3d9dc1ea,NO,0.95,282,0.09,0,64916.01,64921.53000000,64914.36499999,-5.52000000,NO,pm,1,0.05
1784822700,0x6da30bf3f0ad93265fbdf1f6a33276e2750aec7dacbf2422d3abd2ad48a591f6,NO,0.96,240,0.01,0,64774.95,64817.05284880,64777.19657410,-42.10284880,NO,pm,1,0.04
1784823000,0xa5e789766a0d01c0d48d32c2c1a0ae28515cdec2d2a586abd02052f52905e4da,YES,0.95,245,0.08,0,64804.00,64777.43550025,64815.43642286,26.56449975,YES,pm,1,0.05
1784823900,0xe4443d09a12462dd0b8e3f8e3655dd74bb5ccb8c74c074d540cc610560b773a4,NO,0.95,272,0.04,0,64751.8050,64771.76719037,64763.28254288,-19.96219037,NO,pm,1,0.05
1784824500,0x4c00cbff4ccf9c0505f4c37da0806ca3c8ff8cc452dd5674f0a009477f0e6975,YES,0.97,240,0.05,0,64722.6,64677.59337941,64727.28046609,45.00662059,YES,pm,1,0.03
1784824800,0xbab3f3cf8e277d2a948546eee0be0b260439af3810559ee9849500785d4375f9,NO,0.95,252,0.04,0,64699.1350,64727.31859645,64691.25251503,-28.18359645,NO,pm,1,0.05
1784825100,0xca17728c02a2460a22c37905179ec0688e2856d54fd22783134453f25bb40f6a,YES,0.95,252,0.01,0,64711.08,64691.07561164,64684.73000000,20.00438836,NO,pm,0,-0.95
1784825400,0xfbbc04cdb75d98fb8874388eae0046827467405e139808fc2c07c23b2b30c5c4,YES,0.95,260,0.08,0,64699.0150,64684.73000000,64708.37610548,14.28500000,YES,pm,1,0.05
1784825700,0xe230ffbb1500b1a2a3f5fa17036f6d02d8db56f5ef2e96878a603ef1a93c174b,YES,0.99,245,0,0,64749.20,64708.29714800,64694.92059784,40.90285200,NO,pm,0,-0.99
1784826000,0x6e21c58b3d819f57077f51e7c23c280137a4e223d6373ec7794371a529b7a50b,YES,0.95,259,0.17,0,64722.59,64694.22045073,64713.99500000,28.36954927,YES,pm,1,0.05
1784826600,0x486528930bd69615803bb5151c4891858f9f55f91407da1832f964bff6446908,NO,0.96,240,0.04,0,64685,64723.50947552,64710.78503007,-38.50947552,NO,pm,1,0.04
1784826900,0xb4f27362e4eda49da5ae17c107d738a444c1feec14a9eced9b9168285f6c3c8c,NO,0.95,256,0.15,0,64686.7,64710.31000000,64700.90000001,-23.61000000,NO,pm,1,0.05
1784827800,0xac35ab5ddd84ae4d621e70a09c8501bfc017f289f53ad9cbeffa85af34e7ad7f,YES,0.96,252,0.06,0,64812.6950,64786.67499999,64822.67500000,26.02000001,YES,pm,1,0.04
1784828100,0x9a25b53aac6f3affbc776e836f931366aaafff601e95b079230c2524aeeddcfd,NO,0.99,250,0,0,64758.3,64822.67,64754.56984150,-64.37,NO,pm,1,0.01
1784828400,0xd6e2c4a89b38812c6dda4d5a10a7c3d209a82aff3d2653621393dab21abbe70b,YES,0.95,255,0.01,0,64768.72,64753.99250000,64770.94000000,14.72750000,YES,pm,1,0.05
1784828700,0xa195a29561a8fc0c4cd76f39d66be363551fb59ac1d451894ddee022a32410ca,YES,0.95,242,0.05,0,64801.58,64770.52999999,64788.52260159,31.05000001,YES,pm,1,0.05
1784829000,0x17cabbd9de0aeb6f9df1e1f67f74a232866fb26b8a921bbfaa1f90f8dda1e7d0,NO,0.95,243,0.16,0,64768.71,64787.69950991,64755.06367574,-18.98950991,NO,pm,1,0.05
1784829600,0x8876dc42febef1adb3f0a1290e9ca242f320ef664f74b6959c22d4e5b233a248,YES,0.99,240,0.02,0,64665.11,64616.06791144,64651.25688961,49.04208856,YES,pm,1,0.01
1784829900,0x2952ab777ac46e79863eff224aad70529f461f3045bea3f5bbdea4719699ecdc,YES,0.97,240,0.00,0,64696.85,64649.13988914,64712.55195434,47.71011086,YES,pm,1,0.03
1784830200,0xb941307f3c25f88ba2c1900f3085af75d5011156d749c11b02cb254e9a256239,NO,0.95,262,0.07,0,64678.78,64712.96518605,64677.54357880,-34.18518605,NO,pm,1,0.05
1784830500,0x5488bffc0a8692ef66cb74e56a3d13bf56dc0bb901f0393cbd07e2117238ef20,NO,0.95,273,0.05,0,64649.96,64677.74081908,64671.27089046,-27.78081908,NO,pm,1,0.05
1784830800,0x2bb06026eb81d0c3f3ccdc19fa39f43c8d3668608571435ec7110477ce70aea3,YES,0.95,248,0.36,0,64699.99,64671.27089044,64692.34601184,28.71910956,YES,pm,1,0.05
1784831100,0xb9e1d7e33877c7a123b426c48fae49d99c4da9a7d89e8ce8dd3fef1ef57afa84,YES,0.99,240,0.02,0,64740.0750,64692.31223000,64748.80667236,47.76277000,YES,pm,1,0.01
1784831400,0x27bb3db8e90b4d16bc42a24c6c57ddc34ce3ea399351883b1884d83fc4e0a45b,YES,0.99,240,0.01,0,64791.51,64748.64480110,64809.01479968,42.86519890,YES,pm,1,0.01
1784831700,0x7616d900c2971205a2e38eb8eef0f665ee0169c216e4ee4110864a1e20708f63,NO,0.98,240,0.01,0,64770.9250,64809.30750000,64761.18214101,-38.38250000,NO,pm,1,0.02
1784832000,0xe9204dab2b19854963bdebdbcb5019e1d4d329229ba4b5f8231f6a8203864dac,NO,0.95,288,0.08,0,64752.33,64760.87500000,64756.82000000,-8.54500000,NO,pm,1,0.05
1784832300,0x9812e416655e6d59ba9fa95a4bb8921c3342e0bc88479395b0d9d33ec74cbf38,YES,0.98,271,0,0,64821.67,64757.79172607,,63.87827393,YES,pm,1,0.02
1784832600,0xfbd41a7658908545a3e18d16f36e3a13a1768d127606bf74f831a4ad7b0500e1,YES,0.99,256,0,0,64884.42,64825.20676773,,59.21323227,NO,pm,0,-0.99
1784832900,0xb20a7cb66188f218d2752d3b0b64368989f7ca76752a2973cc13996d91744b92,NO,0.95,240,0.03,0,64794.9,64825.93438946,64809.32017148,-31.03438946,NO,pm,1,0.05
1784833200,0x89ec685e70d64df76e621e2e068df608a207afe866fabb93e30ddb18c2704a25,YES,0.98,240,0.01,0,64848.22,64809.30000000,64850.33500000,38.92000000,YES,pm,1,0.02
1784833500,0x2e650f3a44ef22b566aceb86a9d7771c35eae0d15a98686de2edd585950378ae,NO,0.95,254,0.01,0,64823.5150,64850.16787417,64824.65391982,-26.65287417,NO,pm,1,0.05
1784834100,0xb2b1ec132ade3f9dd3025b1c2e76561c629f36c4277d2559bd0dd50b32ae0e89,YES,0.95,258,0.21,0,64768.36,64749.73537825,64737.15250000,18.62462175,NO,pm,0,-0.95
1784834400,0x8f6fd068b88da870622ec07acf629f701257e1c49e7f2e73774a78fdf23ed2da,YES,0.95,243,0.04,0,64772.01,64737.01500000,64788.82000000,34.99500000,YES,pm,1,0.05
1784834700,0x1bcaf930e7079bf6956fad4e8ef946bd4fa84b59af0a88db17abba5f61b29eed,YES,0.98,240,0.01,0,64832.9750,64794.07222775,64834.85279124,38.90277225,YES,pm,1,0.02
1784835000,0x7a8fe5da7b04b0b40820f00076fff550224d60cf38e8aa5f81ac12b8b9df6810,YES,0.95,287,0.00,0,64840.2850,64835.37944513,64840.44329368,4.90555487,YES,pm,1,0.05
1784835600,0xba395fd7ae211f4ba6b7c25099e6382fff0e2c0f080f0af9662f6dc781319b1f,NO,0.97,240,-0.01,1,64701.56,64754.73499999,64699.84500000,-53.17499999,NO,pm,1,0.03
1784835900,0xb002d1564cc0e498088ba4c39f1d9c79e5d2555b258395103d8e5be4e3b03f89,NO,0.98,243,-0.05,1,64668.79,64699.84499999,64646.27596092,-31.05499999,NO,pm,1,0.02
1784836200,0xa8691d3b0311fcdd449ba2db85ea355e62f8f79d51ab6f9fafb2ddbf2df82ec6,YES,0.99,240,0.02,0,64695.8,64649.10656500,64659.60499999,46.69343500,YES,pm,1,0.01
1784837400,0x7a0fed257be2e5c6263b5c1ce42a7d0ee939e8a40f1ca7ea35dbf696ccdd1416,YES,0.95,282,0.14,0,64988.1750,64980.49503002,64993.28450559,7.67996998,YES,pm,1,0.05
1784838300,0xc6e969a52d965132bd4c3269f14c97be81f763d5de836c3f976c02d5bdee87ea,YES,0.97,240,-0.01,1,65134.81,65076.72383129,65117.51846758,58.08616871,YES,pm,1,0.03
1784838600,0x4cea5cb73253ac8adda147f8f823dff6d0cfda1b8b0a0c6a98989d450d3a1233,NO,0.96,240,-0.01,1,65080,65117.31181751,65069.94000000,-37.31181751,NO,pm,1,0.04
1784838900,0x2c154e909ddb71522685d292c6c63ce446c654db9170336363d9ad7adf1a79e6,YES,0.95,272,0.11,0,65086.1,65069.93500001,65068.27000000,16.16499999,NO,pm,0,-0.95
1784839200,0xf859183f4e832cb7f6c7c8d11bc1d663972ab4485bbd16fae9864ff1159c60b0,YES,0.95,284,0.07,0,65083.41,65068.20128408,65076.50000000,15.20871592,YES,pm,1,0.05
1784839500,0x3846a47d099511780278cc626b3a5fb0ac0ce2654bec21374c2aee03943d234c,YES,0.95,287,0.10,0,65088.6650,65076.72484629,65085.52750001,11.94015371,YES,pm,1,0.05
1784840100,0x41970a804c07ee78c1df65937b63400ba0517dd347f8d28ed41ea57542aff0b5,YES,0.95,282,-0.05,1,65096.36,65085.25805182,65094.28249999,11.10194818,YES,pm,1,0.05
1784840400,0xc4aaacd345f290b0d376046fb0696a9e80e1d0eb3e9c06bcac94933cda310c6f,YES,0.95,240,0.04,0,65123.0250,65094.28250000,65102.46859689,28.74250000,YES,pm,1,0.05
1784841000,0xef9ae7f34da024dbd47aa3f7861e0b2cc50d057e016217e0897f893c758ca4c8,NO,0.98,240,-0.01,1,64996.41,65033.69499998,64998.80845556,-37.28499998,NO,pm,1,0.02
1784841300,0xf77c0834ce59c06216110e0de598e7be7b60600d9cb128b2c4a76ff5fe1ef8bc,NO,0.97,240,-0.01,1,64967.56,64998.48120830,64971.53401650,-30.92120830,NO,pm,1,0.03
1784841600,0x686478bce750847d4977c8073892218bb6a701f4d5354ef1931afaed83c0a772,YES,0.99,240,0.00,0,65033.1050,64972.24928528,65024.75000000,60.85571472,YES,pm,1,0.01
1784841900,0x5d362ce76e1347e039b6cb787ad49d43f0a53010c06e72f4046cba4cb7c37c7b,YES,0.97,240,0.00,0,65069.3,65024.82250000,65066.77864821,44.47750000,YES,pm,1,0.03
1784842200,0x19e6229d8948ddc9f9e426703e4ad6ead8baba3d195aae893e03a5dc51c44a6a,NO,0.95,240,0.00,0,65047.4,65066.85135295,65046.84500000,-19.45135295,NO,pm,1,0.05
1784842500,0x3601b7e496afb25ea085a67894916cb1159e1c363f52191ad95808f0c5a058cb,NO,0.95,243,0.03,0,65028.17,65046.84342662,65027.30390150,-18.67342662,NO,pm,1,0.05
1784842800,0xba589b8d3e4ab2232ab73a4fbc80f576738b29f24e0304439e1b5606332e78ad,YES,0.95,286,0.27,0,65040.32,65030.15504139,65049.85738063,10.16495861,YES,pm,1,0.05
1784843100,0x85a2d8a9ed34a437b00ae8c6da894c5f17045010d016dc6001976ede7846e287,YES,0.95,244,-0.06,1,65086.2,65049.81763306,65104.43499999,36.38236694,YES,pm,1,0.05
1784843400,0x4483e9ed21d9427ecba26654550fd1681fbbf0570acbba3a1f9e294f59579c93,NO,0.97,247,0.10,0,65081.37,65104.43499999,65084.24497844,-23.06499999,NO,pm,1,0.03
1784844900,0x03011d3b57ffed671403e40a64249c77582188fb947dbddf5ec0a09b6859feb8,NO,0.96,274,0,0,65002.94,65049.65263245,65013.33335901,-46.71263245,NO,pm,1,0.04
1784845800,0xd5ff88d151ce40f01f5fcb827a1133cbf0153cf33a4c67260c48ed2519b7eb7e,YES,0.97,240,0.04,0,65134.51,65097.16317749,65133.74062870,37.34682251,YES,pm,1,0.03
1784846100,0x1fa0e77d750ddb206cd05959f91d81b1317c5adb28ffcaa39bf6d836a7480faf,YES,0.97,240,0.03,0,65169.1650,65133.91455792,65165.70509372,35.25044208,YES,pm,1,0.03
1784846400,0xe20e6bffd8bfff276ee4c9cc81cc7dfae156e6fad9280e3dcd8ba3c8fe3c34c0,NO,0.95,289,0.11,0,65161.99,65165.69000000,65159.32500000,-3.70000000,NO,pm,1,0.05
1784846700,0x53348ca8fb0d876f3ee4ca841634151904ea13aa5a1811e983b93b10ea43242e,NO,0.95,253,0.15,0,65143.4950,65159.33000000,65137.03503009,-15.83500000,NO,pm,1,0.05
1784847000,0x42329df3c0844f18ab810403c3d57400dcd865e66b57caca97904fa669e359fb,NO,0.98,240,0.01,0,65104.92,65139.20000000,65104.86556667,-34.28000000,NO,pm,1,0.02
1784847300,0xfb2cc42c3ec597b269af8e6f0665a9b005b57442ea8db4836d5413de55b26cb0,YES,0.99,240,0.01,0,65146.96,65105.45966977,65142.03000000,41.50033023,YES,pm,1,0.01
1784847600,0xd7ccb891f0a39b2870bf19d53deadcd6b80be6c23b6f7bbef042ab47db408cdd,NO,0.95,281,0.10,0,65131.21,65142.03000000,65136.68500000,-10.82000000,NO,pm,1,0.05
1784848200,0x5c3a2bffdde0681d839f7d61ddcf465974478932d0223066b2144dc6edc3a57a,YES,0.96,284,0.05,0,65135.4250,65124.19250665,65142.65286047,11.23249335,YES,pm,1,0.04
1784848800,0x682ae636988e49cea03e88670ef166ddd65a240db88c8f58b6c305b1a23033a6,NO,0.95,240,-0.03,1,65128.49,65152.21040831,65120.39500000,-23.72040831,NO,pm,1,0.05
1784849700,0xbae62b7bb720905e42c68017590bbdfb9ecab30226c9669f535a1609279e0769,NO,0.95,289,0.11,0,65143.2950,65149.20000000,65141.97251504,-5.90500000,NO,pm,1,0.05
1784850000,0xe5703ff42e18f59303a25601e559f602123b0631a89c37c6f4df8a9bdeccf6c4,NO,0.98,242,0.03,0,65122.5950,65141.80966006,65122.99249999,-19.21466006,NO,pm,1,0.02
1784850300,0x878c10b8145a3a8e4b6f99f1ebeff37bf069796a1a5f0b6e4cc7f7074307c562,NO,0.95,271,0.12,0,65095.15,65122.99250000,65086.83933292,-27.84250000,NO,pm,1,0.05
1784850600,0x1db0d95333449edfa4fe5b8339979b98ff2714711389c65a56cb4acfdb338151,NO,0.98,240,0.00,0,65038.2850,65086.23123562,65026.39367662,-47.94623562,NO,pm,1,0.02
1784850900,0x11ba5a5ab05573dee22a32b4c5bec06f035b8660eed912fb134e7215f46bf537,YES,0.97,248,0.03,0,65047.96,65026.24903171,65050.46000000,21.71096829,YES,pm,1,0.03
1784851200,0x36cb924e956b2d13bcafe194cb4c59fbd13d3cccbf1368b081d07924ab20f329,NO,0.98,240,0.04,0,65001.2,65050.47499999,64977.07410452,-49.27499999,NO,pm,1,0.02
1784851500,0x606c9caa2173133da65456e6b78430add339a7a580882bec4ae50f5c899fe67e,NO,0.99,240,0.01,0,64921.65,64976.90046335,,-55.25046335,NO,pm,1,0.01
1784851800,0xed7288d4917b32474908262c54005953df6c9b3eb416ade3579e1d838d7da20a,NO,0.95,283,0.07,0,64881.5,64894.52750000,64880.97923093,-13.02750000,NO,pm,1,0.05
1784852400,0x74bcc52b900802871a7abf25da0cae16bf0811ae09031265a88e0cc3abdaf721,YES,0.99,240,0.01,0,64935.63,64877.10930939,64921.60818434,58.52069061,YES,pm,1,0.01
1784853000,0xa63048723162d7e005798eba263942c0857f83cac0a31a22f9c39fdfb0193518,NO,0.99,243,0,0,64758.69,64830.99462683,64783.27674973,-72.30462683,NO,pm,1,0.01
1784853300,0x89e11af5330041de786e4d3540c2bc6ef3a9248e811dabc9868d403521360ac2,NO,0.95,282,0.04,0,64764.4,64783.27576579,64742.49891359,-18.87576579,NO,pm,1,0.05
1784853600,0x20f897a4dc277f6f220ff4a78fdb21c27f7654abbdb07f69bf4f14784b922858,YES,0.98,240,0.02,0,64789.41,64741.30563050,64802.35000000,48.10436950,YES,pm,1,0.02
1784854500,0x1fdd9c4df372ac0e366dc880831033b656e5d0a5bc72888a42c967ffe28b7eac,YES,0.98,240,0.02,0,64914.29,64869.68556731,64923.17500000,44.60443269,YES,pm,1,0.02
1784854800,0x3eeb2dde66690dbce85a049894d51b3f08494d1ebc6110772f5ee2773a70b4e4,YES,0.99,254,0.25,0,64987.26,64923.17500000,65036.87898237,64.08500000,YES,pm,1,0.01
1784855400,0xeffd4c552832d9aaf2cc03f551ebefb24af1f7040dab72901d3eb80da3ac4205,NO,0.96,250,0.06,0,65001.67,65032.86307888,64993.59651553,-31.19307888,NO,pm,1,0.04
1784855700,0x3a346fe2ea20735342c7c8a0022a499d4b3aacee95a4b9e90880ba4e36cdc55c,NO,0.96,240,0.04,0,64952.1,64993.04499302,64985.32250000,-40.94499302,NO,pm,1,0.04
1784856300,0x19c4ce757603dac007c9db9b382d584b2c427cb1f62684029c012168f17e9f31,YES,0.98,240,0.01,0,65051.39,64985.86660929,64984.02500000,65.52339071,NO,pm,0,-0.98
1784857200,0xc46ba93f4d9553e8b4c4c1c9d6cbde68426896a40713f98605c753316e66a706,NO,0.95,273,0.19,0,65062.8450,65082.25648453,65050.79847573,-19.41148453,NO,pm,1,0.05
1784857500,0x2369f8ac4ed7e889b9b18a98410da37756a7ac4c368897e3aa9159618d6c7dd1,YES,0.97,269,0.06,0,65072.2650,65051.69251501,65072.22500000,20.57248499,YES,pm,1,0.03
1784857800,0xa0eb0174d322c2245388d74f217844459d488b129bc5c4fd337779d4f106e9d3,YES,0.95,276,0.08,0,65072.7450,65054.71599525,65049.06741591,18.02900475,NO,pm,0,-0.95
1784858700,0x438c2720e345a1d5513babb3287e51a510d4869a5eba610dec78cde66055e0db,YES,0.97,240,0.03,0,65066.89,65029.72000000,65075.46369073,37.17000000,YES,pm,1,0.03
1784859000,0x328efcc6dcbe9bd7b4dd911c1b1dd47fcd2883f8c6ef0e3ae50114e7e61c86f0,YES,0.98,240,0.03,0,65126.02,65076.60000000,65115.48209237,49.42000000,YES,pm,1,0.02
1784859300,0x80c762b245e9b57eceaa818587cd8f172eff65b1ab4f95199382d8f8aa93f439,NO,0.96,240,0.04,0,65068.12,65115.48209237,65074.39825839,-47.36209237,NO,pm,1,0.04
1784859600,0xfc20898e35d500e4c9413a557d085e05cd170ea9afd18abeb5106dafbf7951d3,YES,0.95,272,0.60,0,65098.62,65074.41000000,65102.54933166,24.21000000,YES,pm,1,0.05
1784860500,0xeb38bcc94882e885d4a8e8fd76d97e71f8eee6a495c382d70bbeda25ea9407bf,YES,0.95,240,0.01,0,64933.31,64894.02821901,64934.37745460,39.28178099,YES,pm,1,0.05
1784860800,0x63ea5a4d1fd212e87db4d5ac0637b4c700089e2423b31919514ad5b44bcba9d2,YES,0.98,240,0.01,0,64996.39,64934.38484159,65006.07268953,62.00515841,YES,pm,1,0.02
1784861400,0x386a2ffbd2adf926e17ba0d9143fdc2c8f303d1a45dc9c84f723789cab4291f3,YES,0.98,253,-0.01,1,64959.2450,64926.50275602,64957.86408943,32.74224398,YES,pm,1,0.02
1784861700,0x0b85ca6119e88b8d3b87abd4acb0190917e79ecde9bc5f08c44930731caafabf,YES,0.95,240,0.02,0,65042.26,64958.65000000,65066.23108983,83.61000000,YES,pm,1,0.05
1784862000,0x6f05dd2199e4104822ad398e5dc7c7b09e9119f45c989fd152d1405cc99ea7f2,YES,0.97,240,0.02,0,65108.0650,65066.18067037,65114.51551391,41.88432963,YES,pm,1,0.03
1784862600,0x1b6eac477e10a712b3b90f75da85315963fce36725ab531ac080a1970e8f089f,YES,0.96,240,0.03,0,65261.76,65221.95206165,65261.01187431,39.80793835,YES,pm,1,0.04
1784862900,0x04ef1cfcf93719825dce5777dddebced90c60fba3b8220420d0ec30c43535afb,YES,0.99,240,0.00,0,65335.64,65260.33534901,65307.27000000,75.30465099,YES,pm,1,0.01
1784863200,0x1bdeef42ac422db2b2996cb2bf79d75b6911f03bc3c2243fa2f66868a2ceab2a,NO,0.97,240,0.03,0,65264.0950,65306.97429358,65260.05030140,-42.87929358,NO,pm,1,0.03
1784863500,0x92066b18a7c09772653bcfbdc3b82d5766a33148d810ccc1d5b1412e9b5907db,YES,0.95,240,0.01,0,65300.85,65259.96793145,65271.07463554,40.88206855,YES,pm,1,0.05
1784863800,0x641c208f20249b903d23963e253256188be008f65b57f7df4e32ee9eaa2e8266,NO,0.95,241,-0.01,1,65242.18,65271.04000000,65256.66799012,-28.86000000,NO,pm,1,0.05
1784864100,0xa796ede81cff158c6b2f5a33b45c746dd56b75dce962a86ae27e5956648186a5,NO,0.95,286,0.49,0,65256.92,65257.76303663,65255.38500000,-0.84303663,NO,pm,1,0.05
1784864700,0xdf1e092c3c8897e45ea96954d9765cb6452df214ef6bd0634c4e660a79203c91,YES,0.95,240,0.01,0,65399.99,65356.50975993,65395.86251502,43.48024007,YES,pm,1,0.05
1784865000,0x35eba6ea1546cd07025a15a4c350665a54f7fbf7311fcd5b058487b746a5864b,NO,0.95,242,0.02,0,65360.94,65395.86251503,65360.94000000,-34.92251503,NO,pm,1,0.05
1784865300,0x98ee8bef26dc1abff0dd849a60d0482d68094439b0984dfaa6ea680da0f5ae9c,YES,0.98,240,0.01,0,65404.59,65360.94000000,65405.02499999,43.65000000,YES,pm,1,0.02
1784865900,0x619c0b0f062580fc7c748a9b689dcfd6f3a7c261485308c440358c5add915876,NO,0.95,276,0.45,0,65362.8,65390.16194927,65359.61750000,-27.36194927,NO,pm,1,0.05
1784866200,0xcde5d8f3ab8584f531af471afe740637a56afa088baff95df933decfeb03c53d,NO,0.95,252,0.25,0,65349.33,65359.78339905,65345.41237163,-10.45339905,NO,pm,1,0.05
1784866500,0x5b95f34039ae658d80a615122e7aaae157a6c6529bbd37236b5866d9421693ed,NO,0.96,247,0.04,0,65321.24,65345.20816769,65322.40726637,-23.96816769,NO,pm,1,0.04
1784866800,0x60f053e1393f2ebd0478b68e9200ea5ab1cc5eecd16a9e9c363a87df995c89c5,YES,0.99,240,0.00,0,65387.82,65328.52110224,65359.46317973,59.29889776,YES,pm,1,0.01
1784867100,0xb2866ce6cc07351f0fc2eba160ea0062eed46e1a64534c6e40701a9a649b8c31,YES,0.95,287,0.12,0,65371.8750,65359.55028381,65364.10500000,12.32471619,YES,pm,1,0.05
1784867400,0x78b82d0b1edd33a4a3c1aa84019258211989bfcda8241c84538a56eed510d9cc,NO,0.95,245,0.44,0,65344.98,65363.33347555,65332.16499999,-18.35347555,NO,pm,1,0.05
1784867700,0x197b0c73333b5e7bccd88fe5963af5661ea19b3fc6a5492f41aa2e1aa13100f0,NO,0.97,240,0.03,0,65299.21,65331.00487226,65283.00999174,-31.79487226,NO,pm,1,0.03
1784868900,0x5c449cbbb1ee06f659c6fc2bef7ca4954f94b56cf51e26fd9bf0843a64b5e964,NO,0.96,240,-0.01,1,65221.6950,65260.49714203,65255.64804685,-38.80214203,YES,pm,0,-0.96
1784869200,0x657872dbfe700106752b1210ab74e2289db85845fd76b32f0df4994578c8e36a,NO,0.97,240,0.03,0,65226.62,65258.54488351,65217.03529192,-31.92488351,NO,pm,1,0.03
1784869800,0xd9aab7aecd0beddbcd61c1bc0b9721a1ddde5f8b9238266a82e59299bcc55dc4,NO,0.95,277,0.05,0,65304.17,65317.71000000,65300.84422426,-13.54000000,NO,pm,1,0.05
1784870700,0x6b9a602c7bfb63dcd311506d84d1d7e0b1e01fd2ff12afc0a8072f7a483ab08d,NO,0.95,243,0.02,0,65285.0550,65302.36504158,65281.97301358,-17.31004158,NO,pm,1,0.05
1784871000,0x97d1d4e08a4aa8f7b351235eb5b06d8f6a0c3b7c05104f53765aaac502a558f9,NO,0.95,288,0.28,0,65242,65281.97301358,65241.22262059,-39.97301358,NO,pm,1,0.05
1784871300,0xe3365bb6c8a11514b5f838fd2bc0342238f4c5c6b5656ceedd2f0d68b3ce72d4,NO,0.96,254,0.04,0,65221.57,65241.38861475,65218.74158485,-19.81861475,NO,pm,1,0.04
1784871600,0x3a4fbfa84d3c39f9a4e537fd7ee36ebd69ab9bf7a5b9a0362f49d60c0792d1ab,YES,0.95,247,0.07,0,65229.77,65218.90518373,65256.29000000,10.86481627,YES,pm,1,0.05
1784873400,0x0db731877e5e20f0e8cd88c2c394e1429dbd512f7a9e23c01e2a1430f28c268b,YES,0.96,255,0.03,0,65304.77,65275.48008637,65330.75332270,29.28991363,YES,pm,1,0.04
1784873700,0x65deffc26a51ef304d5a927a69da2f54789d9e4c5f90f4ad41836a3f38d35374,YES,0.95,246,0.10,0,65352.8250,65330.62794373,65438.50000000,22.19705627,YES,pm,1,0.05
1784874000,0xf753245fb8c3894a4920f1a73547501e3ee4292e336a5d9c8ed75d801845411e,NO,0.95,248,0.01,0,65395.74,65438.60530052,65404.82925345,-42.86530052,NO,pm,1,0.05
1784874600,0xf80e5a5c12cfd7dac1d6be981cb82864fddb9d1c16d0e5e4a0bc82244ac4d5a3,NO,0.95,256,0.02,0,65369.95,65402.12116788,65397.02884919,-32.17116788,NO,pm,1,0.05
1784874900,0xe42efebe0ac9f27e108e802f9820a70e964a817b845005d3a875820711be0a5b,YES,0.98,240,0.00,0,65452.88,65396.93000000,65443.22301714,55.95000000,YES,pm,1,0.02
1784875200,0x87249f2a0c97993b61c526f7cd4ff86486ff32097405e9aad7bcdf9f09c43a08,NO,0.97,240,0.00,0,65415.44,65443.15757392,65405.36930501,-27.71757392,NO,pm,1,0.03
1784875500,0xe9e666950c4e62fc4b31eff7bac2fc612b98e500b1582907542f1b06a0af8e8c,YES,0.95,254,0.00,0,65434.2,65405.94750000,65401.03000000,28.25250000,NO,pm,0,-0.95
1784876100,0xa9e6afde7b5d07f29341e816d0c1cfaecf5b5713cde47dccb63d46bef9f34ff8,YES,0.95,277,0.08,0,65419.28,65402.00500000,65420.54500000,17.27500000,YES,pm,1,0.05
1784876700,0x8a54f8bdaefe850a2b8ab4b0f1f7a1423424e1cf5a7d5f5667856065313f3e63,YES,0.96,240,0.00,0,65525.5450,65494.29260175,65574.72153851,31.25239825,YES,pm,1,0.04
1784877300,0xf0a7d1e746c0f647d69a9a5466d25ef7943a8b40017bfca0b61eb1d6c3e77ada,NO,0.98,240,0.02,0,65665.60,65717.80506588,,-52.20506588,NO,pm,1,0.02
1784877600,0x631c082d70218d0b07d223b594df9f570a98e6274db3b6dda31a5515e14177da,NO,0.99,240,0.02,0,65628.16,65673.45750000,65598.71384161,-45.29750000,NO,pm,1,0.01
1784877900,0xdbb894f7df61e3a126e002bf29e381d5fc20379d088e84c2b74ba567833ca321,NO,0.95,263,0.02,0,65577.36,65599.13562343,65594.18559412,-21.77562343,NO,pm,1,0.05
1784878200,0x682d5a193b93da69dfc06ccfe5b9aa3278bfe3270fb43e0f425250bd4cf045b9,NO,0.95,244,0.22,0,65540.47,65594.43000000,65516.46500000,-53.96000000,NO,pm,1,0.05
1784878500,0x2ecfbd01f990dc9abbbfc02de9a3fae4a77d8b740ee69dc92c3a55d4915e9a12,NO,0.99,240,0.00,0,65449.37,65516.46249999,65439.44436152,-67.09249999,NO,pm,1,0.01
1784879100,0xdbc4b6ffaf6cd8d8fd8d65459178b07fb46299544db1a581cbed488d0f575d6f,YES,0.99,240,0.00,0,65385.89,65326.53833067,65404.14379207,59.35166933,YES,pm,1,0.01
1784879400,0xc14aa78c644d425552a2d6e8617e9d66cde587a21043fa78cbb48bbc87d21bf6,YES,0.95,253,0.14,0,65422.61,65403.64875919,65453.13875002,18.96124081,YES,pm,1,0.05
1784880000,0xc2a8c18493534d40c40bc77aae3b5ac946b8abd3774bc61d7a0757a18ff3d4b7,NO,0.99,240,0.01,0,65398.0150,65453.98000000,65387.35751505,-55.96500000,NO,pm,1,0.01
1784880300,0xfcf2f95e5cfb41807969296d66ab19b7f09552d63ca76b154758d2d88c94a663,YES,0.95,240,0.03,0,65416.46,65388.18690713,65445.70503008,28.27309287,YES,pm,1,0.05
1784880600,0xeeea7d44fe81b0a9661fa45a3a54f8d4f3adb1103d7253bf40d8321cdcd2e8cb,NO,0.98,240,0.01,0,65398.8450,65445.70503005,65394.14557030,-46.86003005,NO,pm,1,0.02
1784880900,0xf7ea8d43699e42193ae1334a1ce5e448b871678b960d9b61c686415ffcffc324,NO,0.95,278,0.28,0,65384.00,65393.93286835,65369.09371665,-9.93286835,NO,pm,1,0.05
1784881200,0x4c3875700a3667b112eb59420b84f9e3d9e9faaab292a6392317eb1e415da80e,NO,0.99,240,0.00,0,65321.74,65369.04621665,65310.21177335,-47.30621665,NO,pm,1,0.01
1784881500,0x036686cc6a8afc7f5eb357e435b00a210dbf8396733ca21e68a30334423233d0,YES,0.95,246,0.10,0,65330.450,65310.21177335,65342.43500000,20.23822665,YES,pm,1,0.05
1784881800,0xdb527e1a2c027000431c456d17e692da0a46485116910191005c39d2606c3e4b,YES,0.95,276,0.03,0,65356.83,65343.00000000,65358.39750000,13.83000000,YES,pm,1,0.05
1784882100,0x7755e8f90ce61bc5a10130627e158da8b60b3617b5b472c4219cb4a09415cc05,YES,0.98,240,0.02,0,65399.56,65358.39499999,65402.68192020,41.16500001,YES,pm,1,0.02
1784882700,0x69b614c876e37c3af06e67abbb3c9cf1e74320b68641a1729124ebbf99cbc108,NO,0.95,272,0.15,0,65381.41,65396.15119266,65379.18726788,-14.74119266,NO,pm,1,0.05
1784883300,0x44bb3c6a0b9d54a309dcf64615924865af16d250c656b9da55814c1403c89a75,NO,0.95,258,0.05,0,65266.79,65283.12750000,65259.69500000,-16.33750000,NO,pm,1,0.05
1784883600,0x057513f43c8a89db55aaf34998d1073b1a3f06a3e2b8ec5fec05111ede1f0e38,NO,0.95,255,0.01,0,65243.76,65259.64000000,65157.45498311,-15.88000000,NO,pm,1,0.05
1784883900,0x50dea0b71ad5181df27216aa8d93f33f181e449665b365d05a3c3b4a0d8c7776,NO,0.98,240,0.01,0,65090.3,65157.26500001,65084.75057776,-66.96500001,NO,pm,1,0.02
1784884200,0x2eba20b1b6ccc153ce22414c320be38b768426e7e707303b603cf300f5fbbfd4,NO,0.95,240,0.01,0,65040.93,65084.05274841,64998.30811202,-43.12274841,NO,pm,1,0.05
1784884500,0xc1b08e59be57bb08000b55bc801086a8890d0cec01edc013f1bd6bf0127d415e,NO,0.95,247,0.04,0,64967.8,64997.50353295,64949.69565756,-29.70353295,NO,pm,1,0.05
1784884800,0x57ecabcaab8ef4d2d073b5610ec93a55345168b0fd55215d5825860764093c31,NO,0.95,278,0.14,0,64941.6550,64949.69431839,64928.23332349,-8.03931839,NO,pm,1,0.05
1784885700,0x29c8330bfbafabb64078e734f31d5c8d3f6b1c79850fb87e852ce3b12240ca01,YES,0.95,268,0.38,0,64955.23,64938.31529893,64992.58658624,16.91470107,YES,pm,1,0.05
1784886000,0x7c0cc2f40a02fe8c1c94d0033fadd5d02122e8d4f6506cad66e492cd4a337bf9,YES,0.97,240,-0.01,1,65043.39,64993.63000000,65033.01000000,49.76000000,YES,pm,1,0.03
1784886300,0xb050bf2bb50cd27ec8f09dc514ff5fc356fe9bd8b92c92ac6b291532272fdcbd,YES,0.95,265,0.02,0,65052.89,65033.01000000,65040.11248889,19.88000000,YES,pm,1,0.05
1784886600,0xe284647054150286cfcd3b58939bce2f3c8f92d03003ed48930a8359574f93fd,YES,0.97,240,0.02,0,65076.2,65038.61485090,65076.36073843,37.58514910,YES,pm,1,0.03
1784886900,0x8f4eef303b69fd36216a5c531d9ba81bac23c0c4f82c851adc202c87d46e8b46,NO,0.95,260,0.07,0,65061.6,65076.62000000,65064.84055831,-15.02000000,NO,pm,1,0.05
1784887200,0xe6ac40b2fa3ef297b0823a90367eb3af230d7f02870cde10600de9b84d197145,YES,0.95,279,0.13,0,65075.7,65064.71883884,65071.72000000,10.98116116,YES,pm,1,0.05
1784887500,0x41944cf67533f10890a27e52e1255feeca6fcc3a65f111819cee89a32b513920,NO,0.98,240,0.01,0,65029.24,65071.03807918,65001.88993135,-41.79807918,NO,pm,1,0.02
1784887800,0xe0cc67bb33ef20fd84f6e1fb57603e91a4d4e9f3824574ee1f00aafee83e7bee,NO,0.99,240,0.02,0,64946.7,65001.88993135,64957.11000000,-55.18993135,NO,pm,1,0.01
1784888100,0xd1edc35900b3bbd244b7617db779af4d4f950d27456cd03d7e2dd69f88a95e59,NO,0.97,240,0.01,0,64926.5050,64956.34444464,64921.41218336,-29.83944464,NO,pm,1,0.03
1784888400,0xeb6092e3d17093e2156c181b1a2a31f093f891407e9295b28386e887055b9160,YES,0.95,240,0.05,0,64963.2450,64921.52169513,64968.50509390,41.72330487,YES,pm,1,0.05
1784889000,0x3c4abef996dda635f07f53bfe5d41508bec0bbd83d6d78b228b6bac9c74f3373,YES,0.95,244,0.02,0,64988.20,64969.20311587,64973.29641900,18.99688413,YES,pm,1,0.05
1784889600,0x11725dff0ab0eb8998a1fcea66d8ec6334e80b2acd0e4d5fbc08bca323807fa4,YES,0.95,251,0.02,0,64987.36,64965.71000000,64974.12499998,21.65000000,YES,pm,1,0.05
1784890500,0x3be8993a1223419b02b1dd270a65d6330f196f46aa617003d0dec8d12ed42454,YES,0.96,240,0.00,0,64902.96,64874.20194912,64902.93809203,28.75805088,YES,pm,1,0.04
1784890800,0xebc92fd1114bddcb9d45f6d6dc4f61079620b44d19f50c354ecbb3902592200f,YES,0.99,240,0.00,0,64952.07,64902.85596830,64951.56080077,49.21403170,YES,pm,1,0.01
1784891400,0xbef2cc806ff2338dcacee19e1bf776d23db58b44cb290c58fb23ca1ec3b020ae,YES,0.97,240,0.00,0,64964.99,64926.21893326,64951.47371332,38.77106674,YES,pm,1,0.03
1784891700,0xb64d62fa2864073a0d2a5de687f7061193943fc1a323fec58d35f51589dcae44,YES,0.99,240,0.01,0,64993.1050,64951.54290311,64985.07000000,41.56209689,YES,pm,1,0.01
1784892000,0x29880da9227b7f099601ab51efb1886bc8ffdbc6a6f248233253fcbb4c2a13ee,YES,0.95,283,0.05,0,64994.72,64984.93755132,64995.81998249,9.78244868,YES,pm,1,0.05
1784892300,0xa1d0344fb088f6efec0d2750949f8b4837159b0b6cbd86e2f8893cb153d6a179,NO,0.97,288,0.14,0,64982.2050,64995.93000000,64983.56909975,-13.72500000,NO,pm,1,0.03
1784892600,0x268d4057adf9085ffd9df19b2d3bb0a0a038f746eb4ffa406ee9009d4d6baebc,NO,0.95,270,0.64,0,64954.3,64983.58483594,64939.71500001,-29.28483594,NO,pm,1,0.05
1784892900,0x92095b885a7da127300eb619f5ff35d3de6d586c77f32949bc3997b72bf72815,YES,0.95,282,0.05,0,64944.48,64939.71499998,64963.96596810,4.76500002,YES,pm,1,0.05
1784893200,0xcab01526d7bec72588dcb1341dc37bcea68fbf3a9ac3dff28c0ca678c9e21ebc,NO,0.97,240,-0.03,1,64916.38,64963.96596810,,-47.58596810,NO,pm,1,0.03
1784893500,0x2ba6e22cbfeff3d6172b952c50a2808086eaae9ead12b8184c7fc4179c57c16b,NO,0.99,272,0,0,64848.24,64895.39750000,64882.90500000,-47.15750000,NO,pm,1,0.01
1784894700,0x64b9dcb215c3088854156e89235feb4430c1c4f3708f18b1d74c4fd06bb930b1,YES,0.96,250,0.05,0,64991.57,64959.64882125,65028.60871507,31.92117875,YES,pm,1,0.04
1784895300,0xe73fb8a6ddd38e31f67aed1c216c8794cf6f02526e8215fc069ba509c6c59a0c,NO,0.95,254,0.04,0,64993.45,65017.17000000,64981.64000000,-23.72000000,NO,pm,1,0.05
1784895600,0x0942a106fb6f7d1dda224f205c35a4401ae13464c3e33af32c460a6cf9a6506b,YES,0.99,240,0.00,0,65032.20,64981.64000000,65063.78312914,50.56000000,YES,pm,1,0.01
1784895900,0xf22d0516faf66c891f4ee4afba37d725bfc7795e9a11fd4e58730272f21e7392,NO,0.99,240,0.00,0,64996.62,65064.14017443,64972.11000000,-67.52017443,NO,pm,1,0.01
1784896200,0x0edc4697ae66ac9cc623eaa653b197f9dd352bc5d424c06e499376ed4118023d,YES,0.95,240,-0.02,1,65000.4250,64971.82113225,64945.74802610,28.60386775,NO,pm,0,-0.95
1784896500,0xc440110604276fd6c5bbcafd266596e737e62b691513de7a8a40ff4f193b58da,YES,0.95,257,0.02,0,64973.5050,64943.64995066,64965.49999999,29.85504934,YES,pm,1,0.05
1784897700,0xedb53a0e1a4dee7c441a87a4d87902bb3ab5a49fed190f3ce31809df0354d6a8,NO,0.99,240,0.00,0,64723.86,64794.04325056,64719.64661994,-70.18325056,NO,pm,1,0.01
1784898000,0xb0715a1368bd9e4d38bca857727b3cd3bcd4bbc4c5d68c0033ff381592a998da,NO,0.99,240,0.00,0,64647.57,64717.89500000,64652.10321416,-70.32500000,NO,pm,1,0.01
1784898600,0xa3eedaa20d9587e0c27f4bc4371c96c9a497153139eefc368bde1617b5ccb8ea,NO,0.97,281,0.03,0,64317.21,64343.51082768,64317.86839637,-26.30082768,NO,pm,1,0.03
1784899200,0x44ed04469200fa969a32e2dc5b111ee4fc82f15a6105f73540c2d73abd23bb8f,NO,0.95,243,0.00,0,64382,64442.82500000,64335.13867002,-60.82500000,NO,pm,1,0.05
1784899500,0xf956eccffd8898b5ceacd84198ad6385e60869ac9d7f179e8d1753951f89f958,NO,0.95,250,0.01,0,64331.02,64335.17227895,64322.20601903,-4.15227895,NO,pm,1,0.05
1784899800,0xc7031bd8c2fba2210f04938eb5cc556882fe9e75e69f04a5cdac198fe3a05a40,NO,0.98,240,0.02,0,64247.79,64321.13270434,,-73.34270434,NO,pm,1,0.02
1784900400,0x684d0072c380243510f232db79813922d3a3708720c251d9df0635266d5651a2,YES,0.95,242,-0.05,1,64300.8150,64228.86768036,64352.04000000,71.94731964,YES,pm,1,0.05
1784900700,0x202776db078ef3c2faa0cfb2f2dab8dd0ca1b11529d6eb5e6ba6722900856bff,NO,0.99,240,0.01,0,64245.5,64352.60000000,64221.59000000,-107.10000000,NO,pm,1,0.01
1784901300,0xd5019b94594e2e1b5746fa4c2c1e3e282fad19b3bf78efa6167fd4d54286fb7c,YES,0.98,240,0.02,0,64040.65,63948.42000000,,92.23000000,YES,pm,1,0.02
1784902800,0x1a6008674e069c68631c46a8996258530098096d95a412667a191a860e9b9a2d,NO,0.99,240,0.01,0,63729.64,63815.05090546,63731.42965734,-85.41090546,NO,pm,1,0.01
1784903100,0x8aeae918f28c7c2005a055ca8061d73360fb4f7c9e459f50ff1dbbe8b759366c,YES,0.95,271,0.12,0,63765.12,63732.32000000,63799.00766876,32.80000000,YES,pm,1,0.05
1784903400,0xdec66ab1adf0b1542fe17cb5696479c0f55300014da1f4d9568b9ebed7d49682,NO,0.95,282,0.19,0,63758.67,63797.65138022,63763.50870257,-38.98138022,NO,pm,1,0.05
1784903700,0x652839ba5500e52de0decdbf560b85ebc61c25dc1e83eca1a989ced84ed7aba5,YES,0.95,243,0.20,0,63804.69,63759.76409051,63745.23784992,44.92590949,NO,pm,0,-0.95
1784904000,0xcaa46c22c3c511ea6366f9c3fa58a6bc5b1be7981443f23ebaca751d70174d3b,YES,0.95,281,0.09,0,63763.97,63745.06156071,63763.56387500,18.90843929,YES,pm,1,0.05
1784904300,0xfbcf9c2692facda8585679ca558c22e56c5daec442141cbddbb8df3676d1f2e4,NO,0.99,240,0.00,0,63688.3,63762.17313257,63779.17624886,-73.87313257,YES,pm,0,-0.99
1784907000,0xa2dac467f10f61d767d7570f0457f8fcff60b9d2d39f547848014bf8ead991db,YES,0.95,240,0.12,0,64141.51,64060.03000000,64128.59517773,81.48000000,YES,pm,1,0.05
1784907300,0x7e915b23b7cfc17577675748cc0819e2b9c45bc6057f29fef805582b91b91e68,YES,0.96,240,-0.01,1,64195.5,64127.78688351,,67.71311649,YES,pm,1,0.04
1784907600,0x372dd77acdbbb0f95da1a1013f3872ebd93c5ef1d3c4cfbd99674a7e5b018b5b,NO,0.99,240,0.00,0,64130,64213.96,,-83.96,NO,pm,1,0.01
1784907900,0xf6e98d386be840a9eb7e66bbdc624ea6779e136aa8e9bd86538b9f0655b3c2aa,NO,0.95,251,0.25,0,64056.76,64103.45,64067.86500000,-46.69,NO,pm,1,0.05
1784908200,0xcff828cdee65cb1541babf9e8dca1c0359253cfcccd9e81a3b285299d376adcb,NO,0.95,255,0.13,0,64025.6,64067.86,64067.17082452,-42.26,YES,pm,0,-0.95
1784908500,0x20379e63f18f6e2a35594e6b2ec4f107dfbfdd87e82c4956174a8f6a79e775c6,NO,0.95,276,0.47,0,64049.4,64070.41500001,64029.95503009,-21.01500001,NO,pm,1,0.05
1784908800,0x04d0fbfcee836ffc2c34023d9adfa69d34bd0dd91902128a04211dc3519353ff,YES,0.95,278,0.36,0,64052.4,64030.30660458,64066.16000000,22.09339542,YES,pm,1,0.05
1784909100,0x0063443bb831bf789275109e57437b6fab282f124f53ac1cca64513ed28c7a7e,YES,0.95,247,0.13,0,64105.16,64069.35514310,64088.78500000,35.80485690,YES,pm,1,0.05
1784910000,0xfeb889f24b8e53754ef5fdcf7325b3ac9ba0c7aaa6515df0661083fd36815566,NO,0.99,268,0.32,0,64088,64088.29999999,64077.59231831,-0.29999999,NO,pm,1,0.01
1784910300,0xfcfccf68fa82a571966b08f49fecaaa103bca637274c0613d3faf5c96d26d240,NO,0.95,240,0.02,0,64047.89,64077.24685110,64031.79134099,-29.35685110,NO,pm,1,0.05
1784910600,0xe0f7465e846e4f8dc28970cda312f131ea6b7dca034d1d519a9f199c790fe40d,NO,0.99,240,0.00,0,63960.4950,64030.58537936,63973.18242074,-70.09037936,NO,pm,1,0.01
1784910900,0x1e5f258a3d47dd096808104f60f82c2b88b824d5172e9ab9f9c87e2233d3a39e,NO,0.95,240,0.16,0,63941.6,63973.30000000,63925.32973578,-31.70000000,NO,pm,1,0.05
1784911200,0x3b5250b250585fd91de74a0650dcdbcc279eb7cae8859af8a5f78a24cfa9805f,NO,0.97,240,0.04,0,63883.71,63925.64016971,63874.73500000,-41.93016971,NO,pm,1,0.03
1784911500,0xa294488c1793cccbf184f548d34ccb9a4fd7cf7dae86e6aafeead273d77e4dae,NO,0.95,240,-0.01,1,63838.98,63876.14726969,63858.69382201,-37.16726969,NO,pm,1,0.05
1784911800,0x326747415f3ff7f7794b0e15428c69e7fdd6958e30c3ad2c8b8679f4974b00f3,YES,0.95,281,0.28,0,63868.89,63857.58424559,63877.93596030,11.30575441,YES,pm,1,0.05
1784912100,0x2e5562f21b65ac011ee0f8c5ca4641cafdbfc63be6c2bad46ad92200d025c7fd,YES,0.987,289,-0.003,1,63912.7,63874.05000000,63892.79000000,38.65000000,YES,pm,1,0.013
1784912400,0x8907efed71621fccd6acf7f0d24e30e5523484679fef9383b2c913e2235c804d,YES,0.95,253,0.03,0,63926.4450,63892.78750001,63938.84807288,33.65749999,YES,pm,1,0.05
1784912700,0x37e64eb1cb40b28f423e5b67e0339e87b2e2a0b46707077b8a24b42dc66cd851,NO,0.97,240,0.01,0,63883.7450,63938.52928782,63875.16777366,-54.78428782,NO,pm,1,0.03
1784913000,0xc139c5b1edf4b57317371cdebf502261f292d18691554175c45814c91b3f89fd,YES,0.95,278,0.06,0,63894.6950,63875.26595776,63898.03500656,19.42904224,YES,pm,1,0.05
1784914500,0xa52d9fef70b606fda4f941e49be8d7e286286219fcea1a7b331ae9537a9a9d74,NO,0.95,240,0.00,0,64076.69,64118.71000000,64087.20503010,-42.02000000,NO,pm,1,0.05
1784914800,0xbbc87309a7af1df9c0badae439ba5955675f0b6a1577e3fc6abdd49bfcd5007e,YES,0.95,247,0.06,0,64107.81,64087.23543362,64107.36692827,20.57456638,YES,pm,1,0.05
1784915100,0x3cf467c7d5cd80b013455f5bf602fc0edaa69e520e0742551e1ca5f00548a736,NO,0.96,240,0.05,0,64070.11,64107.32755091,64082.47977959,-37.21755091,NO,pm,1,0.04
1784915400,0x2429bc479689f2e4ff19065aee4100b0d54d124d13f085f885358f93f10f2805,YES,0.95,247,0.10,0,64101.32,64084.94735193,64086.46777706,16.37264807,YES,pm,1,0.05
1784915700,0x085f6305c57360cfad5a9721e6f9697bd20817c783a44a8fbe92d13136502b86,YES,0.96,240,0.03,0,64115.1,64086.40063609,64117.47715718,28.69936391,YES,pm,1,0.04
1784916600,0xd02909569ca8de8d910642b4473b59d0df2ba0d5fe06062c118fcb16424fe1c5,YES,0.95,260,0.07,0,64127.46,64111.50000000,64144.79500000,15.96000000,YES,pm,1,0.05
1784917200,0x4c1c1bb4af7dc8ce80f249416c21a6a89e30106e80f6187c1cd9204e8ba6f4cd,YES,0.95,260,0.06,0,64102.5,64079.77015065,64098.49543338,22.72984935,YES,pm,1,0.05
1784917500,0xe11bdb58314b6d02bc0f605795261554b06cc23d63acc0c6f8a8589251c8040b,NO,0.98,240,0.04,0,64071.9550,64098.42000000,64082.48313013,-26.46500000,NO,pm,1,0.02
1784918100,0x2510385e946b9e6ee2bec7cf2b2dfd0e985354f72a50dcbaf4ed60f5f9e300ad,YES,0.95,260,0.09,0,64109.9,64084.30499999,64096.41500000,25.59500001,YES,pm,1,0.05
1784918400,0xe51097fb00a04e3205ee986101325bafb5e10948acde67368da7a4be55feb8a1,YES,0.95,283,0.14,0,64112.3950,64097.13400897,64112.82560318,15.26099103,YES,pm,1,0.05
1784918700,0xabebf7a3f08e19a2d3d483767b49607502285b13c28469ad7af84ae47cf9818a,YES,0.99,240,0.01,0,64169.1,64112.79870875,64176.34862744,56.30129125,YES,pm,1,0.01
1784919000,0x0e1447fdba4839ad6af0ff88710187111a9df1b24ea7c906e22172ddfbc57ca6,YES,0.98,240,0.00,0,64229.76,64176.31009382,64218.73990978,53.44990618,YES,pm,1,0.02
1784919600,0xc585852d4c129a8c1ebc8dd320bd9490daefae0128609bd99521eb2953f2d44b,NO,0.99,240,0.01,0,64162.18,64210.31388878,64161.64422026,-48.13388878,NO,pm,1,0.01
1784920500,0xca90e75cca9784a446b449048e152d7243e81aeb88f80b708e4b1ab447090a85,YES,0.95,240,-0.01,1,64117.6,64088.01833633,64128.84625933,29.58166367,YES,pm,1,0.05
1784921100,0x8a3577067162611247a9f6ea43ae4a2dd9d3a780fd14d57302d77ed47abc92fc,YES,0.96,273,0.07,0,64150.5150,64136.52517732,64151.83863218,13.98982268,YES,pm,1,0.04
1784921400,0x14094bcef60d223724f2575fee2d3e61067d6d4c6c7fc062ed86ab477e44f9f1,YES,0.95,254,0.05,0,64164.8,64142.78362444,64164.09177630,22.01637556,YES,pm,1,0.05
1784921700,0xda3b2e5b572e50c33fc1eae8cfe4dddffc092b3e4ea29044c6e9721908595e25,YES,0.95,240,0.04,0,64196.8250,64164.27174305,64197.30000000,32.55325695,YES,pm,1,0.05
1784922300,0xd74ec505fb55d3c4446d9eb48285da01ffbc932357070e835cce4062493f5e27,NO,0.97,240,-0.01,1,64146.3750,64192.75478384,64157.67336033,-46.37978384,NO,pm,1,0.03
1784923200,0x7e9e02645d0fbe7eee05e7384e9782d7ff8409187bbbd2e99156e6db2774e488,YES,0.96,240,-0.01,1,64201.650,64162.48533630,64175.55395601,39.16466370,YES,pm,1,0.04
1784923500,0xd4010e1cf1381e1ae5315935d630d1fae805e50f8fe7f958a8dbf02868b973ef,NO,0.99,240,0.00,0,64139.03,64175.47373646,64136.90000001,-36.44373646,NO,pm,1,0.01
1784924100,0xcaee6f66c93f83e4a39b7955208c273fb53db2f0757bc444934dac9016534604,NO,0.95,266,0.78,0,64139.01,64149.20542140,64137.61116923,-10.19542140,NO,pm,1,0.05
1784924400,0x11f4bf08b6d6676e0e369a3bdf0a3376adacdf3bc0d47868bae4a0ce710375b8,YES,0.98,240,0.00,0,64178.81,64137.76177405,64191.75781790,41.04822595,YES,pm,1,0.02
1784924700,0xa728039f0c8863a90ff8d30fba60cdc540b6bace4e79aa75a20b8b867f55d53d,NO,0.95,270,0.11,0,64184.99,64191.69000000,64176.78573328,-6.70000000,NO,pm,1,0.05
1784925000,0x8e54501f3989f4fadc2db32ebf60bc3dc180229e70366bb390f641f8389a67ec,NO,0.95,261,0.05,0,64145.2650,64176.07174613,64143.03249999,-30.80674613,NO,pm,1,0.05
1784925300,0xb590f6d719984010f96a23caf813a3babe22af3e722a9805d0e32cc7d79748bc,NO,0.99,240,0.00,0,64091.3,64142.91500000,64146.70000000,-51.61500000,YES,pm,0,-0.99
1784925600,0xc4563e6cd0496bb9fb80294bc14759f54a9a699b6bd09669c1e19529b87ee6fb,NO,0.95,265,0.02,0,64116.26,64146.70000000,64116.88326867,-30.44000000,NO,pm,1,0.05
1784925900,0x605a9bd0d8319d6e2bafc4be48d29d885c561282c0b8239706655ff75ca16ba7,NO,0.96,240,0.03,0,64082.9,64117.44817426,64086.26500000,-34.54817426,NO,pm,1,0.04
1784926200,0x6cd062ecd13c72433688c2dfde7687726e17b53d2a749fceb8891d3d39131a57,YES,0.95,262,0.09,0,64102.67,64086.21500001,64110.57863303,16.45499999,YES,pm,1,0.05
1784926800,0x15e2ca014c452749cbf5716d12081dcb4242f1b0072db9d3e4bc04007e41ae3f,YES,0.95,244,-0.05,1,64135.1,64105.82539717,64135.77261302,29.27460283,YES,pm,1,0.05
1784927400,0x73a7bc465e2b2393e8e16643d43e9d3b9e6d3f0a561f577847e8809d465c4905,NO,0.97,240,0.02,0,64076.8950,64114.49416530,64091.58252219,-37.59916530,NO,pm,1,0.03
1784929800,0x72ec7eea9a56db8e811f84b54b6ccdde63ab734cd47324668f0a9b15abc0bb2d,NO,0.95,256,0.08,0,64084.99,64115.67000000,64084.98250000,-30.68000000,NO,pm,1,0.05
1784930400,0x4ad26457fad2ba2d9d600cf1567c391aa77bfcd3a8e4ba80189602c077f3c609,NO,0.96,288,0.09,0,64079.45,64089.21000000,64079.63191628,-9.76000000,NO,pm,1,0.04
1784930700,0x00ecda2aa678bc287ed1e4280ca8d93d3211ffd7354cd0cd7608a749d4631a41,YES,0.95,287,0.14,0,64090.83,64079.74748398,64090.82500000,11.08251602,YES,pm,1,0.05
1784931900,0x55ba800f12b459dcafc0dfaaf751d8f6ed7b1346effa10c07514fee0d9cee912,NO,0.97,288,0.14,0,64105.65,64111.96996163,64107.47499998,-6.31996163,NO,pm,1,0.03
1784933700,0x53b2b85aa25270b53cde9d33e9aa84b6e8a43f66c9070d23294e447e8c206223,NO,0.95,280,0.04,0,64106.55,64109.26000000,64106.56000000,-2.71000000,NO,pm,1,0.05
1784935200,0x6d40683b1184fb2032cc2e2b9395c9abba7feebc62245d68617ff0db00bb246f,YES,0.95,246,0.01,0,64107.51,64085.59319774,64112.27000000,21.91680226,YES,pm,1,0.05
1784937600,0x9ba50266b5451f1a40b77b372d728853b384fcf78eb41dbc6d8365f3a019b622,YES,0.96,240,0.03,0,64108.38,64086.21107777,64108.12122243,22.16892223,YES,pm,1,0.04
1784938800,0xa24832953a90be65e1e4dced75bcc7c272b3198bcb43f0977537a3a72889e9a9,YES,0.95,242,0.02,0,64103.3,64077.99503001,64100.89064612,25.30496999,YES,pm,1,0.05
1784939400,0x1cd1841784285aff9bbf9b46e8769f61b1de0ae6b6907595e0cddd23d7616856,YES,0.96,271,0.04,0,64104.9750,64095.59738303,64104.97895384,9.37761697,YES,pm,1,0.04
1784939700,0xde51dfb5f32d897d8a68b5b965dbc20cea92faeddf3bf81c1b49933cc6105a72,NO,0.95,270,0.02,0,64093.8,64105.14246411,64095.49950479,-11.34246411,NO,pm,1,0.05
1784940000,0x8dec1b74cd72af0de74c5ac2ee174803f6bda2480740fff58ffa86486a861f30,NO,0.95,284,0.03,0,64052.36,64095.73807535,64042.98267862,-43.37807535,NO,pm,1,0.05
1784940300,0xd09b4f3137bb1829155f42407208722a9755a4296414d14383c5773d127ed383,NO,0.95,287,0.05,0,64032.32,64041.32370528,64033.70495660,-9.00370528,NO,pm,1,0.05
1784940900,0x53e430d83de56116f3e5ec505c9d5e0b41200f4d8d3a6dff4fc6d35f63974968,NO,0.95,260,0.07,0,64009.9,64028.67694239,64010.09999999,-18.77694239,NO,pm,1,0.05
1784941500,0xc628bb501abe6bf8b43755539f1584556be057716e0ba57249f59c9683b787d6,NO,0.99,240,0.01,0,64025.26,64067.39000000,64006.94076561,-42.13000000,NO,pm,1,0.01
1784941800,0xcd118d91e536e6f654de03402a7eaab3fda07687b9111fd7b2383df1adc6d717,NO,0.99,240,0.00,0,63959.4950,64006.68379939,63959.74644312,-47.18879939,NO,pm,1,0.01
1784942100,0x4e62aba6583f2322ffac894f0062be70693c761c0420b2d3b33cf07f9d3479cd,NO,0.95,271,0.02,0,63946.1450,63959.79648734,63948.34914859,-13.65148734,NO,pm,1,0.05
1784942400,0x0b85364b0102bd05292ca1e1fd475dd80066bd48d8b220f167a1eed93bf85261,YES,0.96,278,0.00,0,63956.37,63948.99746844,63956.73500000,7.37253156,YES,pm,1,0.04
1784942700,0x1930a8feaf8e4e5360ec4aff0a751c34c1bba3a4ecd5158af585c10900108a15,YES,0.99,240,0.00,0,64008.95,63956.93000000,63992.00298375,52.02000000,YES,pm,1,0.01
1784943000,0x07cc2082ddba1c13091b38261d69f7e8c2a8143fc058491900b32704f32e066c,YES,0.95,266,0.05,0,64009.6,63988.8950,64013.59550821,20.7050,YES,pm,1,0.05
1784943300,0x6cfa613efe90869321309b337d3d4370c8ef2ff391a4492c2ead817f4800f05f,YES,0.98,240,0.00,0,64046.43,64013.62751503,64013.97254617,32.80248497,NO,pm,0,-0.98
1784943900,0xa2c1dcb7cd1aad6553eb860aa675c5a5c7684ea6c221c2ecedf00dacfda95b30,NO,0.97,285,0.10,0,64058.6250,64066.72802158,64059.07322509,-8.10302158,NO,pm,1,0.03
1784944200,0x75e6a6387e1e229141183dec8f48caba40caf58eb9db646acf7f98bd05920fcc,NO,0.95,240,0.00,0,64028.34,64058.77156994,64032.24994594,-30.43156994,NO,pm,1,0.05
1784944500,0x31937e9d7be8118acffa48b03010c80cf2e85d78a63efefb5750442ae7a2af3a,NO,0.95,240,0.03,0,64007.1150,64032.24649348,64007.42075628,-25.13149348,NO,pm,1,0.05
1784944800,0xb27df095346e298fc4436e6d80ec474cfcebca5d49bf02ec632c7c8c3d875331,YES,0.95,254,0.07,0,64011.99,64007.46037814,64023.18475094,4.52962186,YES,pm,1,0.05
1784945400,0xed92ce8a47365367dc50f37adbc6836ce890a67fb6704a66f738fbceb5ba4572,NO,0.95,283,0.03,0,64012.8350,64034.86298192,64011.80750000,-22.02798192,NO,pm,1,0.05
1784945700,0xbdf8fa260e0c5033299b1c93c4d067d058c89c2c21366a3820b77587d269ca6e,NO,0.95,240,-0.01,1,63982.6250,64013.65324386,63976.13992445,-31.02824386,NO,pm,1,0.05
1784946300,0xc6b4cab51878e53ddb6903d8c16818ca8ad7328a9f99fa7a49825b80263b7bde,YES,0.95,266,0.02,0,63997.24,63977.42575566,63997.37000000,19.81424434,YES,pm,1,0.05
1784946600,0x945e8988a41016e2429263eb8f914b9e6345d949e604de2be6e889838a26c93d,NO,0.95,240,0.01,0,63972.52,63997.51638408,63978.39410302,-24.99638408,NO,pm,1,0.05
1784946900,0x132a7b6b8715953d4424547d9b56fd41dffda45e600f54535dc056c2278b8748,YES,0.95,284,0.11,0,63980.8,63977.28082791,63988.27167748,3.51917209,YES,pm,1,0.05
1784947500,0xac8065bb0a78c958f141a0eb089c5ec3ac2d4d5af27c51c8b049f5595608d8d2,NO,0.97,279,0.33,0,63982.32,63987.27555051,63975.98500001,-4.95555051,NO,pm,1,0.03
1784949300,0x0d0b9fc5273bb096a996415f3be91f8d15cf5fda83c0528749239371aba62008,YES,0.96,240,0.02,0,64013.2850,63979.83061962,64013.41763947,33.45438038,YES,pm,1,0.04
1784949600,0x4fe31fe4037c20eccbffeafeb58abd934ff3bf7d069d32344dd2244273a04b06,NO,0.95,283,0.01,0,64007.98,64013.04600358,64008.59652272,-5.06600358,NO,pm,1,0.05
1784949900,0xf47fafdaea3b9c6e8526cce3269301b1f2d9f2dd885af3aef31eba156070c7b7,YES,0.95,268,0.00,0,64018.29,64008.65899216,64018.22550062,9.63100784,YES,pm,1,0.05
1784950200,0x80d9938aaeeebfdf847ca33410f7130c31ff99134f7864b3f586200507608d2a,YES,0.95,270,0.01,0,64038.85,64018.16901288,64038.24074123,20.68098712,YES,pm,1,0.05
1784950500,0x6187fbe3f0bd8a3b03ca628bd08b1d7dfdda7f085d1f30e741bf9cf9618816f8,NO,0.95,268,0.00,0,64019.2,64038.47000000,64025.39000000,-19.27000000,NO,pm,1,0.05
1784950800,0x5c882a9c88abaf0145b041291409d676f890884164b4c53cbbc179d982f9edef,YES,0.95,272,0.17,0,64032.8050,64023.66000000,64034.56000000,9.14500000,YES,pm,1,0.05
1784951100,0x194e1d13d5e6cf0357d671b85a818b7e7fd1363dc4ecf9103f35c7491775fa88,NO,0.95,284,-0.03,1,64025.9,64034.76847342,64011.59955560,-8.86847342,NO,pm,1,0.05
1784951700,0x9b863e8f44b300b8c1f18a0423fb632896db1dcf9422cdb882d7f5a00d2f5162,YES,0.95,266,0.05,0,64026.02,64010.24396910,64024.08417310,15.77603090,YES,pm,1,0.05
1784952000,0x7eed823c357f627c755e5eae9a1c2a04c3fe7fbd2c9da27c8de1e99dcbfa42c1,YES,0.95,247,0.10,0,64036.5,64024.08417310,64047.61990658,12.41582690,YES,pm,1,0.05
1784952300,0x64ffdbf316cad56852d59418271764f73da94080dddea5e718371f8182bd1bc2,YES,0.95,251,0.04,0,64057.48,64047.37190500,64062.17187488,10.10809500,YES,pm,1,0.05
1784952900,0x0298d4844ff774f3ed464bd5259d4e152955254edb2bc54e5182323554cad081,NO,0.95,275,0.07,0,64059.9450,64065.34522757,64053.40000000,-5.40022757,NO,pm,1,0.05
1784953200,0x115bdba331f4499f887739f2dbb190dcda3729843dfe588ce116d959699fdfa6,NO,0.95,274,0.03,0,64048.97,64053.22763397,64044.30000000,-4.25763397,NO,pm,1,0.05
1784953800,0x12b5736dfcabf4495730ea3bdb526829bb1c176839683b57ca01313d5ae33800,NO,0.95,264,0.01,0,64040.16,64044.56067973,64030.23003202,-4.40067973,NO,pm,1,0.05
1784954100,0x7e93f2212b9f21dce4323d4389163eee58acdaa3bd75b192740e124fb7cb677d,YES,0.99,240,0.01,0,64064.32,64030.20357792,64070.26069636,34.11642208,YES,pm,1,0.01
1784955000,0xad346a8d45d016baa83c780d01e8ef62d4d7adb2e80b1ac5902abddbfa5af37f,NO,0.98,240,0.00,0,64097.08,64126.14000000,64095.48469265,-29.06000000,NO,pm,1,0.02
1784955300,0x1945a8b7289d93f33702d5b183aab6e4b9cbfaa77cdf25f91051fe27f373de9e,YES,0.95,283,0.71,0,64104,64095.32547507,64117.22912326,8.67452493,YES,pm,1,0.05
1784956200,0x28c9ab67fadeb45fdb45a05c2c0699829353e464825c25c6611d1bbd0fedb470,NO,0.95,241,0.01,0,64092.0950,64115.50000000,64088.96210655,-23.40500000,NO,pm,1,0.05
1784956500,0x92e3c367acb1eaf7529ed5dd2785a349fd497c3d1b1896ba7abb25519724b918,NO,0.95,284,0.07,0,64088.7450,64088.96210655,64084.10000000,-0.21710655,NO,pm,1,0.05
1784956800,0x78cdcb487cf6821c8faecdc377f324af25dfb9ca783e579a8b175638595d2241,YES,0.95,264,0.04,0,64095.02,64084.10000000,64093.21000000,10.92000000,YES,pm,1,0.05
1784957100,0x9a75521c7616618e518b2aa14bb6edb9f482fab27e4b4b44ed9c791ff3197a14,NO,0.95,261,0.03,0,64083.3,64093.40227963,64087.25956210,-10.10227963,NO,pm,1,0.05
1784957400,0x6ecf4ec905942075bd73ed1652d9ce3bdbcb556825df62977b7b262cc3def8ef,NO,0.96,240,0.01,0,64074.23,64088.97875001,64045.91500000,-14.74875001,NO,pm,1,0.04
1784958000,0x5389cadb98c6fa30f0083c5f65ac61e3ff73c4ae8d05bcefbb3be81b17c12cc3,YES,0.95,259,-0.02,1,63977.73,63969.06650163,63977.43500000,8.66349837,YES,pm,1,0.05
1784958600,0x8c0eda9f5a988eb9120533d44018002f473408b7751af897b5b4e24952dde26f,NO,0.99,246,0,0,63939.84,63977.14500001,63954.68014575,-37.30500001,NO,pm,1,0.01
1784958900,0x1d2addbc5795cf72ac5556892be39dd54c4f591793cb87adf73bd421214893a7,YES,0.95,272,0.06,0,63967.8,63954.01500000,63963.54603600,13.78500000,YES,pm,1,0.05
1784959200,0x436ca880ebcb25189cca22738fdbba59f419adcd9a1fdff3e21df3b5c28499b6,YES,0.96,240,0.02,0,63989.28,63961.64393981,63988.34250000,27.63606019,YES,pm,1,0.04
1784959500,0x0189f0c1b0531b7166e8056a5eb2d8297bb748636ae80b8335e430e50917bd12,YES,0.95,286,-0.05,1,63994.15,63988.34250000,63992.39922096,5.80750000,YES,pm,1,0.05
1784960100,0x074308717fbd1b139d09be290e437867ce25e58e08ad59d159ff745e8d9f222e,NO,0.95,240,0.18,0,63984.22,63995.01103122,63979.84593294,-10.79103122,NO,pm,1,0.05
1784960400,0x731be5966ba5518040707ebd2940808633d3296284a9d6eba5ce569ddfb9e29d,NO,0.97,240,0.02,0,63941.61,63979.60000000,63935.89669359,-37.99000000,NO,pm,1,0.03
1784960700,0xba11d3fd6a3d9599184d2ef52cc4ce51286dab5be9a303ea279fcf16622a8d32,YES,0.97,240,0.02,0,63951.75,63935.71696784,63947.67695613,16.03303216,YES,pm,1,0.03
1784961000,0x06cb281a8bc17a37005990693572b45d1114b60e2780894a4165e122b02824b1,NO,0.97,240,0.00,0,63915.8050,63947.67810328,63925.43000000,-31.87310328,NO,pm,1,0.03
1784961300,0x5f5959bcd346197c8fbd3d77c2ea9c415dae956a8c145f33830f51c6e6d4585d,YES,0.98,240,0.01,0,63959.99,63925.53053080,63965.36000000,34.45946920,YES,pm,1,0.02
1784961600,0x43d59b2fa5769eb119dd78c3fa13d99d3226a366614ee9cf0774e41e7d30b336,NO,0.98,240,0.01,0,63928.6250,63965.61586144,63928.69657727,-36.99086144,NO,pm,1,0.02
1784961900,0xdaef89e2b20ffa82540ec1e2a89d9434ab44b5af4d96ce070b2f3be7476c26db,NO,0.96,240,0.00,0,63897.9550,63929.39452554,63903.59070933,-31.43952554,NO,pm,1,0.04
1784962200,0x856b294b2b6fb277bfd7c15f1cc708480d2bcccb8c4dc3a23e6959fc5907b593,YES,0.98,240,0.01,0,63919.07,63902.82000000,63926.40637020,16.25000000,YES,pm,1,0.02
1784962500,0x46110c532467db21c0f208cb6bad9f0357221399ad87f02f998703e2d2f17107,YES,0.95,244,0.13,0,63936.6350,63926.63044990,63951.83877663,10.00455010,YES,pm,1,0.05
1784963400,0x69697ec61703f2269e60066a78020e239b80daab4304ddd5488603b3ab977d59,YES,0.95,286,0.11,0,63954.5750,63954.41716340,63958.56000000,0.15783660,YES,pm,1,0.05
1784964300,0xaa9938ce9b49e57ac445ba1b07bb75c11affd2d4ce134a780515906e74a76990,YES,0.95,240,0.04,0,63963.3450,63960.79553283,63962.82832370,2.54946717,YES,pm,1,0.05
1784965200,0x7c1d6d46963569822d007943ae046821decc1ee585cf3205ae5b0ea347e99c8e,NO,0.95,282,0.19,0,63960.9,63976.10598749,63969.92259761,-15.20598749,NO,pm,1,0.05
1784965800,0xb50a865f0bfa7f99e599adbdf79a346ebe47f47e2efddda463c75bba257a792b,YES,0.95,243,-0.02,1,63959.2450,63949.45896260,63957.40026515,9.78603740,YES,pm,1,0.05
1784966100,0xa7a4449b108833fd7cbb92b9580a2f127784b45627e9bf6237e4942235c2b243,YES,0.95,275,0.27,0,63967.87,63957.08907410,63943.90029526,10.78092590,NO,pm,0,-0.95
1784966400,0xab31f2d6050aa6480d72777c3d69fcdb05341244966b3f0f9485ade16f948138,NO,0.99,240,0.02,0,63903.89,63944.65102482,63908.35363432,-40.76102482,NO,pm,1,0.01
1784966700,0xa01c832f01d97c4bfb4132f9cfa2837b94f4c05b15c8b6f799f0f91080a61eb6,NO,0.99,240,0.00,0,63882.0050,63908.34904963,63880.95748528,-26.34404963,NO,pm,1,0.01
1784967000,0xe4e9439c3020cb169d8d66228a92206e7ccd75a8495ce6ec545f9500ec4e799d,YES,0.95,251,-0.01,1,63890.850,63880.87731869,63902.77671895,9.97268131,YES,pm,1,0.05
1784967300,0xa4ad62e03bcc77f267a6d1429de1a5998c2a9b4fc340ee9961b4c4ae0ad85597,YES,0.95,268,0.04,0,63916.5550,63902.67573667,63916.90503006,13.87926333,YES,pm,1,0.05
1784967900,0x4b056aa9d39228785020d859c9de66047d7aa1c7c9f1a5421450c60e0fd32617,YES,0.95,250,0.01,0,63926.02,63915.13872602,63936.38750000,10.88127398,YES,pm,1,0.05
1784968200,0x36fdae1c448c83eaac8672c137bb58ac9cd6168038bc5ea84130915ba40479b9,NO,0.96,271,0.09,0,63926.4,63936.38250000,63929.56595516,-9.98250000,NO,pm,1,0.04
1784968500,0x87da1324b137ec94406d493c302002cda4765d12111c159aa5e21c9f8c7688a7,NO,0.98,240,0.01,0,63900.39,63929.53467523,63902.59649691,-29.14467523,NO,pm,1,0.02
1784969400,0x69d4f9f2ce8a738753b17f6267a4d295feb391f99b644ee947845aaf5ff7355e,NO,0.96,240,-0.02,1,63764.99,63818.5850,,-53.5950,NO,pm,1,0.04
1784969400,0x69d4f9f2ce8a738753b17f6267a4d295feb391f99b644ee947845aaf5ff7355e,NO,0.96,240,-0.02,1,63764.99,63818.5850,,-53.5950,NO,pm,1,0.04
1784969400,0x69d4f9f2ce8a738753b17f6267a4d295feb391f99b644ee947845aaf5ff7355e,NO,0.96,240,-0.02,1,63764.99,63818.5850,,-53.5950,NO,pm,1,0.04
1784969400,0x69d4f9f2ce8a738753b17f6267a4d295feb391f99b644ee947845aaf5ff7355e,NO,0.96,240,-0.02,1,63764.99,63818.5850,63751.00035500,-53.5950,NO,pm,1,0.04
1784969400,0x69d4f9f2ce8a738753b17f6267a4d295feb391f99b644ee947845aaf5ff7355e,NO,0.96,240,-0.02,1,63764.99,63818.5850,,-53.5950,NO,pm,1,0.04
1784969400,0x69d4f9f2ce8a738753b17f6267a4d295feb391f99b644ee947845aaf5ff7355e,NO,0.96,240,-0.02,1,63764.99,63818.5850,,-53.5950,NO,pm,1,0.04
1784969400,0x69d4f9f2ce8a738753b17f6267a4d295feb391f99b644ee947845aaf5ff7355e,NO,0.96,240,-0.02,1,63764.99,63818.5850,,-53.5950,NO,pm,1,0.04
1784969400,0x69d4f9f2ce8a738753b17f6267a4d295feb391f99b644ee947845aaf5ff7355e,NO,0.96,240,-0.02,1,63764.99,63818.5850,,-53.5950,NO,pm,1,0.04
1784969400,0x69d4f9f2ce8a738753b17f6267a4d295feb391f99b644ee947845aaf5ff7355e,NO,0.96,240,-0.02,1,63764.99,63818.5850,,-53.5950,NO,pm,1,0.04
1784969400,0x69d4f9f2ce8a738753b17f6267a4d295feb391f99b644ee947845aaf5ff7355e,NO,0.96,240,-0.02,1,63764.99,63818.5850,,-53.5950,NO,pm,1,0.04
1784969400,0x69d4f9f2ce8a738753b17f6267a4d295feb391f99b644ee947845aaf5ff7355e,NO,0.96,240,-0.02,1,63764.99,63818.5850,,-53.5950,NO,pm,1,0.04
1784969400,0x69d4f9f2ce8a738753b17f6267a4d295feb391f99b644ee947845aaf5ff7355e,NO,0.96,240,-0.02,1,63764.99,63818.5850,,-53.5950,NO,pm,1,0.04
1784969400,0x69d4f9f2ce8a738753b17f6267a4d295feb391f99b644ee947845aaf5ff7355e,NO,0.96,240,-0.02,1,63764.99,63818.5850,,-53.5950,NO,pm,1,0.04
1784969400,0x69d4f9f2ce8a738753b17f6267a4d295feb391f99b644ee947845aaf5ff7355e,NO,0.96,240,-0.02,1,63764.99,63818.5850,,-53.5950,NO,pm,1,0.04
1784969400,0x69d4f9f2ce8a738753b17f6267a4d295feb391f99b644ee947845aaf5ff7355e,NO,0.96,240,-0.02,1,63764.99,63818.5850,,-53.5950,NO,pm,1,0.04
1784969400,0x69d4f9f2ce8a738753b17f6267a4d295feb391f99b644ee947845aaf5ff7355e,NO,0.96,240,-0.02,1,63764.99,63818.5850,,-53.5950,NO,pm,1,0.04
1784969400,0x69d4f9f2ce8a738753b17f6267a4d295feb391f99b644ee947845aaf5ff7355e,NO,0.96,240,-0.02,1,63764.99,63818.5850,,-53.5950,NO,pm,1,0.04
1784969400,0x69d4f9f2ce8a738753b17f6267a4d295feb391f99b644ee947845aaf5ff7355e,NO,0.96,240,-0.02,1,63764.99,63818.5850,,-53.5950,NO,pm,1,0.04
1784969400,0x69d4f9f2ce8a738753b17f6267a4d295feb391f99b644ee947845aaf5ff7355e,NO,0.96,240,-0.02,1,63764.99,63818.5850,,-53.5950,NO,pm,1,0.04
1784969400,0x69d4f9f2ce8a738753b17f6267a4d295feb391f99b644ee947845aaf5ff7355e,NO,0.96,240,-0.02,1,63764.99,63818.5850,,-53.5950,NO,pm,1,0.04
1784969400,0x69d4f9f2ce8a738753b17f6267a4d295feb391f99b644ee947845aaf5ff7355e,NO,0.96,240,-0.02,1,63764.99,63818.5850,,-53.5950,NO,pm,1,0.04
1784969400,0x69d4f9f2ce8a738753b17f6267a4d295feb391f99b644ee947845aaf5ff7355e,NO,0.96,240,-0.02,1,63764.99,63818.5850,,-53.5950,NO,pm,1,0.04
1784969400,0x69d4f9f2ce8a738753b17f6267a4d295feb391f99b644ee947845aaf5ff7355e,NO,0.96,240,-0.02,1,63764.99,63818.5850,,-53.5950,NO,pm,1,0.04
1784969400,0x69d4f9f2ce8a738753b17f6267a4d295feb391f99b644ee947845aaf5ff7355e,NO,0.96,240,-0.02,1,63764.99,63818.5850,,-53.5950,NO,pm,1,0.04
1784969400,0x69d4f9f2ce8a738753b17f6267a4d295feb391f99b644ee947845aaf5ff7355e,NO,0.96,240,-0.02,1,63764.99,63818.5850,,-53.5950,NO,pm,1,0.04
1784969400,0x69d4f9f2ce8a738753b17f6267a4d295feb391f99b644ee947845aaf5ff7355e,NO,0.96,240,-0.02,1,63764.99,63818.5850,,-53.5950,NO,pm,1,0.04
1784969400,0x69d4f9f2ce8a738753b17f6267a4d295feb391f99b644ee947845aaf5ff7355e,NO,0.96,240,-0.02,1,63764.99,63818.5850,,-53.5950,NO,pm,1,0.04
1784969400,0x69d4f9f2ce8a738753b17f6267a4d295feb391f99b644ee947845aaf5ff7355e,NO,0.96,240,-0.02,1,63764.99,63818.5850,,-53.5950,NO,pm,1,0.04
1784969400,0x69d4f9f2ce8a738753b17f6267a4d295feb391f99b644ee947845aaf5ff7355e,NO,0.96,240,-0.02,1,63764.99,63818.5850,,-53.5950,NO,pm,1,0.04
1784969400,0x69d4f9f2ce8a738753b17f6267a4d295feb391f99b644ee947845aaf5ff7355e,NO,0.96,240,-0.02,1,63764.99,63818.5850,,-53.5950,NO,pm,1,0.04
1784969400,0x69d4f9f2ce8a738753b17f6267a4d295feb391f99b644ee947845aaf5ff7355e,NO,0.96,240,-0.02,1,63764.99,63818.5850,,-53.5950,NO,pm,1,0.04
1784969400,0x69d4f9f2ce8a738753b17f6267a4d295feb391f99b644ee947845aaf5ff7355e,NO,0.96,240,-0.02,1,63764.99,63818.5850,,-53.5950,NO,pm,1,0.04
1784969400,0x69d4f9f2ce8a738753b17f6267a4d295feb391f99b644ee947845aaf5ff7355e,NO,0.96,240,-0.02,1,63764.99,63818.5850,,-53.5950,NO,pm,1,0.04
1784969400,0x69d4f9f2ce8a738753b17f6267a4d295feb391f99b644ee947845aaf5ff7355e,NO,0.96,240,-0.02,1,63764.99,63818.5850,63750.13948923,-53.5950,NO,pm,1,0.04
1784969400,0x69d4f9f2ce8a738753b17f6267a4d295feb391f99b644ee947845aaf5ff7355e,NO,0.96,240,-0.02,1,63764.99,63818.5850,,-53.5950,NO,pm,1,0.04
1784969400,0x69d4f9f2ce8a738753b17f6267a4d295feb391f99b644ee947845aaf5ff7355e,NO,0.96,240,-0.02,1,63764.99,63818.5850,,-53.5950,NO,pm,1,0.04
1784969400,0x69d4f9f2ce8a738753b17f6267a4d295feb391f99b644ee947845aaf5ff7355e,NO,0.96,240,-0.02,1,63764.99,63818.5850,,-53.5950,NO,pm,1,0.04
1784969400,0x69d4f9f2ce8a738753b17f6267a4d295feb391f99b644ee947845aaf5ff7355e,NO,0.96,240,-0.02,1,63764.99,63818.5850,63751.22722890,-53.5950,NO,pm,1,0.04
1784969400,0x69d4f9f2ce8a738753b17f6267a4d295feb391f99b644ee947845aaf5ff7355e,NO,0.96,240,-0.02,1,63764.99,63818.5850,,-53.5950,NO,pm,1,0.04
1784969400,0x69d4f9f2ce8a738753b17f6267a4d295feb391f99b644ee947845aaf5ff7355e,NO,0.96,240,-0.02,1,63764.99,63818.5850,63765.98246348,-53.5950,NO,pm,1,0.04
1784969400,0x69d4f9f2ce8a738753b17f6267a4d295feb391f99b644ee947845aaf5ff7355e,NO,0.96,240,-0.02,1,63764.99,63818.5850,63750.13948923,-53.5950,NO,pm,1,0.04
1784969400,0x69d4f9f2ce8a738753b17f6267a4d295feb391f99b644ee947845aaf5ff7355e,NO,0.96,240,-0.02,1,63764.99,63818.5850,,-53.5950,NO,pm,1,0.04
1784969400,0x69d4f9f2ce8a738753b17f6267a4d295feb391f99b644ee947845aaf5ff7355e,NO,0.96,240,-0.02,1,63764.99,63818.5850,,-53.5950,NO,pm,1,0.04
1784969400,0x69d4f9f2ce8a738753b17f6267a4d295feb391f99b644ee947845aaf5ff7355e,NO,0.96,240,-0.02,1,63764.99,63818.5850,63751.22722890,-53.5950,NO,pm,1,0.04
1784969400,0x69d4f9f2ce8a738753b17f6267a4d295feb391f99b644ee947845aaf5ff7355e,NO,0.96,240,-0.02,1,63764.99,63818.5850,,-53.5950,NO,pm,1,0.04
1784969400,0x69d4f9f2ce8a738753b17f6267a4d295feb391f99b644ee947845aaf5ff7355e,NO,0.96,240,-0.02,1,63764.99,63818.5850,,-53.5950,NO,pm,1,0.04
1784969400,0x69d4f9f2ce8a738753b17f6267a4d295feb391f99b644ee947845aaf5ff7355e,NO,0.96,240,-0.02,1,63764.99,63818.5850,,-53.5950,NO,pm,1,0.04
1784969400,0x69d4f9f2ce8a738753b17f6267a4d295feb391f99b644ee947845aaf5ff7355e,NO,0.96,240,-0.02,1,63764.99,63818.5850,,-53.5950,NO,pm,1,0.04
1784969400,0x69d4f9f2ce8a738753b17f6267a4d295feb391f99b644ee947845aaf5ff7355e,NO,0.96,240,-0.02,1,63764.99,63818.5850,63751.22722890,-53.5950,NO,pm,1,0.04
1784969400,0x69d4f9f2ce8a738753b17f6267a4d295feb391f99b644ee947845aaf5ff7355e,NO,0.96,240,-0.02,1,63764.99,63818.5850,,-53.5950,NO,pm,1,0.04
1784969400,0x69d4f9f2ce8a738753b17f6267a4d295feb391f99b644ee947845aaf5ff7355e,NO,0.96,240,-0.02,1,63764.99,63818.5850,,-53.5950,NO,pm,1,0.04
1784969400,0x69d4f9f2ce8a738753b17f6267a4d295feb391f99b644ee947845aaf5ff7355e,NO,0.96,240,-0.02,1,63764.99,63818.5850,,-53.5950,NO,pm,1,0.04
1784969400,0x69d4f9f2ce8a738753b17f6267a4d295feb391f99b644ee947845aaf5ff7355e,NO,0.96,240,-0.02,1,63764.99,63818.5850,,-53.5950,NO,pm,1,0.04
1784969400,0x69d4f9f2ce8a738753b17f6267a4d295feb391f99b644ee947845aaf5ff7355e,NO,0.96,240,-0.02,1,63764.99,63818.5850,,-53.5950,NO,pm,1,0.04
1784969400,0x69d4f9f2ce8a738753b17f6267a4d295feb391f99b644ee947845aaf5ff7355e,NO,0.96,240,-0.02,1,63764.99,63818.5850,63751.22722890,-53.5950,NO,pm,1,0.04
1784969400,0x69d4f9f2ce8a738753b17f6267a4d295feb391f99b644ee947845aaf5ff7355e,NO,0.96,240,-0.02,1,63764.99,63818.5850,,-53.5950,NO,pm,1,0.04
1784969400,0x69d4f9f2ce8a738753b17f6267a4d295feb391f99b644ee947845aaf5ff7355e,NO,0.96,240,-0.02,1,63764.99,63818.5850,63765.98246348,-53.5950,NO,pm,1,0.04
1784969400,0x69d4f9f2ce8a738753b17f6267a4d295feb391f99b644ee947845aaf5ff7355e,NO,0.96,240,-0.02,1,63764.99,63818.5850,,-53.5950,NO,pm,1,0.04
1784969400,0x69d4f9f2ce8a738753b17f6267a4d295feb391f99b644ee947845aaf5ff7355e,NO,0.96,240,-0.02,1,63764.99,63818.5850,,-53.5950,NO,pm,1,0.04
1784969400,0x69d4f9f2ce8a738753b17f6267a4d295feb391f99b644ee947845aaf5ff7355e,NO,0.96,240,-0.02,1,63764.99,63818.5850,,-53.5950,NO,pm,1,0.04
1784969400,0x69d4f9f2ce8a738753b17f6267a4d295feb391f99b644ee947845aaf5ff7355e,NO,0.96,240,-0.02,1,63764.99,63818.5850,,-53.5950,NO,pm,1,0.04
1784969400,0x69d4f9f2ce8a738753b17f6267a4d295feb391f99b644ee947845aaf5ff7355e,NO,0.96,240,-0.02,1,63764.99,63818.5850,,-53.5950,NO,pm,1,0.04
1784969400,0x69d4f9f2ce8a738753b17f6267a4d295feb391f99b644ee947845aaf5ff7355e,NO,0.96,240,-0.02,1,63764.99,63818.5850,,-53.5950,NO,pm,1,0.04
1784969400,0x69d4f9f2ce8a738753b17f6267a4d295feb391f99b644ee947845aaf5ff7355e,NO,0.96,240,-0.02,1,63764.99,63818.5850,,-53.5950,NO,pm,1,0.04
1784969400,0x69d4f9f2ce8a738753b17f6267a4d295feb391f99b644ee947845aaf5ff7355e,NO,0.96,240,-0.02,1,63764.99,63818.5850,,-53.5950,NO,pm,1,0.04
1784969400,0x69d4f9f2ce8a738753b17f6267a4d295feb391f99b644ee947845aaf5ff7355e,NO,0.96,240,-0.02,1,63764.99,63818.5850,,-53.5950,NO,pm,1,0.04
1784969400,0x69d4f9f2ce8a738753b17f6267a4d295feb391f99b644ee947845aaf5ff7355e,NO,0.96,240,-0.02,1,63764.99,63818.5850,,-53.5950,NO,pm,1,0.04
1784969400,0x69d4f9f2ce8a738753b17f6267a4d295feb391f99b644ee947845aaf5ff7355e,NO,0.96,240,-0.02,1,63764.99,63818.5850,63765.98246348,-53.5950,NO,pm,1,0.04
1784969400,0x69d4f9f2ce8a738753b17f6267a4d295feb391f99b644ee947845aaf5ff7355e,NO,0.96,240,-0.02,1,63764.99,63818.5850,,-53.5950,NO,pm,1,0.04
1784969400,0x69d4f9f2ce8a738753b17f6267a4d295feb391f99b644ee947845aaf5ff7355e,NO,0.96,240,-0.02,1,63764.99,63818.5850,,-53.5950,NO,pm,1,0.04
1784969400,0x69d4f9f2ce8a738753b17f6267a4d295feb391f99b644ee947845aaf5ff7355e,NO,0.96,240,-0.02,1,63764.99,63818.5850,,-53.5950,NO,pm,1,0.04
1784969400,0x69d4f9f2ce8a738753b17f6267a4d295feb391f99b644ee947845aaf5ff7355e,NO,0.96,240,-0.02,1,63764.99,63818.5850,63751.22722890,-53.5950,NO,pm,1,0.04
1784969400,0x69d4f9f2ce8a738753b17f6267a4d295feb391f99b644ee947845aaf5ff7355e,NO,0.96,240,-0.02,1,63764.99,63818.5850,,-53.5950,NO,pm,1,0.04
1784969400,0x69d4f9f2ce8a738753b17f6267a4d295feb391f99b644ee947845aaf5ff7355e,NO,0.96,240,-0.02,1,63764.99,63818.5850,,-53.5950,NO,pm,1,0.04
1784969400,0x69d4f9f2ce8a738753b17f6267a4d295feb391f99b644ee947845aaf5ff7355e,NO,0.96,240,-0.02,1,63764.99,63818.5850,,-53.5950,NO,pm,1,0.04
1784969400,0x69d4f9f2ce8a738753b17f6267a4d295feb391f99b644ee947845aaf5ff7355e,NO,0.96,240,-0.02,1,63764.99,63818.5850,63751.22722890,-53.5950,NO,pm,1,0.04
1784969400,0x69d4f9f2ce8a738753b17f6267a4d295feb391f99b644ee947845aaf5ff7355e,NO,0.96,240,-0.02,1,63764.99,63818.5850,,-53.5950,NO,pm,1,0.04
1784969400,0x69d4f9f2ce8a738753b17f6267a4d295feb391f99b644ee947845aaf5ff7355e,NO,0.96,240,-0.02,1,63764.99,63818.5850,,-53.5950,NO,pm,1,0.04
1784969400,0x69d4f9f2ce8a738753b17f6267a4d295feb391f99b644ee947845aaf5ff7355e,NO,0.96,240,-0.02,1,63764.99,63818.5850,63751.22722890,-53.5950,NO,pm,1,0.04
1784969400,0x69d4f9f2ce8a738753b17f6267a4d295feb391f99b644ee947845aaf5ff7355e,NO,0.96,240,-0.02,1,63764.99,63818.5850,,-53.5950,NO,pm,1,0.04
1784969400,0x69d4f9f2ce8a738753b17f6267a4d295feb391f99b644ee947845aaf5ff7355e,NO,0.96,240,-0.02,1,63764.99,63818.5850,,-53.5950,NO,pm,1,0.04
1784969400,0x69d4f9f2ce8a738753b17f6267a4d295feb391f99b644ee947845aaf5ff7355e,NO,0.96,240,-0.02,1,63764.99,63818.5850,,-53.5950,NO,pm,1,0.04
1784969400,0x69d4f9f2ce8a738753b17f6267a4d295feb391f99b644ee947845aaf5ff7355e,NO,0.96,240,-0.02,1,63764.99,63818.5850,,-53.5950,NO,pm,1,0.04
1784969400,0x69d4f9f2ce8a738753b17f6267a4d295feb391f99b644ee947845aaf5ff7355e,NO,0.96,240,-0.02,1,63764.99,63818.5850,,-53.5950,NO,pm,1,0.04
1784969400,0x69d4f9f2ce8a738753b17f6267a4d295feb391f99b644ee947845aaf5ff7355e,NO,0.96,240,-0.02,1,63764.99,63818.5850,,-53.5950,NO,pm,1,0.04
1784969400,0x69d4f9f2ce8a738753b17f6267a4d295feb391f99b644ee947845aaf5ff7355e,NO,0.96,240,-0.02,1,63764.99,63818.5850,,-53.5950,NO,pm,1,0.04
1784969400,0x69d4f9f2ce8a738753b17f6267a4d295feb391f99b644ee947845aaf5ff7355e,NO,0.96,240,-0.02,1,63764.99,63818.5850,,-53.5950,NO,pm,1,0.04
1784969400,0x69d4f9f2ce8a738753b17f6267a4d295feb391f99b644ee947845aaf5ff7355e,NO,0.96,240,-0.02,1,63764.99,63818.5850,,-53.5950,NO,pm,1,0.04
1784969400,0x69d4f9f2ce8a738753b17f6267a4d295feb391f99b644ee947845aaf5ff7355e,NO,0.96,240,-0.02,1,63764.99,63818.5850,,-53.5950,NO,pm,1,0.04
1784969400,0x69d4f9f2ce8a738753b17f6267a4d295feb391f99b644ee947845aaf5ff7355e,NO,0.96,240,-0.02,1,63764.99,63818.5850,,-53.5950,NO,pm,1,0.04
1784969400,0x69d4f9f2ce8a738753b17f6267a4d295feb391f99b644ee947845aaf5ff7355e,NO,0.96,240,-0.02,1,63764.99,63818.5850,,-53.5950,NO,pm,1,0.04
1784969400,0x69d4f9f2ce8a738753b17f6267a4d295feb391f99b644ee947845aaf5ff7355e,NO,0.96,240,-0.02,1,63764.99,63818.5850,,-53.5950,NO,pm,1,0.04
1784969400,0x69d4f9f2ce8a738753b17f6267a4d295feb391f99b644ee947845aaf5ff7355e,NO,0.96,240,-0.02,1,63764.99,63818.5850,,-53.5950,NO,pm,1,0.04
1784969400,0x69d4f9f2ce8a738753b17f6267a4d295feb391f99b644ee947845aaf5ff7355e,NO,0.96,240,-0.02,1,63764.99,63818.5850,,-53.5950,NO,pm,1,0.04
1784969400,0x69d4f9f2ce8a738753b17f6267a4d295feb391f99b644ee947845aaf5ff7355e,NO,0.96,240,-0.02,1,63764.99,63818.5850,,-53.5950,NO,pm,1,0.04
1784969400,0x69d4f9f2ce8a738753b17f6267a4d295feb391f99b644ee947845aaf5ff7355e,NO,0.96,240,-0.02,1,63764.99,63818.5850,,-53.5950,NO,pm,1,0.04
1784969400,0x69d4f9f2ce8a738753b17f6267a4d295feb391f99b644ee947845aaf5ff7355e,NO,0.96,240,-0.02,1,63764.99,63818.5850,,-53.5950,NO,pm,1,0.04
1784969400,0x69d4f9f2ce8a738753b17f6267a4d295feb391f99b644ee947845aaf5ff7355e,NO,0.96,240,-0.02,1,63764.99,63818.5850,,-53.5950,NO,pm,1,0.04
1784969400,0x69d4f9f2ce8a738753b17f6267a4d295feb391f99b644ee947845aaf5ff7355e,NO,0.96,240,-0.02,1,63764.99,63818.5850,,-53.5950,NO,pm,1,0.04
1784969400,0x69d4f9f2ce8a738753b17f6267a4d295feb391f99b644ee947845aaf5ff7355e,NO,0.96,240,-0.02,1,63764.99,63818.5850,,-53.5950,NO,pm,1,0.04
1784969400,0x69d4f9f2ce8a738753b17f6267a4d295feb391f99b644ee947845aaf5ff7355e,NO,0.96,240,-0.02,1,63764.99,63818.5850,63750.13948923,-53.5950,NO,pm,1,0.04
1784969400,0x69d4f9f2ce8a738753b17f6267a4d295feb391f99b644ee947845aaf5ff7355e,NO,0.96,240,-0.02,1,63764.99,63818.5850,,-53.5950,NO,pm,1,0.04
1784969400,0x69d4f9f2ce8a738753b17f6267a4d295feb391f99b644ee947845aaf5ff7355e,NO,0.96,240,-0.02,1,63764.99,63818.5850,63750.13948923,-53.5950,NO,pm,1,0.04
1784969400,0x69d4f9f2ce8a738753b17f6267a4d295feb391f99b644ee947845aaf5ff7355e,NO,0.96,240,-0.02,1,63764.99,63818.5850,,-53.5950,NO,pm,1,0.04
1784969400,0x69d4f9f2ce8a738753b17f6267a4d295feb391f99b644ee947845aaf5ff7355e,NO,0.96,240,-0.02,1,63764.99,63818.5850,,-53.5950,NO,pm,1,0.04
1784969400,0x69d4f9f2ce8a738753b17f6267a4d295feb391f99b644ee947845aaf5ff7355e,NO,0.96,240,-0.02,1,63764.99,63818.5850,,-53.5950,NO,pm,1,0.04
1784969400,0x69d4f9f2ce8a738753b17f6267a4d295feb391f99b644ee947845aaf5ff7355e,NO,0.96,240,-0.02,1,63764.99,63818.5850,,-53.5950,NO,pm,1,0.04
1784969400,0x69d4f9f2ce8a738753b17f6267a4d295feb391f99b644ee947845aaf5ff7355e,NO,0.96,240,-0.02,1,63764.99,63818.5850,,-53.5950,NO,pm,1,0.04
1784969400,0x69d4f9f2ce8a738753b17f6267a4d295feb391f99b644ee947845aaf5ff7355e,NO,0.96,240,-0.02,1,63764.99,63818.5850,,-53.5950,NO,pm,1,0.04
1784969400,0x69d4f9f2ce8a738753b17f6267a4d295feb391f99b644ee947845aaf5ff7355e,NO,0.96,240,-0.02,1,63764.99,63818.5850,,-53.5950,NO,pm,1,0.04
1784969400,0x69d4f9f2ce8a738753b17f6267a4d295feb391f99b644ee947845aaf5ff7355e,NO,0.96,240,-0.02,1,63764.99,63818.5850,,-53.5950,NO,pm,1,0.04
1784969400,0x69d4f9f2ce8a738753b17f6267a4d295feb391f99b644ee947845aaf5ff7355e,NO,0.96,240,-0.02,1,63764.99,63818.5850,,-53.5950,NO,pm,1,0.04
1784969400,0x69d4f9f2ce8a738753b17f6267a4d295feb391f99b644ee947845aaf5ff7355e,NO,0.96,240,-0.02,1,63764.99,63818.5850,,-53.5950,NO,pm,1,0.04
1784970300,0x8c73f3701a2a23ec795843fc909513d8259f0943b14a28ee3daeffa12b4a4194,YES,0.97,280,0.05,0,63789.2,63780.99,63795.18304606,8.21,YES,pm,1,0.03
1784970300,0x8c73f3701a2a23ec795843fc909513d8259f0943b14a28ee3daeffa12b4a4194,YES,0.97,280,0.05,0,63789.2,63780.99,63795.18304606,8.21,YES,pm,1,0.03
1784970300,0x8c73f3701a2a23ec795843fc909513d8259f0943b14a28ee3daeffa12b4a4194,YES,0.97,280,0.05,0,63789.2,63780.99,63795.18304606,8.21,YES,pm,1,0.03
1784970300,0x8c73f3701a2a23ec795843fc909513d8259f0943b14a28ee3daeffa12b4a4194,YES,0.97,280,0.05,0,63789.2,63780.99,63795.18304606,8.21,YES,pm,1,0.03
1784970300,0x8c73f3701a2a23ec795843fc909513d8259f0943b14a28ee3daeffa12b4a4194,YES,0.97,280,0.05,0,63789.2,63780.99,63795.18304606,8.21,YES,pm,1,0.03
1784970300,0x8c73f3701a2a23ec795843fc909513d8259f0943b14a28ee3daeffa12b4a4194,YES,0.97,280,0.05,0,63789.2,63780.99,63795.18304606,8.21,YES,pm,1,0.03
1784970300,0x8c73f3701a2a23ec795843fc909513d8259f0943b14a28ee3daeffa12b4a4194,YES,0.97,280,0.05,0,63789.2,63780.99,63795.18304606,8.21,YES,pm,1,0.03
1784970300,0x8c73f3701a2a23ec795843fc909513d8259f0943b14a28ee3daeffa12b4a4194,YES,0.97,280,0.05,0,63789.2,63780.99,63795.18304606,8.21,YES,pm,1,0.03
1784970300,0x8c73f3701a2a23ec795843fc909513d8259f0943b14a28ee3daeffa12b4a4194,YES,0.97,280,0.05,0,63789.2,63780.99,63795.18304606,8.21,YES,pm,1,0.03
1784970300,0x8c73f3701a2a23ec795843fc909513d8259f0943b14a28ee3daeffa12b4a4194,YES,0.97,280,0.05,0,63789.2,63780.99,63795.18304606,8.21,YES,pm,1,0.03
1784970300,0x8c73f3701a2a23ec795843fc909513d8259f0943b14a28ee3daeffa12b4a4194,YES,0.97,280,0.05,0,63789.2,63780.99,63795.18304606,8.21,YES,pm,1,0.03
1784970300,0x8c73f3701a2a23ec795843fc909513d8259f0943b14a28ee3daeffa12b4a4194,YES,0.97,280,0.05,0,63789.2,63780.99,63795.18304606,8.21,YES,pm,1,0.03
1784970300,0x8c73f3701a2a23ec795843fc909513d8259f0943b14a28ee3daeffa12b4a4194,YES,0.97,280,0.05,0,63789.2,63780.99,63795.18304606,8.21,YES,pm,1,0.03
1784970300,0x8c73f3701a2a23ec795843fc909513d8259f0943b14a28ee3daeffa12b4a4194,YES,0.97,280,0.05,0,63789.2,63780.99,63795.37967020,8.21,YES,pm,1,0.03
1784970300,0x8c73f3701a2a23ec795843fc909513d8259f0943b14a28ee3daeffa12b4a4194,YES,0.97,280,0.05,0,63789.2,63780.99,63795.18304606,8.21,YES,pm,1,0.03
1784970300,0x8c73f3701a2a23ec795843fc909513d8259f0943b14a28ee3daeffa12b4a4194,YES,0.97,280,0.05,0,63789.2,63780.99,63795.18304606,8.21,YES,pm,1,0.03
1784970300,0x8c73f3701a2a23ec795843fc909513d8259f0943b14a28ee3daeffa12b4a4194,YES,0.97,280,0.05,0,63789.2,63780.99,63795.18304606,8.21,YES,pm,1,0.03
1784970300,0x8c73f3701a2a23ec795843fc909513d8259f0943b14a28ee3daeffa12b4a4194,YES,0.97,280,0.05,0,63789.2,63780.99,63795.18304606,8.21,YES,pm,1,0.03
1784970300,0x8c73f3701a2a23ec795843fc909513d8259f0943b14a28ee3daeffa12b4a4194,YES,0.97,280,0.05,0,63789.2,63780.99,63795.18304606,8.21,YES,pm,1,0.03
1784970300,0x8c73f3701a2a23ec795843fc909513d8259f0943b14a28ee3daeffa12b4a4194,YES,0.97,280,0.05,0,63789.2,63780.99,63795.18304606,8.21,YES,pm,1,0.03
1784970300,0x8c73f3701a2a23ec795843fc909513d8259f0943b14a28ee3daeffa12b4a4194,YES,0.97,280,0.05,0,63789.2,63780.99,63795.18304606,8.21,YES,pm,1,0.03
1784970300,0x8c73f3701a2a23ec795843fc909513d8259f0943b14a28ee3daeffa12b4a4194,YES,0.97,280,0.05,0,63789.2,63780.99,63795.18304606,8.21,YES,pm,1,0.03
1784970300,0x8c73f3701a2a23ec795843fc909513d8259f0943b14a28ee3daeffa12b4a4194,YES,0.97,280,0.05,0,63789.2,63780.99,63795.18304606,8.21,YES,pm,1,0.03
1784970300,0x8c73f3701a2a23ec795843fc909513d8259f0943b14a28ee3daeffa12b4a4194,YES,0.97,280,0.05,0,63789.2,63780.99,63795.18304606,8.21,YES,pm,1,0.03
1784970300,0x8c73f3701a2a23ec795843fc909513d8259f0943b14a28ee3daeffa12b4a4194,YES,0.97,280,0.05,0,63789.2,63780.99,63795.18304606,8.21,YES,pm,1,0.03
1784970300,0x8c73f3701a2a23ec795843fc909513d8259f0943b14a28ee3daeffa12b4a4194,YES,0.97,280,0.05,0,63789.2,63780.99,63795.18304606,8.21,YES,pm,1,0.03
1784970300,0x8c73f3701a2a23ec795843fc909513d8259f0943b14a28ee3daeffa12b4a4194,YES,0.97,280,0.05,0,63789.2,63780.99,63795.18304606,8.21,YES,pm,1,0.03
1784970300,0x8c73f3701a2a23ec795843fc909513d8259f0943b14a28ee3daeffa12b4a4194,YES,0.97,280,0.05,0,63789.2,63780.99,63795.18304606,8.21,YES,pm,1,0.03
1784970300,0x8c73f3701a2a23ec795843fc909513d8259f0943b14a28ee3daeffa12b4a4194,YES,0.97,280,0.05,0,63789.2,63780.99,63795.18304606,8.21,YES,pm,1,0.03
1784970300,0x8c73f3701a2a23ec795843fc909513d8259f0943b14a28ee3daeffa12b4a4194,YES,0.97,280,0.05,0,63789.2,63780.99,63795.18304606,8.21,YES,pm,1,0.03
1784970300,0x8c73f3701a2a23ec795843fc909513d8259f0943b14a28ee3daeffa12b4a4194,YES,0.97,280,0.05,0,63789.2,63780.99,63795.18304606,8.21,YES,pm,1,0.03
1784970300,0x8c73f3701a2a23ec795843fc909513d8259f0943b14a28ee3daeffa12b4a4194,YES,0.97,280,0.05,0,63789.2,63780.99,63795.18304606,8.21,YES,pm,1,0.03
1784970300,0x8c73f3701a2a23ec795843fc909513d8259f0943b14a28ee3daeffa12b4a4194,YES,0.97,280,0.05,0,63789.2,63780.99,63795.18304606,8.21,YES,pm,1,0.03
1784970300,0x8c73f3701a2a23ec795843fc909513d8259f0943b14a28ee3daeffa12b4a4194,YES,0.97,280,0.05,0,63789.2,63780.99,63795.18304606,8.21,YES,pm,1,0.03
1784970300,0x8c73f3701a2a23ec795843fc909513d8259f0943b14a28ee3daeffa12b4a4194,YES,0.97,280,0.05,0,63789.2,63780.99,63795.18304606,8.21,YES,pm,1,0.03
1784970300,0x8c73f3701a2a23ec795843fc909513d8259f0943b14a28ee3daeffa12b4a4194,YES,0.97,280,0.05,0,63789.2,63780.99,63795.18304606,8.21,YES,pm,1,0.03
1784970300,0x8c73f3701a2a23ec795843fc909513d8259f0943b14a28ee3daeffa12b4a4194,YES,0.97,280,0.05,0,63789.2,63780.99,63795.18304606,8.21,YES,pm,1,0.03
1784970300,0x8c73f3701a2a23ec795843fc909513d8259f0943b14a28ee3daeffa12b4a4194,YES,0.97,280,0.05,0,63789.2,63780.99,63795.18304606,8.21,YES,pm,1,0.03
1784970300,0x8c73f3701a2a23ec795843fc909513d8259f0943b14a28ee3daeffa12b4a4194,YES,0.97,280,0.05,0,63789.2,63780.99,63795.18304606,8.21,YES,pm,1,0.03
1784970300,0x8c73f3701a2a23ec795843fc909513d8259f0943b14a28ee3daeffa12b4a4194,YES,0.97,280,0.05,0,63789.2,63780.99,63795.18304606,8.21,YES,pm,1,0.03
1784970300,0x8c73f3701a2a23ec795843fc909513d8259f0943b14a28ee3daeffa12b4a4194,YES,0.97,280,0.05,0,63789.2,63780.99,63795.18304606,8.21,YES,pm,1,0.03
1784970300,0x8c73f3701a2a23ec795843fc909513d8259f0943b14a28ee3daeffa12b4a4194,YES,0.97,280,0.05,0,63789.2,63780.99,63795.18304606,8.21,YES,pm,1,0.03
1784970300,0x8c73f3701a2a23ec795843fc909513d8259f0943b14a28ee3daeffa12b4a4194,YES,0.97,280,0.05,0,63789.2,63780.99,63795.18304606,8.21,YES,pm,1,0.03
1784970300,0x8c73f3701a2a23ec795843fc909513d8259f0943b14a28ee3daeffa12b4a4194,YES,0.97,280,0.05,0,63789.2,63780.99,63795.18304606,8.21,YES,pm,1,0.03
1784970300,0x8c73f3701a2a23ec795843fc909513d8259f0943b14a28ee3daeffa12b4a4194,YES,0.97,280,0.05,0,63789.2,63780.99,63795.18304606,8.21,YES,pm,1,0.03
1784970300,0x8c73f3701a2a23ec795843fc909513d8259f0943b14a28ee3daeffa12b4a4194,YES,0.97,280,0.05,0,63789.2,63780.99,63795.18304606,8.21,YES,pm,1,0.03
1784970300,0x8c73f3701a2a23ec795843fc909513d8259f0943b14a28ee3daeffa12b4a4194,YES,0.97,280,0.05,0,63789.2,63780.99,63795.18304606,8.21,YES,pm,1,0.03
1784970300,0x8c73f3701a2a23ec795843fc909513d8259f0943b14a28ee3daeffa12b4a4194,YES,0.97,280,0.05,0,63789.2,63780.99,63795.18304606,8.21,YES,pm,1,0.03
1784970300,0x8c73f3701a2a23ec795843fc909513d8259f0943b14a28ee3daeffa12b4a4194,YES,0.97,280,0.05,0,63789.2,63780.99,63795.18304606,8.21,YES,pm,1,0.03
1784970300,0x8c73f3701a2a23ec795843fc909513d8259f0943b14a28ee3daeffa12b4a4194,YES,0.97,280,0.05,0,63789.2,63780.99,63795.18304606,8.21,YES,pm,1,0.03
1784970300,0x8c73f3701a2a23ec795843fc909513d8259f0943b14a28ee3daeffa12b4a4194,YES,0.97,280,0.05,0,63789.2,63780.99,63795.18304606,8.21,YES,pm,1,0.03
1784970300,0x8c73f3701a2a23ec795843fc909513d8259f0943b14a28ee3daeffa12b4a4194,YES,0.97,280,0.05,0,63789.2,63780.99,63795.18304606,8.21,YES,pm,1,0.03
1784970300,0x8c73f3701a2a23ec795843fc909513d8259f0943b14a28ee3daeffa12b4a4194,YES,0.97,280,0.05,0,63789.2,63780.99,63795.18304606,8.21,YES,pm,1,0.03
1784970300,0x8c73f3701a2a23ec795843fc909513d8259f0943b14a28ee3daeffa12b4a4194,YES,0.97,280,0.05,0,63789.2,63780.99,63795.18304606,8.21,YES,pm,1,0.03
1784970300,0x8c73f3701a2a23ec795843fc909513d8259f0943b14a28ee3daeffa12b4a4194,YES,0.97,280,0.05,0,63789.2,63780.99,63795.18304606,8.21,YES,pm,1,0.03
1784970300,0x8c73f3701a2a23ec795843fc909513d8259f0943b14a28ee3daeffa12b4a4194,YES,0.97,280,0.05,0,63789.2,63780.99,63795.18304606,8.21,YES,pm,1,0.03
1784970300,0x8c73f3701a2a23ec795843fc909513d8259f0943b14a28ee3daeffa12b4a4194,YES,0.97,280,0.05,0,63789.2,63780.99,63795.18304606,8.21,YES,pm,1,0.03
1784970300,0x8c73f3701a2a23ec795843fc909513d8259f0943b14a28ee3daeffa12b4a4194,YES,0.97,280,0.05,0,63789.2,63780.99,63795.18304606,8.21,YES,pm,1,0.03
1784970300,0x8c73f3701a2a23ec795843fc909513d8259f0943b14a28ee3daeffa12b4a4194,YES,0.97,280,0.05,0,63789.2,63780.99,63795.18304606,8.21,YES,pm,1,0.03
1784970300,0x8c73f3701a2a23ec795843fc909513d8259f0943b14a28ee3daeffa12b4a4194,YES,0.97,280,0.05,0,63789.2,63780.99,63795.18304606,8.21,YES,pm,1,0.03
1784970300,0x8c73f3701a2a23ec795843fc909513d8259f0943b14a28ee3daeffa12b4a4194,YES,0.97,280,0.05,0,63789.2,63780.99,63795.18304606,8.21,YES,pm,1,0.03
1784970300,0x8c73f3701a2a23ec795843fc909513d8259f0943b14a28ee3daeffa12b4a4194,YES,0.97,280,0.05,0,63789.2,63780.99,63795.18304606,8.21,YES,pm,1,0.03
1784970300,0x8c73f3701a2a23ec795843fc909513d8259f0943b14a28ee3daeffa12b4a4194,YES,0.97,280,0.05,0,63789.2,63780.99,63795.18304606,8.21,YES,pm,1,0.03
1784970300,0x8c73f3701a2a23ec795843fc909513d8259f0943b14a28ee3daeffa12b4a4194,YES,0.97,280,0.05,0,63789.2,63780.99,63795.18304606,8.21,YES,pm,1,0.03
1784970300,0x8c73f3701a2a23ec795843fc909513d8259f0943b14a28ee3daeffa12b4a4194,YES,0.97,280,0.05,0,63789.2,63780.99,63795.18304606,8.21,YES,pm,1,0.03
1784970300,0x8c73f3701a2a23ec795843fc909513d8259f0943b14a28ee3daeffa12b4a4194,YES,0.97,280,0.05,0,63789.2,63780.99,63795.18304606,8.21,YES,pm,1,0.03
1784970300,0x8c73f3701a2a23ec795843fc909513d8259f0943b14a28ee3daeffa12b4a4194,YES,0.97,280,0.05,0,63789.2,63780.99,63795.18304606,8.21,YES,pm,1,0.03
1784970300,0x8c73f3701a2a23ec795843fc909513d8259f0943b14a28ee3daeffa12b4a4194,YES,0.97,280,0.05,0,63789.2,63780.99,63795.18304606,8.21,YES,pm,1,0.03
1784970300,0x8c73f3701a2a23ec795843fc909513d8259f0943b14a28ee3daeffa12b4a4194,YES,0.97,280,0.05,0,63789.2,63780.99,63795.18304606,8.21,YES,pm,1,0.03
1784970300,0x8c73f3701a2a23ec795843fc909513d8259f0943b14a28ee3daeffa12b4a4194,YES,0.97,280,0.05,0,63789.2,63780.99,63795.18304606,8.21,YES,pm,1,0.03
1784970300,0x8c73f3701a2a23ec795843fc909513d8259f0943b14a28ee3daeffa12b4a4194,YES,0.97,280,0.05,0,63789.2,63780.99,63795.18304606,8.21,YES,pm,1,0.03
1784970300,0x8c73f3701a2a23ec795843fc909513d8259f0943b14a28ee3daeffa12b4a4194,YES,0.97,280,0.05,0,63789.2,63780.99,63795.18304606,8.21,YES,pm,1,0.03
1784970300,0x8c73f3701a2a23ec795843fc909513d8259f0943b14a28ee3daeffa12b4a4194,YES,0.97,280,0.05,0,63789.2,63780.99,63795.18304606,8.21,YES,pm,1,0.03
1784970300,0x8c73f3701a2a23ec795843fc909513d8259f0943b14a28ee3daeffa12b4a4194,YES,0.97,280,0.05,0,63789.2,63780.99,63795.18304606,8.21,YES,pm,1,0.03
1784970300,0x8c73f3701a2a23ec795843fc909513d8259f0943b14a28ee3daeffa12b4a4194,YES,0.97,280,0.05,0,63789.2,63780.99,63795.18304606,8.21,YES,pm,1,0.03
1784970300,0x8c73f3701a2a23ec795843fc909513d8259f0943b14a28ee3daeffa12b4a4194,YES,0.97,280,0.05,0,63789.2,63780.99,63795.18304606,8.21,YES,pm,1,0.03
1784970300,0x8c73f3701a2a23ec795843fc909513d8259f0943b14a28ee3daeffa12b4a4194,YES,0.97,280,0.05,0,63789.2,63780.99,63795.18304606,8.21,YES,pm,1,0.03
1784970300,0x8c73f3701a2a23ec795843fc909513d8259f0943b14a28ee3daeffa12b4a4194,YES,0.97,280,0.05,0,63789.2,63780.99,63795.18304606,8.21,YES,pm,1,0.03
1784970300,0x8c73f3701a2a23ec795843fc909513d8259f0943b14a28ee3daeffa12b4a4194,YES,0.97,280,0.05,0,63789.2,63780.99,63795.18304606,8.21,YES,pm,1,0.03
1784970300,0x8c73f3701a2a23ec795843fc909513d8259f0943b14a28ee3daeffa12b4a4194,YES,0.97,280,0.05,0,63789.2,63780.99,63795.18304606,8.21,YES,pm,1,0.03
1784970300,0x8c73f3701a2a23ec795843fc909513d8259f0943b14a28ee3daeffa12b4a4194,YES,0.97,280,0.05,0,63789.2,63780.99,63795.18304606,8.21,YES,pm,1,0.03
1784970300,0x8c73f3701a2a23ec795843fc909513d8259f0943b14a28ee3daeffa12b4a4194,YES,0.97,280,0.05,0,63789.2,63780.99,63795.18304606,8.21,YES,pm,1,0.03
1784970300,0x8c73f3701a2a23ec795843fc909513d8259f0943b14a28ee3daeffa12b4a4194,YES,0.97,280,0.05,0,63789.2,63780.99,63795.18304606,8.21,YES,pm,1,0.03
1784970300,0x8c73f3701a2a23ec795843fc909513d8259f0943b14a28ee3daeffa12b4a4194,YES,0.97,280,0.05,0,63789.2,63780.99,63795.18304606,8.21,YES,pm,1,0.03
1784970300,0x8c73f3701a2a23ec795843fc909513d8259f0943b14a28ee3daeffa12b4a4194,YES,0.97,280,0.05,0,63789.2,63780.99,63795.18304606,8.21,YES,pm,1,0.03
1784970300,0x8c73f3701a2a23ec795843fc909513d8259f0943b14a28ee3daeffa12b4a4194,YES,0.97,280,0.05,0,63789.2,63780.99,63795.18304606,8.21,YES,pm,1,0.03
1784970300,0x8c73f3701a2a23ec795843fc909513d8259f0943b14a28ee3daeffa12b4a4194,YES,0.97,280,0.05,0,63789.2,63780.99,63795.18304606,8.21,YES,pm,1,0.03
1784970300,0x8c73f3701a2a23ec795843fc909513d8259f0943b14a28ee3daeffa12b4a4194,YES,0.97,280,0.05,0,63789.2,63780.99,63795.18304606,8.21,YES,pm,1,0.03
1784970300,0x8c73f3701a2a23ec795843fc909513d8259f0943b14a28ee3daeffa12b4a4194,YES,0.97,280,0.05,0,63789.2,63780.99,63795.18304606,8.21,YES,pm,1,0.03
1784970300,0x8c73f3701a2a23ec795843fc909513d8259f0943b14a28ee3daeffa12b4a4194,YES,0.97,280,0.05,0,63789.2,63780.99,63795.18304606,8.21,YES,pm,1,0.03
1784970300,0x8c73f3701a2a23ec795843fc909513d8259f0943b14a28ee3daeffa12b4a4194,YES,0.97,280,0.05,0,63789.2,63780.99,63795.18304606,8.21,YES,pm,1,0.03
1784970300,0x8c73f3701a2a23ec795843fc909513d8259f0943b14a28ee3daeffa12b4a4194,YES,0.97,280,0.05,0,63789.2,63780.99,63795.18304606,8.21,YES,pm,1,0.03
1784970300,0x8c73f3701a2a23ec795843fc909513d8259f0943b14a28ee3daeffa12b4a4194,YES,0.97,280,0.05,0,63789.2,63780.99,63795.18304606,8.21,YES,pm,1,0.03
1784970300,0x8c73f3701a2a23ec795843fc909513d8259f0943b14a28ee3daeffa12b4a4194,YES,0.97,280,0.05,0,63789.2,63780.99,63795.18304606,8.21,YES,pm,1,0.03
1784970300,0x8c73f3701a2a23ec795843fc909513d8259f0943b14a28ee3daeffa12b4a4194,YES,0.97,280,0.05,0,63789.2,63780.99,63795.18304606,8.21,YES,pm,1,0.03
1784970300,0x8c73f3701a2a23ec795843fc909513d8259f0943b14a28ee3daeffa12b4a4194,YES,0.97,280,0.05,0,63789.2,63780.99,63795.18304606,8.21,YES,pm,1,0.03
1784970300,0x8c73f3701a2a23ec795843fc909513d8259f0943b14a28ee3daeffa12b4a4194,YES,0.97,280,0.05,0,63789.2,63780.99,63795.18304606,8.21,YES,pm,1,0.03
1784970300,0x8c73f3701a2a23ec795843fc909513d8259f0943b14a28ee3daeffa12b4a4194,YES,0.97,280,0.05,0,63789.2,63780.99,63795.18304606,8.21,YES,pm,1,0.03
1784970300,0x8c73f3701a2a23ec795843fc909513d8259f0943b14a28ee3daeffa12b4a4194,YES,0.97,280,0.05,0,63789.2,63780.99,63795.18304606,8.21,YES,pm,1,0.03
1784970300,0x8c73f3701a2a23ec795843fc909513d8259f0943b14a28ee3daeffa12b4a4194,YES,0.97,280,0.05,0,63789.2,63780.99,63795.18304606,8.21,YES,pm,1,0.03
1784970300,0x8c73f3701a2a23ec795843fc909513d8259f0943b14a28ee3daeffa12b4a4194,YES,0.97,280,0.05,0,63789.2,63780.99,63795.18304606,8.21,YES,pm,1,0.03
1784970300,0x8c73f3701a2a23ec795843fc909513d8259f0943b14a28ee3daeffa12b4a4194,YES,0.97,280,0.05,0,63789.2,63780.99,63795.18304606,8.21,YES,pm,1,0.03
1784970300,0x8c73f3701a2a23ec795843fc909513d8259f0943b14a28ee3daeffa12b4a4194,YES,0.97,280,0.05,0,63789.2,63780.99,63795.18304606,8.21,YES,pm,1,0.03
1784970300,0x8c73f3701a2a23ec795843fc909513d8259f0943b14a28ee3daeffa12b4a4194,YES,0.97,280,0.05,0,63789.2,63780.99,63795.18304606,8.21,YES,pm,1,0.03
1784970300,0x8c73f3701a2a23ec795843fc909513d8259f0943b14a28ee3daeffa12b4a4194,YES,0.97,280,0.05,0,63789.2,63780.99,63795.18304606,8.21,YES,pm,1,0.03
1784970300,0x8c73f3701a2a23ec795843fc909513d8259f0943b14a28ee3daeffa12b4a4194,YES,0.97,280,0.05,0,63789.2,63780.99,63795.18304606,8.21,YES,pm,1,0.03
1784970300,0x8c73f3701a2a23ec795843fc909513d8259f0943b14a28ee3daeffa12b4a4194,YES,0.97,280,0.05,0,63789.2,63780.99,63795.18304606,8.21,YES,pm,1,0.03
1784970300,0x8c73f3701a2a23ec795843fc909513d8259f0943b14a28ee3daeffa12b4a4194,YES,0.97,280,0.05,0,63789.2,63780.99,63795.18304606,8.21,YES,pm,1,0.03
1784970300,0x8c73f3701a2a23ec795843fc909513d8259f0943b14a28ee3daeffa12b4a4194,YES,0.97,280,0.05,0,63789.2,63780.99,63795.18304606,8.21,YES,pm,1,0.03
1784970300,0x8c73f3701a2a23ec795843fc909513d8259f0943b14a28ee3daeffa12b4a4194,YES,0.97,280,0.05,0,63789.2,63780.99,63795.18304606,8.21,YES,pm,1,0.03
1784970300,0x8c73f3701a2a23ec795843fc909513d8259f0943b14a28ee3daeffa12b4a4194,YES,0.97,280,0.05,0,63789.2,63780.99,63795.18304606,8.21,YES,pm,1,0.03
1784970300,0x8c73f3701a2a23ec795843fc909513d8259f0943b14a28ee3daeffa12b4a4194,YES,0.97,280,0.05,0,63789.2,63780.99,63795.18304606,8.21,YES,pm,1,0.03
1784970300,0x8c73f3701a2a23ec795843fc909513d8259f0943b14a28ee3daeffa12b4a4194,YES,0.97,280,0.05,0,63789.2,63780.99,63795.18304606,8.21,YES,pm,1,0.03
1784970300,0x8c73f3701a2a23ec795843fc909513d8259f0943b14a28ee3daeffa12b4a4194,YES,0.97,280,0.05,0,63789.2,63780.99,63795.18304606,8.21,YES,pm,1,0.03
1784970300,0x8c73f3701a2a23ec795843fc909513d8259f0943b14a28ee3daeffa12b4a4194,YES,0.97,280,0.05,0,63789.2,63780.99,63795.18304606,8.21,YES,pm,1,0.03
1784970300,0x8c73f3701a2a23ec795843fc909513d8259f0943b14a28ee3daeffa12b4a4194,YES,0.97,280,0.05,0,63789.2,63780.99,63795.18304606,8.21,YES,pm,1,0.03
1784970300,0x8c73f3701a2a23ec795843fc909513d8259f0943b14a28ee3daeffa12b4a4194,YES,0.97,280,0.05,0,63789.2,63780.99,63795.18304606,8.21,YES,pm,1,0.03
1784970300,0x8c73f3701a2a23ec795843fc909513d8259f0943b14a28ee3daeffa12b4a4194,YES,0.97,280,0.05,0,63789.2,63780.99,63795.18304606,8.21,YES,pm,1,0.03
1784970300,0x8c73f3701a2a23ec795843fc909513d8259f0943b14a28ee3daeffa12b4a4194,YES,0.97,280,0.05,0,63789.2,63780.99,63795.18304606,8.21,YES,pm,1,0.03
1784970300,0x8c73f3701a2a23ec795843fc909513d8259f0943b14a28ee3daeffa12b4a4194,YES,0.97,280,0.05,0,63789.2,63780.99,63795.18304606,8.21,YES,pm,1,0.03
1784970300,0x8c73f3701a2a23ec795843fc909513d8259f0943b14a28ee3daeffa12b4a4194,YES,0.97,280,0.05,0,63789.2,63780.99,63795.18304606,8.21,YES,pm,1,0.03
1784970300,0x8c73f3701a2a23ec795843fc909513d8259f0943b14a28ee3daeffa12b4a4194,YES,0.97,280,0.05,0,63789.2,63780.99,63795.18304606,8.21,YES,pm,1,0.03
1784970300,0x8c73f3701a2a23ec795843fc909513d8259f0943b14a28ee3daeffa12b4a4194,YES,0.97,280,0.05,0,63789.2,63780.99,63795.18304606,8.21,YES,pm,1,0.03
1784970300,0x8c73f3701a2a23ec795843fc909513d8259f0943b14a28ee3daeffa12b4a4194,YES,0.97,280,0.05,0,63789.2,63780.99,63795.18304606,8.21,YES,pm,1,0.03
1784970300,0x8c73f3701a2a23ec795843fc909513d8259f0943b14a28ee3daeffa12b4a4194,YES,0.97,280,0.05,0,63789.2,63780.99,63795.18304606,8.21,YES,pm,1,0.03
1784970300,0x8c73f3701a2a23ec795843fc909513d8259f0943b14a28ee3daeffa12b4a4194,YES,0.97,280,0.05,0,63789.2,63780.99,63795.18304606,8.21,YES,pm,1,0.03
1784970300,0x8c73f3701a2a23ec795843fc909513d8259f0943b14a28ee3daeffa12b4a4194,YES,0.97,280,0.05,0,63789.2,63780.99,63795.18304606,8.21,YES,pm,1,0.03
1784970300,0x8c73f3701a2a23ec795843fc909513d8259f0943b14a28ee3daeffa12b4a4194,YES,0.97,280,0.05,0,63789.2,63780.99,63795.18304606,8.21,YES,pm,1,0.03
1784970300,0x8c73f3701a2a23ec795843fc909513d8259f0943b14a28ee3daeffa12b4a4194,YES,0.97,280,0.05,0,63789.2,63780.99,63795.18304606,8.21,YES,pm,1,0.03
1784970300,0x8c73f3701a2a23ec795843fc909513d8259f0943b14a28ee3daeffa12b4a4194,YES,0.97,280,0.05,0,63789.2,63780.99,63795.18304606,8.21,YES,pm,1,0.03
1784970300,0x8c73f3701a2a23ec795843fc909513d8259f0943b14a28ee3daeffa12b4a4194,YES,0.97,280,0.05,0,63789.2,63780.99,63795.18304606,8.21,YES,pm,1,0.03
1784970300,0x8c73f3701a2a23ec795843fc909513d8259f0943b14a28ee3daeffa12b4a4194,YES,0.97,280,0.05,0,63789.2,63780.99,63795.18304606,8.21,YES,pm,1,0.03
1784970300,0x8c73f3701a2a23ec795843fc909513d8259f0943b14a28ee3daeffa12b4a4194,YES,0.97,280,0.05,0,63789.2,63780.99,63795.18304606,8.21,YES,pm,1,0.03
1784970300,0x8c73f3701a2a23ec795843fc909513d8259f0943b14a28ee3daeffa12b4a4194,YES,0.97,280,0.05,0,63789.2,63780.99,63795.18304606,8.21,YES,pm,1,0.03
1784970300,0x8c73f3701a2a23ec795843fc909513d8259f0943b14a28ee3daeffa12b4a4194,YES,0.97,280,0.05,0,63789.2,63780.99,63795.18304606,8.21,YES,pm,1,0.03
1784970300,0x8c73f3701a2a23ec795843fc909513d8259f0943b14a28ee3daeffa12b4a4194,YES,0.97,280,0.05,0,63789.2,63780.99,63795.18304606,8.21,YES,pm,1,0.03
1784970300,0x8c73f3701a2a23ec795843fc909513d8259f0943b14a28ee3daeffa12b4a4194,YES,0.97,280,0.05,0,63789.2,63780.99,63795.18304606,8.21,YES,pm,1,0.03
1784970300,0x8c73f3701a2a23ec795843fc909513d8259f0943b14a28ee3daeffa12b4a4194,YES,0.97,280,0.05,0,63789.2,63780.99,63795.18304606,8.21,YES,pm,1,0.03
1784970300,0x8c73f3701a2a23ec795843fc909513d8259f0943b14a28ee3daeffa12b4a4194,YES,0.97,280,0.05,0,63789.2,63780.99,63795.18304606,8.21,YES,pm,1,0.03
1784970300,0x8c73f3701a2a23ec795843fc909513d8259f0943b14a28ee3daeffa12b4a4194,YES,0.97,280,0.05,0,63789.2,63780.99,63795.18304606,8.21,YES,pm,1,0.03
1784970300,0x8c73f3701a2a23ec795843fc909513d8259f0943b14a28ee3daeffa12b4a4194,YES,0.97,280,0.05,0,63789.2,63780.99,63795.18304606,8.21,YES,pm,1,0.03
1784970300,0x8c73f3701a2a23ec795843fc909513d8259f0943b14a28ee3daeffa12b4a4194,YES,0.97,280,0.05,0,63789.2,63780.99,63795.18304606,8.21,YES,pm,1,0.03
1784970300,0x8c73f3701a2a23ec795843fc909513d8259f0943b14a28ee3daeffa12b4a4194,YES,0.97,280,0.05,0,63789.2,63780.99,63795.18304606,8.21,YES,pm,1,0.03
1784970300,0x8c73f3701a2a23ec795843fc909513d8259f0943b14a28ee3daeffa12b4a4194,YES,0.97,280,0.05,0,63789.2,63780.99,63795.18304606,8.21,YES,pm,1,0.03
1784970300,0x8c73f3701a2a23ec795843fc909513d8259f0943b14a28ee3daeffa12b4a4194,YES,0.97,280,0.05,0,63789.2,63780.99,63795.18304606,8.21,YES,pm,1,0.03
1784970300,0x8c73f3701a2a23ec795843fc909513d8259f0943b14a28ee3daeffa12b4a4194,YES,0.97,280,0.05,0,63789.2,63780.99,63795.18304606,8.21,YES,pm,1,0.03
1784970300,0x8c73f3701a2a23ec795843fc909513d8259f0943b14a28ee3daeffa12b4a4194,YES,0.97,280,0.05,0,63789.2,63780.99,63795.18304606,8.21,YES,pm,1,0.03
1784970300,0x8c73f3701a2a23ec795843fc909513d8259f0943b14a28ee3daeffa12b4a4194,YES,0.97,280,0.05,0,63789.2,63780.99,63795.18304606,8.21,YES,pm,1,0.03
1784970300,0x8c73f3701a2a23ec795843fc909513d8259f0943b14a28ee3daeffa12b4a4194,YES,0.97,280,0.05,0,63789.2,63780.99,63795.18304606,8.21,YES,pm,1,0.03
1784970300,0x8c73f3701a2a23ec795843fc909513d8259f0943b14a28ee3daeffa12b4a4194,YES,0.97,280,0.05,0,63789.2,63780.99,63795.18304606,8.21,YES,pm,1,0.03
1784970300,0x8c73f3701a2a23ec795843fc909513d8259f0943b14a28ee3daeffa12b4a4194,YES,0.97,280,0.05,0,63789.2,63780.99,63795.18304606,8.21,YES,pm,1,0.03
1784970300,0x8c73f3701a2a23ec795843fc909513d8259f0943b14a28ee3daeffa12b4a4194,YES,0.97,280,0.05,0,63789.2,63780.99,63795.18304606,8.21,YES,pm,1,0.03
1784970300,0x8c73f3701a2a23ec795843fc909513d8259f0943b14a28ee3daeffa12b4a4194,YES,0.97,280,0.05,0,63789.2,63780.99,63795.18304606,8.21,YES,pm,1,0.03
1784970300,0x8c73f3701a2a23ec795843fc909513d8259f0943b14a28ee3daeffa12b4a4194,YES,0.97,280,0.05,0,63789.2,63780.99,63795.18304606,8.21,YES,pm,1,0.03
1784970300,0x8c73f3701a2a23ec795843fc909513d8259f0943b14a28ee3daeffa12b4a4194,YES,0.97,280,0.05,0,63789.2,63780.99,63795.18304606,8.21,YES,pm,1,0.03
1784970300,0x8c73f3701a2a23ec795843fc909513d8259f0943b14a28ee3daeffa12b4a4194,YES,0.97,280,0.05,0,63789.2,63780.99,63795.18304606,8.21,YES,pm,1,0.03
1784970300,0x8c73f3701a2a23ec795843fc909513d8259f0943b14a28ee3daeffa12b4a4194,YES,0.97,280,0.05,0,63789.2,63780.99,63795.18304606,8.21,YES,pm,1,0.03
1784970300,0x8c73f3701a2a23ec795843fc909513d8259f0943b14a28ee3daeffa12b4a4194,YES,0.97,280,0.05,0,63789.2,63780.99,63795.18304606,8.21,YES,pm,1,0.03
1784970300,0x8c73f3701a2a23ec795843fc909513d8259f0943b14a28ee3daeffa12b4a4194,YES,0.97,280,0.05,0,63789.2,63780.99,63795.18304606,8.21,YES,pm,1,0.03
1784970300,0x8c73f3701a2a23ec795843fc909513d8259f0943b14a28ee3daeffa12b4a4194,YES,0.97,280,0.05,0,63789.2,63780.99,63795.18304606,8.21,YES,pm,1,0.03
1784970300,0x8c73f3701a2a23ec795843fc909513d8259f0943b14a28ee3daeffa12b4a4194,YES,0.97,280,0.05,0,63789.2,63780.99,63795.18304606,8.21,YES,pm,1,0.03
1784970300,0x8c73f3701a2a23ec795843fc909513d8259f0943b14a28ee3daeffa12b4a4194,YES,0.97,280,0.05,0,63789.2,63780.99,63795.18304606,8.21,YES,pm,1,0.03
1784970300,0x8c73f3701a2a23ec795843fc909513d8259f0943b14a28ee3daeffa12b4a4194,YES,0.97,280,0.05,0,63789.2,63780.99,63795.18304606,8.21,YES,pm,1,0.03
1784970300,0x8c73f3701a2a23ec795843fc909513d8259f0943b14a28ee3daeffa12b4a4194,YES,0.97,280,0.05,0,63789.2,63780.99,63795.18304606,8.21,YES,pm,1,0.03
1784970300,0x8c73f3701a2a23ec795843fc909513d8259f0943b14a28ee3daeffa12b4a4194,YES,0.97,280,0.05,0,63789.2,63780.99,63795.18304606,8.21,YES,pm,1,0.03
1784970300,0x8c73f3701a2a23ec795843fc909513d8259f0943b14a28ee3daeffa12b4a4194,YES,0.97,280,0.05,0,63789.2,63780.99,63795.18304606,8.21,YES,pm,1,0.03
1784970300,0x8c73f3701a2a23ec795843fc909513d8259f0943b14a28ee3daeffa12b4a4194,YES,0.97,280,0.05,0,63789.2,63780.99,63795.18304606,8.21,YES,pm,1,0.03
1784970300,0x8c73f3701a2a23ec795843fc909513d8259f0943b14a28ee3daeffa12b4a4194,YES,0.97,280,0.05,0,63789.2,63780.99,63795.18304606,8.21,YES,pm,1,0.03
1784970300,0x8c73f3701a2a23ec795843fc909513d8259f0943b14a28ee3daeffa12b4a4194,YES,0.97,280,0.05,0,63789.2,63780.99,63795.18304606,8.21,YES,pm,1,0.03
1784970300,0x8c73f3701a2a23ec795843fc909513d8259f0943b14a28ee3daeffa12b4a4194,YES,0.97,280,0.05,0,63789.2,63780.99,63795.18304606,8.21,YES,pm,1,0.03
1784970300,0x8c73f3701a2a23ec795843fc909513d8259f0943b14a28ee3daeffa12b4a4194,YES,0.97,280,0.05,0,63789.2,63780.99,63795.18304606,8.21,YES,pm,1,0.03
1784970300,0x8c73f3701a2a23ec795843fc909513d8259f0943b14a28ee3daeffa12b4a4194,YES,0.97,280,0.05,0,63789.2,63780.99,63795.18304606,8.21,YES,pm,1,0.03
1784970300,0x8c73f3701a2a23ec795843fc909513d8259f0943b14a28ee3daeffa12b4a4194,YES,0.97,280,0.05,0,63789.2,63780.99,63795.18304606,8.21,YES,pm,1,0.03
1784970300,0x8c73f3701a2a23ec795843fc909513d8259f0943b14a28ee3daeffa12b4a4194,YES,0.97,280,0.05,0,63789.2,63780.99,63795.18304606,8.21,YES,pm,1,0.03
1784970300,0x8c73f3701a2a23ec795843fc909513d8259f0943b14a28ee3daeffa12b4a4194,YES,0.97,280,0.05,0,63789.2,63780.99,63795.18304606,8.21,YES,pm,1,0.03
1784970300,0x8c73f3701a2a23ec795843fc909513d8259f0943b14a28ee3daeffa12b4a4194,YES,0.97,280,0.05,0,63789.2,63780.99,63795.18304606,8.21,YES,pm,1,0.03
1784970300,0x8c73f3701a2a23ec795843fc909513d8259f0943b14a28ee3daeffa12b4a4194,YES,0.97,280,0.05,0,63789.2,63780.99,63795.18304606,8.21,YES,pm,1,0.03
1784970300,0x8c73f3701a2a23ec795843fc909513d8259f0943b14a28ee3daeffa12b4a4194,YES,0.97,280,0.05,0,63789.2,63780.99,63795.18304606,8.21,YES,pm,1,0.03
1784970300,0x8c73f3701a2a23ec795843fc909513d8259f0943b14a28ee3daeffa12b4a4194,YES,0.97,280,0.05,0,63789.2,63780.99,63795.18304606,8.21,YES,pm,1,0.03
1784970300,0x8c73f3701a2a23ec795843fc909513d8259f0943b14a28ee3daeffa12b4a4194,YES,0.97,280,0.05,0,63789.2,63780.99,63795.18304606,8.21,YES,pm,1,0.03
1784970300,0x8c73f3701a2a23ec795843fc909513d8259f0943b14a28ee3daeffa12b4a4194,YES,0.97,280,0.05,0,63789.2,63780.99,63795.18304606,8.21,YES,pm,1,0.03
1784970300,0x8c73f3701a2a23ec795843fc909513d8259f0943b14a28ee3daeffa12b4a4194,YES,0.97,280,0.05,0,63789.2,63780.99,63795.18304606,8.21,YES,pm,1,0.03
1784970300,0x8c73f3701a2a23ec795843fc909513d8259f0943b14a28ee3daeffa12b4a4194,YES,0.97,280,0.05,0,63789.2,63780.99,63795.37967020,8.21,YES,pm,1,0.03
1784970300,0x8c73f3701a2a23ec795843fc909513d8259f0943b14a28ee3daeffa12b4a4194,YES,0.97,280,0.05,0,63789.2,63780.99,63795.18304606,8.21,YES,pm,1,0.03
1784970300,0x8c73f3701a2a23ec795843fc909513d8259f0943b14a28ee3daeffa12b4a4194,YES,0.97,280,0.05,0,63789.2,63780.99,63795.18304606,8.21,YES,pm,1,0.03
1784970300,0x8c73f3701a2a23ec795843fc909513d8259f0943b14a28ee3daeffa12b4a4194,YES,0.97,280,0.05,0,63789.2,63780.99,63795.18304606,8.21,YES,pm,1,0.03
1784970300,0x8c73f3701a2a23ec795843fc909513d8259f0943b14a28ee3daeffa12b4a4194,YES,0.97,280,0.05,0,63789.2,63780.99,63795.18304606,8.21,YES,pm,1,0.03
1784970300,0x8c73f3701a2a23ec795843fc909513d8259f0943b14a28ee3daeffa12b4a4194,YES,0.97,280,0.05,0,63789.2,63780.99,63795.18304606,8.21,YES,pm,1,0.03
1784970300,0x8c73f3701a2a23ec795843fc909513d8259f0943b14a28ee3daeffa12b4a4194,YES,0.97,280,0.05,0,63789.2,63780.99,63795.18304606,8.21,YES,pm,1,0.03
1784970300,0x8c73f3701a2a23ec795843fc909513d8259f0943b14a28ee3daeffa12b4a4194,YES,0.97,280,0.05,0,63789.2,63780.99,63795.18304606,8.21,YES,pm,1,0.03
1784970300,0x8c73f3701a2a23ec795843fc909513d8259f0943b14a28ee3daeffa12b4a4194,YES,0.97,280,0.05,0,63789.2,63780.99,63795.18304606,8.21,YES,pm,1,0.03
1784970300,0x8c73f3701a2a23ec795843fc909513d8259f0943b14a28ee3daeffa12b4a4194,YES,0.97,280,0.05,0,63789.2,63780.99,63795.18304606,8.21,YES,pm,1,0.03
1784970300,0x8c73f3701a2a23ec795843fc909513d8259f0943b14a28ee3daeffa12b4a4194,YES,0.97,280,0.05,0,63789.2,63780.99,63795.18304606,8.21,YES,pm,1,0.03
1784970300,0x8c73f3701a2a23ec795843fc909513d8259f0943b14a28ee3daeffa12b4a4194,YES,0.97,280,0.05,0,63789.2,63780.99,63795.18304606,8.21,YES,pm,1,0.03
1784970300,0x8c73f3701a2a23ec795843fc909513d8259f0943b14a28ee3daeffa12b4a4194,YES,0.97,280,0.05,0,63789.2,63780.99,63795.18304606,8.21,YES,pm,1,0.03
1784970300,0x8c73f3701a2a23ec795843fc909513d8259f0943b14a28ee3daeffa12b4a4194,YES,0.97,280,0.05,0,63789.2,63780.99,63795.18304606,8.21,YES,pm,1,0.03
1784970300,0x8c73f3701a2a23ec795843fc909513d8259f0943b14a28ee3daeffa12b4a4194,YES,0.97,280,0.05,0,63789.2,63780.99,63795.18304606,8.21,YES,pm,1,0.03
1784970300,0x8c73f3701a2a23ec795843fc909513d8259f0943b14a28ee3daeffa12b4a4194,YES,0.97,280,0.05,0,63789.2,63780.99,63795.18304606,8.21,YES,pm,1,0.03
1784970300,0x8c73f3701a2a23ec795843fc909513d8259f0943b14a28ee3daeffa12b4a4194,YES,0.97,280,0.05,0,63789.2,63780.99,63795.18304606,8.21,YES,pm,1,0.03
1784970300,0x8c73f3701a2a23ec795843fc909513d8259f0943b14a28ee3daeffa12b4a4194,YES,0.97,280,0.05,0,63789.2,63780.99,63795.18304606,8.21,YES,pm,1,0.03
1784970300,0x8c73f3701a2a23ec795843fc909513d8259f0943b14a28ee3daeffa12b4a4194,YES,0.97,280,0.05,0,63789.2,63780.99,63795.18304606,8.21,YES,pm,1,0.03
1784970300,0x8c73f3701a2a23ec795843fc909513d8259f0943b14a28ee3daeffa12b4a4194,YES,0.97,280,0.05,0,63789.2,63780.99,63795.18304606,8.21,YES,pm,1,0.03
1784970300,0x8c73f3701a2a23ec795843fc909513d8259f0943b14a28ee3daeffa12b4a4194,YES,0.97,280,0.05,0,63789.2,63780.99,63795.18304606,8.21,YES,pm,1,0.03
1784970300,0x8c73f3701a2a23ec795843fc909513d8259f0943b14a28ee3daeffa12b4a4194,YES,0.97,280,0.05,0,63789.2,63780.99,63795.18304606,8.21,YES,pm,1,0.03
1784970300,0x8c73f3701a2a23ec795843fc909513d8259f0943b14a28ee3daeffa12b4a4194,YES,0.97,280,0.05,0,63789.2,63780.99,63795.18304606,8.21,YES,pm,1,0.03
1784970300,0x8c73f3701a2a23ec795843fc909513d8259f0943b14a28ee3daeffa12b4a4194,YES,0.97,280,0.05,0,63789.2,63780.99,63795.18304606,8.21,YES,pm,1,0.03
1784970300,0x8c73f3701a2a23ec795843fc909513d8259f0943b14a28ee3daeffa12b4a4194,YES,0.97,280,0.05,0,63789.2,63780.99,63795.18304606,8.21,YES,pm,1,0.03
1784970300,0x8c73f3701a2a23ec795843fc909513d8259f0943b14a28ee3daeffa12b4a4194,YES,0.97,280,0.05,0,63789.2,63780.99,63795.18304606,8.21,YES,pm,1,0.03
1784970300,0x8c73f3701a2a23ec795843fc909513d8259f0943b14a28ee3daeffa12b4a4194,YES,0.97,280,0.05,0,63789.2,63780.99,63795.18304606,8.21,YES,pm,1,0.03
1784970300,0x8c73f3701a2a23ec795843fc909513d8259f0943b14a28ee3daeffa12b4a4194,YES,0.97,280,0.05,0,63789.2,63780.99,63795.18304606,8.21,YES,pm,1,0.03
1784970300,0x8c73f3701a2a23ec795843fc909513d8259f0943b14a28ee3daeffa12b4a4194,YES,0.97,280,0.05,0,63789.2,63780.99,63795.18304606,8.21,YES,pm,1,0.03
1784970300,0x8c73f3701a2a23ec795843fc909513d8259f0943b14a28ee3daeffa12b4a4194,YES,0.97,280,0.05,0,63789.2,63780.99,63795.18304606,8.21,YES,pm,1,0.03
1784970300,0x8c73f3701a2a23ec795843fc909513d8259f0943b14a28ee3daeffa12b4a4194,YES,0.97,280,0.05,0,63789.2,63780.99,63795.18304606,8.21,YES,pm,1,0.03
1784970300,0x8c73f3701a2a23ec795843fc909513d8259f0943b14a28ee3daeffa12b4a4194,YES,0.97,280,0.05,0,63789.2,63780.99,63795.18304606,8.21,YES,pm,1,0.03
1784970300,0x8c73f3701a2a23ec795843fc909513d8259f0943b14a28ee3daeffa12b4a4194,YES,0.97,280,0.05,0,63789.2,63780.99,63795.18304606,8.21,YES,pm,1,0.03
1784970300,0x8c73f3701a2a23ec795843fc909513d8259f0943b14a28ee3daeffa12b4a4194,YES,0.97,280,0.05,0,63789.2,63780.99,63795.18304606,8.21,YES,pm,1,0.03
1784970300,0x8c73f3701a2a23ec795843fc909513d8259f0943b14a28ee3daeffa12b4a4194,YES,0.97,280,0.05,0,63789.2,63780.99,63795.18304606,8.21,YES,pm,1,0.03
1784970300,0x8c73f3701a2a23ec795843fc909513d8259f0943b14a28ee3daeffa12b4a4194,YES,0.97,280,0.05,0,63789.2,63780.99,63795.18304606,8.21,YES,pm,1,0.03
1784970300,0x8c73f3701a2a23ec795843fc909513d8259f0943b14a28ee3daeffa12b4a4194,YES,0.97,280,0.05,0,63789.2,63780.99,63795.18304606,8.21,YES,pm,1,0.03
1784970300,0x8c73f3701a2a23ec795843fc909513d8259f0943b14a28ee3daeffa12b4a4194,YES,0.97,280,0.05,0,63789.2,63780.99,63795.18304606,8.21,YES,pm,1,0.03
1784970300,0x8c73f3701a2a23ec795843fc909513d8259f0943b14a28ee3daeffa12b4a4194,YES,0.97,280,0.05,0,63789.2,63780.99,63795.18304606,8.21,YES,pm,1,0.03
1784970300,0x8c73f3701a2a23ec795843fc909513d8259f0943b14a28ee3daeffa12b4a4194,YES,0.97,280,0.05,0,63789.2,63780.99,63795.18304606,8.21,YES,pm,1,0.03
1784970300,0x8c73f3701a2a23ec795843fc909513d8259f0943b14a28ee3daeffa12b4a4194,YES,0.97,280,0.05,0,63789.2,63780.99,63795.18304606,8.21,YES,pm,1,0.03
1784970300,0x8c73f3701a2a23ec795843fc909513d8259f0943b14a28ee3daeffa12b4a4194,YES,0.97,280,0.05,0,63789.2,63780.99,63795.18304606,8.21,YES,pm,1,0.03
1784970300,0x8c73f3701a2a23ec795843fc909513d8259f0943b14a28ee3daeffa12b4a4194,YES,0.97,280,0.05,0,63789.2,63780.99,63795.18304606,8.21,YES,pm,1,0.03
1784970300,0x8c73f3701a2a23ec795843fc909513d8259f0943b14a28ee3daeffa12b4a4194,YES,0.97,280,0.05,0,63789.2,63780.99,63795.18304606,8.21,YES,pm,1,0.03
1784970300,0x8c73f3701a2a23ec795843fc909513d8259f0943b14a28ee3daeffa12b4a4194,YES,0.97,280,0.05,0,63789.2,63780.99,63795.18304606,8.21,YES,pm,1,0.03
1784970300,0x8c73f3701a2a23ec795843fc909513d8259f0943b14a28ee3daeffa12b4a4194,YES,0.97,280,0.05,0,63789.2,63780.99,63795.18304606,8.21,YES,pm,1,0.03
1784970300,0x8c73f3701a2a23ec795843fc909513d8259f0943b14a28ee3daeffa12b4a4194,YES,0.97,280,0.05,0,63789.2,63780.99,63795.18304606,8.21,YES,pm,1,0.03
1784970300,0x8c73f3701a2a23ec795843fc909513d8259f0943b14a28ee3daeffa12b4a4194,YES,0.97,280,0.05,0,63789.2,63780.99,63795.18304606,8.21,YES,pm,1,0.03
1784970300,0x8c73f3701a2a23ec795843fc909513d8259f0943b14a28ee3daeffa12b4a4194,YES,0.97,280,0.05,0,63789.2,63780.99,63795.18304606,8.21,YES,pm,1,0.03
1784970300,0x8c73f3701a2a23ec795843fc909513d8259f0943b14a28ee3daeffa12b4a4194,YES,0.97,280,0.05,0,63789.2,63780.99,63795.18304606,8.21,YES,pm,1,0.03
1784970300,0x8c73f3701a2a23ec795843fc909513d8259f0943b14a28ee3daeffa12b4a4194,YES,0.97,280,0.05,0,63789.2,63780.99,63795.18304606,8.21,YES,pm,1,0.03
1784970300,0x8c73f3701a2a23ec795843fc909513d8259f0943b14a28ee3daeffa12b4a4194,YES,0.97,280,0.05,0,63789.2,63780.99,63795.18304606,8.21,YES,pm,1,0.03
1784970300,0x8c73f3701a2a23ec795843fc909513d8259f0943b14a28ee3daeffa12b4a4194,YES,0.97,280,0.05,0,63789.2,63780.99,63795.18304606,8.21,YES,pm,1,0.03
1784970300,0x8c73f3701a2a23ec795843fc909513d8259f0943b14a28ee3daeffa12b4a4194,YES,0.97,280,0.05,0,63789.2,63780.99,63795.18304606,8.21,YES,pm,1,0.03
1784970300,0x8c73f3701a2a23ec795843fc909513d8259f0943b14a28ee3daeffa12b4a4194,YES,0.97,280,0.05,0,63789.2,63780.99,63795.18304606,8.21,YES,pm,1,0.03
1784970300,0x8c73f3701a2a23ec795843fc909513d8259f0943b14a28ee3daeffa12b4a4194,YES,0.97,280,0.05,0,63789.2,63780.99,63795.18304606,8.21,YES,pm,1,0.03
1784970300,0x8c73f3701a2a23ec795843fc909513d8259f0943b14a28ee3daeffa12b4a4194,YES,0.97,280,0.05,0,63789.2,63780.99,63795.18304606,8.21,YES,pm,1,0.03
1784970300,0x8c73f3701a2a23ec795843fc909513d8259f0943b14a28ee3daeffa12b4a4194,YES,0.97,280,0.05,0,63789.2,63780.99,63795.18304606,8.21,YES,pm,1,0.03
1784970300,0x8c73f3701a2a23ec795843fc909513d8259f0943b14a28ee3daeffa12b4a4194,YES,0.97,280,0.05,0,63789.2,63780.99,63795.18304606,8.21,YES,pm,1,0.03
1784970300,0x8c73f3701a2a23ec795843fc909513d8259f0943b14a28ee3daeffa12b4a4194,YES,0.97,280,0.05,0,63789.2,63780.99,63795.18304606,8.21,YES,pm,1,0.03
1784970300,0x8c73f3701a2a23ec795843fc909513d8259f0943b14a28ee3daeffa12b4a4194,YES,0.97,280,0.05,0,63789.2,63780.99,63795.18304606,8.21,YES,pm,1,0.03
1784970300,0x8c73f3701a2a23ec795843fc909513d8259f0943b14a28ee3daeffa12b4a4194,YES,0.97,280,0.05,0,63789.2,63780.99,63795.18304606,8.21,YES,pm,1,0.03
1784970300,0x8c73f3701a2a23ec795843fc909513d8259f0943b14a28ee3daeffa12b4a4194,YES,0.97,280,0.05,0,63789.2,63780.99,63795.18304606,8.21,YES,pm,1,0.03
1784970300,0x8c73f3701a2a23ec795843fc909513d8259f0943b14a28ee3daeffa12b4a4194,YES,0.97,280,0.05,0,63789.2,63780.99,63795.18304606,8.21,YES,pm,1,0.03
1784970300,0x8c73f3701a2a23ec795843fc909513d8259f0943b14a28ee3daeffa12b4a4194,YES,0.97,280,0.05,0,63789.2,63780.99,63795.18304606,8.21,YES,pm,1,0.03
1784970300,0x8c73f3701a2a23ec795843fc909513d8259f0943b14a28ee3daeffa12b4a4194,YES,0.97,280,0.05,0,63789.2,63780.99,63795.18304606,8.21,YES,pm,1,0.03
1784970300,0x8c73f3701a2a23ec795843fc909513d8259f0943b14a28ee3daeffa12b4a4194,YES,0.97,280,0.05,0,63789.2,63780.99,63795.18304606,8.21,YES,pm,1,0.03
1784970300,0x8c73f3701a2a23ec795843fc909513d8259f0943b14a28ee3daeffa12b4a4194,YES,0.97,280,0.05,0,63789.2,63780.99,63795.18304606,8.21,YES,pm,1,0.03
1784970300,0x8c73f3701a2a23ec795843fc909513d8259f0943b14a28ee3daeffa12b4a4194,YES,0.97,280,0.05,0,63789.2,63780.99,63795.18304606,8.21,YES,pm,1,0.03
1784970300,0x8c73f3701a2a23ec795843fc909513d8259f0943b14a28ee3daeffa12b4a4194,YES,0.97,280,0.05,0,63789.2,63780.99,63795.18304606,8.21,YES,pm,1,0.03
1784970300,0x8c73f3701a2a23ec795843fc909513d8259f0943b14a28ee3daeffa12b4a4194,YES,0.97,280,0.05,0,63789.2,63780.99,63795.18304606,8.21,YES,pm,1,0.03
1784970300,0x8c73f3701a2a23ec795843fc909513d8259f0943b14a28ee3daeffa12b4a4194,YES,0.97,280,0.05,0,63789.2,63780.99,63795.18304606,8.21,YES,pm,1,0.03
1784970300,0x8c73f3701a2a23ec795843fc909513d8259f0943b14a28ee3daeffa12b4a4194,YES,0.97,280,0.05,0,63789.2,63780.99,63795.18304606,8.21,YES,pm,1,0.03
1784970300,0x8c73f3701a2a23ec795843fc909513d8259f0943b14a28ee3daeffa12b4a4194,YES,0.97,280,0.05,0,63789.2,63780.99,63795.18304606,8.21,YES,pm,1,0.03
1784970300,0x8c73f3701a2a23ec795843fc909513d8259f0943b14a28ee3daeffa12b4a4194,YES,0.97,280,0.05,0,63789.2,63780.99,63795.18304606,8.21,YES,pm,1,0.03
1784970300,0x8c73f3701a2a23ec795843fc909513d8259f0943b14a28ee3daeffa12b4a4194,YES,0.97,280,0.05,0,63789.2,63780.99,63795.18304606,8.21,YES,pm,1,0.03
1784970300,0x8c73f3701a2a23ec795843fc909513d8259f0943b14a28ee3daeffa12b4a4194,YES,0.97,280,0.05,0,63789.2,63780.99,63795.18304606,8.21,YES,pm,1,0.03
1784970300,0x8c73f3701a2a23ec795843fc909513d8259f0943b14a28ee3daeffa12b4a4194,YES,0.97,280,0.05,0,63789.2,63780.99,63795.18304606,8.21,YES,pm,1,0.03
1784970300,0x8c73f3701a2a23ec795843fc909513d8259f0943b14a28ee3daeffa12b4a4194,YES,0.97,280,0.05,0,63789.2,63780.99,63795.18304606,8.21,YES,pm,1,0.03
1784970300,0x8c73f3701a2a23ec795843fc909513d8259f0943b14a28ee3daeffa12b4a4194,YES,0.97,280,0.05,0,63789.2,63780.99,63795.18304606,8.21,YES,pm,1,0.03
1784970300,0x8c73f3701a2a23ec795843fc909513d8259f0943b14a28ee3daeffa12b4a4194,YES,0.97,280,0.05,0,63789.2,63780.99,63795.18304606,8.21,YES,pm,1,0.03
1784970300,0x8c73f3701a2a23ec795843fc909513d8259f0943b14a28ee3daeffa12b4a4194,YES,0.97,280,0.05,0,63789.2,63780.99,63795.18304606,8.21,YES,pm,1,0.03
1784970300,0x8c73f3701a2a23ec795843fc909513d8259f0943b14a28ee3daeffa12b4a4194,YES,0.97,280,0.05,0,63789.2,63780.99,63795.18304606,8.21,YES,pm,1,0.03
1784970300,0x8c73f3701a2a23ec795843fc909513d8259f0943b14a28ee3daeffa12b4a4194,YES,0.97,280,0.05,0,63789.2,63780.99,63795.18304606,8.21,YES,pm,1,0.03
1784970300,0x8c73f3701a2a23ec795843fc909513d8259f0943b14a28ee3daeffa12b4a4194,YES,0.97,280,0.05,0,63789.2,63780.99,63795.18304606,8.21,YES,pm,1,0.03
1784970300,0x8c73f3701a2a23ec795843fc909513d8259f0943b14a28ee3daeffa12b4a4194,YES,0.97,280,0.05,0,63789.2,63780.99,63795.18304606,8.21,YES,pm,1,0.03
1784970300,0x8c73f3701a2a23ec795843fc909513d8259f0943b14a28ee3daeffa12b4a4194,YES,0.97,280,0.05,0,63789.2,63780.99,63795.18304606,8.21,YES,pm,1,0.03
1784970300,0x8c73f3701a2a23ec795843fc909513d8259f0943b14a28ee3daeffa12b4a4194,YES,0.97,280,0.05,0,63789.2,63780.99,63795.18304606,8.21,YES,pm,1,0.03
1784970300,0x8c73f3701a2a23ec795843fc909513d8259f0943b14a28ee3daeffa12b4a4194,YES,0.97,280,0.05,0,63789.2,63780.99,63795.18304606,8.21,YES,pm,1,0.03
1784970300,0x8c73f3701a2a23ec795843fc909513d8259f0943b14a28ee3daeffa12b4a4194,YES,0.97,280,0.05,0,63789.2,63780.99,63795.18304606,8.21,YES,pm,1,0.03
1784970300,0x8c73f3701a2a23ec795843fc909513d8259f0943b14a28ee3daeffa12b4a4194,YES,0.97,280,0.05,0,63789.2,63780.99,63795.18304606,8.21,YES,pm,1,0.03
1784970300,0x8c73f3701a2a23ec795843fc909513d8259f0943b14a28ee3daeffa12b4a4194,YES,0.97,280,0.05,0,63789.2,63780.99,63795.18304606,8.21,YES,pm,1,0.03
1784970300,0x8c73f3701a2a23ec795843fc909513d8259f0943b14a28ee3daeffa12b4a4194,YES,0.97,280,0.05,0,63789.2,63780.99,63795.18304606,8.21,YES,pm,1,0.03
1784970300,0x8c73f3701a2a23ec795843fc909513d8259f0943b14a28ee3daeffa12b4a4194,YES,0.97,280,0.05,0,63789.2,63780.99,63795.18304606,8.21,YES,pm,1,0.03
1784970300,0x8c73f3701a2a23ec795843fc909513d8259f0943b14a28ee3daeffa12b4a4194,YES,0.97,280,0.05,0,63789.2,63780.99,63795.18304606,8.21,YES,pm,1,0.03
1784970300,0x8c73f3701a2a23ec795843fc909513d8259f0943b14a28ee3daeffa12b4a4194,YES,0.97,280,0.05,0,63789.2,63780.99,63795.18304606,8.21,YES,pm,1,0.03
1784970300,0x8c73f3701a2a23ec795843fc909513d8259f0943b14a28ee3daeffa12b4a4194,YES,0.97,280,0.05,0,63789.2,63780.99,63795.18304606,8.21,YES,pm,1,0.03
1784970300,0x8c73f3701a2a23ec795843fc909513d8259f0943b14a28ee3daeffa12b4a4194,YES,0.97,280,0.05,0,63789.2,63780.99,63795.18304606,8.21,YES,pm,1,0.03
1784970300,0x8c73f3701a2a23ec795843fc909513d8259f0943b14a28ee3daeffa12b4a4194,YES,0.97,280,0.05,0,63789.2,63780.99,63795.18304606,8.21,YES,pm,1,0.03
1784970300,0x8c73f3701a2a23ec795843fc909513d8259f0943b14a28ee3daeffa12b4a4194,YES,0.97,280,0.05,0,63789.2,63780.99,63795.18304606,8.21,YES,pm,1,0.03
1784970300,0x8c73f3701a2a23ec795843fc909513d8259f0943b14a28ee3daeffa12b4a4194,YES,0.97,280,0.05,0,63789.2,63780.99,63795.18304606,8.21,YES,pm,1,0.03
1784970300,0x8c73f3701a2a23ec795843fc909513d8259f0943b14a28ee3daeffa12b4a4194,YES,0.97,280,0.05,0,63789.2,63780.99,63795.18304606,8.21,YES,pm,1,0.03
1784970300,0x8c73f3701a2a23ec795843fc909513d8259f0943b14a28ee3daeffa12b4a4194,YES,0.97,280,0.05,0,63789.2,63780.99,63795.18304606,8.21,YES,pm,1,0.03
1784970300,0x8c73f3701a2a23ec795843fc909513d8259f0943b14a28ee3daeffa12b4a4194,YES,0.97,280,0.05,0,63789.2,63780.99,63795.18304606,8.21,YES,pm,1,0.03
1784970300,0x8c73f3701a2a23ec795843fc909513d8259f0943b14a28ee3daeffa12b4a4194,YES,0.97,280,0.05,0,63789.2,63780.99,63795.18304606,8.21,YES,pm,1,0.03
1784970300,0x8c73f3701a2a23ec795843fc909513d8259f0943b14a28ee3daeffa12b4a4194,YES,0.97,280,0.05,0,63789.2,63780.99,63795.18304606,8.21,YES,pm,1,0.03
1784970300,0x8c73f3701a2a23ec795843fc909513d8259f0943b14a28ee3daeffa12b4a4194,YES,0.97,280,0.05,0,63789.2,63780.99,63795.18304606,8.21,YES,pm,1,0.03
1784970300,0x8c73f3701a2a23ec795843fc909513d8259f0943b14a28ee3daeffa12b4a4194,YES,0.97,280,0.05,0,63789.2,63780.99,63795.18304606,8.21,YES,pm,1,0.03
1784970300,0x8c73f3701a2a23ec795843fc909513d8259f0943b14a28ee3daeffa12b4a4194,YES,0.97,280,0.05,0,63789.2,63780.99,63795.18304606,8.21,YES,pm,1,0.03
1784970300,0x8c73f3701a2a23ec795843fc909513d8259f0943b14a28ee3daeffa12b4a4194,YES,0.97,280,0.05,0,63789.2,63780.99,63795.18304606,8.21,YES,pm,1,0.03
1784970300,0x8c73f3701a2a23ec795843fc909513d8259f0943b14a28ee3daeffa12b4a4194,YES,0.97,280,0.05,0,63789.2,63780.99,63795.18304606,8.21,YES,pm,1,0.03
1784970300,0x8c73f3701a2a23ec795843fc909513d8259f0943b14a28ee3daeffa12b4a4194,YES,0.97,280,0.05,0,63789.2,63780.99,63795.18304606,8.21,YES,pm,1,0.03
1784970300,0x8c73f3701a2a23ec795843fc909513d8259f0943b14a28ee3daeffa12b4a4194,YES,0.97,280,0.05,0,63789.2,63780.99,63795.18304606,8.21,YES,pm,1,0.03
1784970300,0x8c73f3701a2a23ec795843fc909513d8259f0943b14a28ee3daeffa12b4a4194,YES,0.97,280,0.05,0,63789.2,63780.99,63795.18304606,8.21,YES,pm,1,0.03
1784970300,0x8c73f3701a2a23ec795843fc909513d8259f0943b14a28ee3daeffa12b4a4194,YES,0.97,280,0.05,0,63789.2,63780.99,63795.18304606,8.21,YES,pm,1,0.03
1784970300,0x8c73f3701a2a23ec795843fc909513d8259f0943b14a28ee3daeffa12b4a4194,YES,0.97,280,0.05,0,63789.2,63780.99,63795.18304606,8.21,YES,pm,1,0.03
1784970300,0x8c73f3701a2a23ec795843fc909513d8259f0943b14a28ee3daeffa12b4a4194,YES,0.97,280,0.05,0,63789.2,63780.99,63795.18304606,8.21,YES,pm,1,0.03
1784970300,0x8c73f3701a2a23ec795843fc909513d8259f0943b14a28ee3daeffa12b4a4194,YES,0.97,280,0.05,0,63789.2,63780.99,63795.18304606,8.21,YES,pm,1,0.03
1784970300,0x8c73f3701a2a23ec795843fc909513d8259f0943b14a28ee3daeffa12b4a4194,YES,0.97,280,0.05,0,63789.2,63780.99,63795.18304606,8.21,YES,pm,1,0.03
1784970300,0x8c73f3701a2a23ec795843fc909513d8259f0943b14a28ee3daeffa12b4a4194,YES,0.97,280,0.05,0,63789.2,63780.99,63795.18304606,8.21,YES,pm,1,0.03
1784970300,0x8c73f3701a2a23ec795843fc909513d8259f0943b14a28ee3daeffa12b4a4194,YES,0.97,280,0.05,0,63789.2,63780.99,63795.18304606,8.21,YES,pm,1,0.03
1784970300,0x8c73f3701a2a23ec795843fc909513d8259f0943b14a28ee3daeffa12b4a4194,YES,0.97,280,0.05,0,63789.2,63780.99,63795.18304606,8.21,YES,pm,1,0.03
1784991600,0xd0ac330c183a9af4c703e52fca4dd9bca58113dd2c9056a5d9730b30dddaa4e1,NO,0.96,240,0.00,0,64124.6,64149.10969382,,-24.50969382,NO,pm,1,0.04
1784991600,0xd0ac330c183a9af4c703e52fca4dd9bca58113dd2c9056a5d9730b30dddaa4e1,NO,0.96,240,0.00,0,64124.6,64149.10969382,,-24.50969382,NO,pm,1,0.04
1784991600,0xd0ac330c183a9af4c703e52fca4dd9bca58113dd2c9056a5d9730b30dddaa4e1,NO,0.96,240,0.00,0,64124.6,64149.10969382,,-24.50969382,NO,pm,1,0.04
1784991600,0xd0ac330c183a9af4c703e52fca4dd9bca58113dd2c9056a5d9730b30dddaa4e1,NO,0.96,240,0.00,0,64124.6,64149.10969382,,-24.50969382,NO,pm,1,0.04
1784991600,0xd0ac330c183a9af4c703e52fca4dd9bca58113dd2c9056a5d9730b30dddaa4e1,NO,0.96,240,0.00,0,64124.6,64149.10969382,,-24.50969382,NO,pm,1,0.04
1784991600,0xd0ac330c183a9af4c703e52fca4dd9bca58113dd2c9056a5d9730b30dddaa4e1,NO,0.96,240,0.00,0,64124.6,64149.10969382,,-24.50969382,NO,pm,1,0.04
1784991600,0xd0ac330c183a9af4c703e52fca4dd9bca58113dd2c9056a5d9730b30dddaa4e1,NO,0.96,240,0.00,0,64124.6,64149.10969382,,-24.50969382,NO,pm,1,0.04
1784991600,0xd0ac330c183a9af4c703e52fca4dd9bca58113dd2c9056a5d9730b30dddaa4e1,NO,0.96,240,0.00,0,64124.6,64149.10969382,,-24.50969382,NO,pm,1,0.04
1784991600,0xd0ac330c183a9af4c703e52fca4dd9bca58113dd2c9056a5d9730b30dddaa4e1,NO,0.96,240,0.00,0,64124.6,64149.10969382,,-24.50969382,NO,pm,1,0.04
1784991600,0xd0ac330c183a9af4c703e52fca4dd9bca58113dd2c9056a5d9730b30dddaa4e1,NO,0.96,240,0.00,0,64124.6,64149.10969382,,-24.50969382,NO,pm,1,0.04
1784991600,0xd0ac330c183a9af4c703e52fca4dd9bca58113dd2c9056a5d9730b30dddaa4e1,NO,0.96,240,0.00,0,64124.6,64149.10969382,,-24.50969382,NO,pm,1,0.04
1784991600,0xd0ac330c183a9af4c703e52fca4dd9bca58113dd2c9056a5d9730b30dddaa4e1,NO,0.96,240,0.00,0,64124.6,64149.10969382,,-24.50969382,NO,pm,1,0.04
1784991600,0xd0ac330c183a9af4c703e52fca4dd9bca58113dd2c9056a5d9730b30dddaa4e1,NO,0.96,240,0.00,0,64124.6,64149.10969382,,-24.50969382,NO,pm,1,0.04
1784991600,0xd0ac330c183a9af4c703e52fca4dd9bca58113dd2c9056a5d9730b30dddaa4e1,NO,0.96,240,0.00,0,64124.6,64149.10969382,,-24.50969382,NO,pm,1,0.04
1784991600,0xd0ac330c183a9af4c703e52fca4dd9bca58113dd2c9056a5d9730b30dddaa4e1,NO,0.96,240,0.00,0,64124.6,64149.10969382,,-24.50969382,NO,pm,1,0.04
1784991600,0xd0ac330c183a9af4c703e52fca4dd9bca58113dd2c9056a5d9730b30dddaa4e1,NO,0.96,240,0.00,0,64124.6,64149.10969382,,-24.50969382,NO,pm,1,0.04
1784991600,0xd0ac330c183a9af4c703e52fca4dd9bca58113dd2c9056a5d9730b30dddaa4e1,NO,0.96,240,0.00,0,64124.6,64149.10969382,,-24.50969382,NO,pm,1,0.04
1784991600,0xd0ac330c183a9af4c703e52fca4dd9bca58113dd2c9056a5d9730b30dddaa4e1,NO,0.96,240,0.00,0,64124.6,64149.10969382,,-24.50969382,NO,pm,1,0.04
1784991600,0xd0ac330c183a9af4c703e52fca4dd9bca58113dd2c9056a5d9730b30dddaa4e1,NO,0.96,240,0.00,0,64124.6,64149.10969382,,-24.50969382,NO,pm,1,0.04
1784991600,0xd0ac330c183a9af4c703e52fca4dd9bca58113dd2c9056a5d9730b30dddaa4e1,NO,0.96,240,0.00,0,64124.6,64149.10969382,,-24.50969382,NO,pm,1,0.04
1784991600,0xd0ac330c183a9af4c703e52fca4dd9bca58113dd2c9056a5d9730b30dddaa4e1,NO,0.96,240,0.00,0,64124.6,64149.10969382,,-24.50969382,NO,pm,1,0.04
1784991600,0xd0ac330c183a9af4c703e52fca4dd9bca58113dd2c9056a5d9730b30dddaa4e1,NO,0.96,240,0.00,0,64124.6,64149.10969382,,-24.50969382,NO,pm,1,0.04
1784991600,0xd0ac330c183a9af4c703e52fca4dd9bca58113dd2c9056a5d9730b30dddaa4e1,NO,0.96,240,0.00,0,64124.6,64149.10969382,,-24.50969382,NO,pm,1,0.04
1784991600,0xd0ac330c183a9af4c703e52fca4dd9bca58113dd2c9056a5d9730b30dddaa4e1,NO,0.96,240,0.00,0,64124.6,64149.10969382,,-24.50969382,NO,pm,1,0.04
1784991600,0xd0ac330c183a9af4c703e52fca4dd9bca58113dd2c9056a5d9730b30dddaa4e1,NO,0.96,240,0.00,0,64124.6,64149.10969382,,-24.50969382,NO,pm,1,0.04
1784991600,0xd0ac330c183a9af4c703e52fca4dd9bca58113dd2c9056a5d9730b30dddaa4e1,NO,0.96,240,0.00,0,64124.6,64149.10969382,,-24.50969382,NO,pm,1,0.04
1784991600,0xd0ac330c183a9af4c703e52fca4dd9bca58113dd2c9056a5d9730b30dddaa4e1,NO,0.96,240,0.00,0,64124.6,64149.10969382,,-24.50969382,NO,pm,1,0.04
1784991600,0xd0ac330c183a9af4c703e52fca4dd9bca58113dd2c9056a5d9730b30dddaa4e1,NO,0.96,240,0.00,0,64124.6,64149.10969382,,-24.50969382,NO,pm,1,0.04
1784991600,0xd0ac330c183a9af4c703e52fca4dd9bca58113dd2c9056a5d9730b30dddaa4e1,NO,0.96,240,0.00,0,64124.6,64149.10969382,,-24.50969382,NO,pm,1,0.04
1784991600,0xd0ac330c183a9af4c703e52fca4dd9bca58113dd2c9056a5d9730b30dddaa4e1,NO,0.96,240,0.00,0,64124.6,64149.10969382,,-24.50969382,NO,pm,1,0.04
1784991600,0xd0ac330c183a9af4c703e52fca4dd9bca58113dd2c9056a5d9730b30dddaa4e1,NO,0.96,240,0.00,0,64124.6,64149.10969382,,-24.50969382,NO,pm,1,0.04
1784991600,0xd0ac330c183a9af4c703e52fca4dd9bca58113dd2c9056a5d9730b30dddaa4e1,NO,0.96,240,0.00,0,64124.6,64149.10969382,,-24.50969382,NO,pm,1,0.04
1784991600,0xd0ac330c183a9af4c703e52fca4dd9bca58113dd2c9056a5d9730b30dddaa4e1,NO,0.96,240,0.00,0,64124.6,64149.10969382,,-24.50969382,NO,pm,1,0.04
1784991600,0xd0ac330c183a9af4c703e52fca4dd9bca58113dd2c9056a5d9730b30dddaa4e1,NO,0.96,240,0.00,0,64124.6,64149.10969382,,-24.50969382,NO,pm,1,0.04
1784991600,0xd0ac330c183a9af4c703e52fca4dd9bca58113dd2c9056a5d9730b30dddaa4e1,NO,0.96,240,0.00,0,64124.6,64149.10969382,,-24.50969382,NO,pm,1,0.04
1784991600,0xd0ac330c183a9af4c703e52fca4dd9bca58113dd2c9056a5d9730b30dddaa4e1,NO,0.96,240,0.00,0,64124.6,64149.10969382,,-24.50969382,NO,pm,1,0.04
1784991600,0xd0ac330c183a9af4c703e52fca4dd9bca58113dd2c9056a5d9730b30dddaa4e1,NO,0.96,240,0.00,0,64124.6,64149.10969382,,-24.50969382,NO,pm,1,0.04
1784991600,0xd0ac330c183a9af4c703e52fca4dd9bca58113dd2c9056a5d9730b30dddaa4e1,NO,0.96,240,0.00,0,64124.6,64149.10969382,,-24.50969382,NO,pm,1,0.04
1784991600,0xd0ac330c183a9af4c703e52fca4dd9bca58113dd2c9056a5d9730b30dddaa4e1,NO,0.96,240,0.00,0,64124.6,64149.10969382,,-24.50969382,NO,pm,1,0.04
1784991600,0xd0ac330c183a9af4c703e52fca4dd9bca58113dd2c9056a5d9730b30dddaa4e1,NO,0.96,240,0.00,0,64124.6,64149.10969382,,-24.50969382,NO,pm,1,0.04
1784991600,0xd0ac330c183a9af4c703e52fca4dd9bca58113dd2c9056a5d9730b30dddaa4e1,NO,0.96,240,0.00,0,64124.6,64149.10969382,,-24.50969382,NO,pm,1,0.04
1784991600,0xd0ac330c183a9af4c703e52fca4dd9bca58113dd2c9056a5d9730b30dddaa4e1,NO,0.96,240,0.00,0,64124.6,64149.10969382,,-24.50969382,NO,pm,1,0.04
1784991600,0xd0ac330c183a9af4c703e52fca4dd9bca58113dd2c9056a5d9730b30dddaa4e1,NO,0.96,240,0.00,0,64124.6,64149.10969382,,-24.50969382,NO,pm,1,0.04
1784991600,0xd0ac330c183a9af4c703e52fca4dd9bca58113dd2c9056a5d9730b30dddaa4e1,NO,0.96,240,0.00,0,64124.6,64149.10969382,,-24.50969382,NO,pm,1,0.04
1784991600,0xd0ac330c183a9af4c703e52fca4dd9bca58113dd2c9056a5d9730b30dddaa4e1,NO,0.96,240,0.00,0,64124.6,64149.10969382,,-24.50969382,NO,pm,1,0.04
1784991600,0xd0ac330c183a9af4c703e52fca4dd9bca58113dd2c9056a5d9730b30dddaa4e1,NO,0.96,240,0.00,0,64124.6,64149.10969382,,-24.50969382,NO,pm,1,0.04
1784991600,0xd0ac330c183a9af4c703e52fca4dd9bca58113dd2c9056a5d9730b30dddaa4e1,NO,0.96,240,0.00,0,64124.6,64149.10969382,,-24.50969382,NO,pm,1,0.04
1784991600,0xd0ac330c183a9af4c703e52fca4dd9bca58113dd2c9056a5d9730b30dddaa4e1,NO,0.96,240,0.00,0,64124.6,64149.10969382,,-24.50969382,NO,pm,1,0.04
1784991600,0xd0ac330c183a9af4c703e52fca4dd9bca58113dd2c9056a5d9730b30dddaa4e1,NO,0.96,240,0.00,0,64124.6,64149.10969382,,-24.50969382,NO,pm,1,0.04
1784991600,0xd0ac330c183a9af4c703e52fca4dd9bca58113dd2c9056a5d9730b30dddaa4e1,NO,0.96,240,0.00,0,64124.6,64149.10969382,,-24.50969382,NO,pm,1,0.04
1784991600,0xd0ac330c183a9af4c703e52fca4dd9bca58113dd2c9056a5d9730b30dddaa4e1,NO,0.96,240,0.00,0,64124.6,64149.10969382,,-24.50969382,NO,pm,1,0.04
