window_start_ts,condition_id,side,entry_ask,entry_offset_s,swing_at_entry,entered_on_down_swing,target_pyth,final_pyth,resolved_side,resolved_source,won,pnl
1782338100,0xc0b20438b318ec36cfaf4a34ed47ca584288d1ad03cbf4cca0a62bf9b7a89b93,YES,0.98,240,0.00,0,60938.37037976,61022.95441955,YES,pyth,1,0.02
1782338400,0xcf18650bb71f0d2acdcfa5293517f17b087f3438f75d388e0330d7e9bf0f55dc,NO,0.95,283,0.17,0,61014.85977542,60951.79503009,NO ,pyth,1,0.05
1782338700,0x9132b28e5bc6d34e73e69d065d799d36e8d533cfa88e3e579177c3ed1bb1d5aa,YES,0.95,260,0.16,0,60949.72094861,60975.38310686,YES,pyth,1,0.05
1782339000,0xb819dc0478ae61d4b6e1f7da311d06a77e48be240e629c5f6dfe5fedd305d81c,NO,0.99,274,0.19,0,60975.38310686,60907.95544569,NO ,pyth,1,0.01
1782339300,0x600243ec7fb6f2cc315a7d1d07e9a5e4f9ce810d1f38df0ff380de47d5007573,NO,0.95,244,0.15,0,60908.85356273,60832.07854468,NO ,pyth,1,0.05
1782339600,0xf130eff8c038184fe0b4a9d8614cef95763b73a7558908497f8457468a6c3f1f,NO,0.95,286,0.14,0,60834.18000000,60820.52113115,NO ,pyth,1,0.05
1782339900,0xfad48ff3a8412afda370663626db35cfd7cdffea65cdcb6967a57e26ac6ae37c,NO,0.95,253,0.19,0,60820.52113115,60794.20499998,NO ,pyth,1,0.05
1782340200,0x47d0c4a03b2461637ed667c581a669a998ec502f01bf127b5ce91f6133fb79e7,YES,0.95,254,0.27,0,60794.20500001,60821.20525549,YES,pm,1,0.05
1782340500,0xf0ee17b914c78557a3d020e395efd19290a4c9b872050fee6cbe5730c55fc367,NO,0.97,240,0.01,0,60821.45913700,60742.58407994,NO ,pyth,1,0.03
1782340800,0xfe8846d44cdf5e401b2e259a447af76487bb6b52603650272d0926bfc7686f72,YES,0.95,245,0.03,0,60742.58407994,60829.26200650,YES,pyth,1,0.05
1782341100,0xf99eed65d2e48e44d4cd0627cb921b4ca000a25aa66f339c89b00e0fdad14a30,NO,0.99,240,0.01,0,60829.25500000,60737.01500000,NO ,pm,1,0.01
1782341400,0x42c231433cdd19f2780096a7ebcd1ddae96c40597f1f74c68031d9e2ea067552,YES,0.95,276,0.20,0,60737.00500000,60761.07715189,YES,pm,1,0.05
1782342000,0xf5d52a75fe504f3e509accd1cb3a5fc68ab9c35581338c98124271485839411d,YES,0.95,280,0.31,0,60781.46843682,60829.92916833,YES,pm,1,0.05
1782342300,0x9cf722e4f1f08dcbb18a3d23b9c59c1d5bd59898eff93f80866c51e9ae0c04b2,NO,0.95,281,0.17,0,60828.53500000,60801.00233070,NO ,pyth,1,0.05
1782342600,0x90f937138e8d5041090a1a3a0d0e762f6a49cd58e55ab895d7aebdcd4233d61c,NO,0.95,270,0.07,0,60801.20236007,60788.64666263,NO ,pyth,1,0.05
1782342900,0xff18f2fbc3a19a8882e048d56b5b51252e5fec994e57bd4c459be36b93845783,NO,0.95,273,0.20,0,60793.31370879,60751.72598222,NO ,pyth,1,0.05
1782343500,0xef99768b2ae8700c6cb0cb420121d03cff801bc904751a2ac6335a61a0df4a36,NO,0.97,240,0.02,0,60905.90424813,60889.99384151,NO ,pyth,1,0.03
1782343800,0xe31226bd4dffe8819d83cbd951132104a3b9a5e7069e39db57000b1ee9e15c64,YES,0.95,258,0.16,0,60889.99384151,60940.02000000,YES,pm,1,0.05
1782344400,0x3ef098499a041455aee4281222d16a96172e06914b0021bcef7d1fcf481fddf6,NO,0.95,281,0.06,0,60928.68500000,60932.97000000,YES,pyth,0,-0.95
1782344700,0xf2b02e3ede80b87635cb55fd8c3e089a5c10abff87451798bafd5c671352b432,NO,0.95,245,0.04,0,60932.97000000,60908.24207476,NO ,pm,1,0.05
1782345000,0xc643924d32b6e162da7e61ccc9a97b19d8aa511c6e87e56ab1e0b3f1085aafd9,YES,0.95,271,0.22,0,60910.64298673,60963.83686237,YES,pm,1,0.05
1782345600,0x6d57cc86eb93439007b168e8820e419b5da26d5df8adbd61e2ff41a9123eb157,YES,0.95,289,0.38,0,60983.74355640,61003.29812139,YES,pm,1,0.05
1782346200,0x408deac6481330e9cd80dcea2de08272324fd0fcbd995ad47d92ec751b46b165,YES,0.96,284,0.37,0,60968.91704817,61003.63875866,YES,pyth,1,0.04
1782346500,0xa2fda93cc302f100a790f9314d7c9e553e5bbdcfbb3b0a831d64633b82918cc8,NO,0.96,240,-0.03,1,61003.41351852,60891.74304369,NO ,pm,1,0.04
1782346800,0x84704cb3b476bd52c831d16414c792a8f8f804670241ac7ae09d82cec8d02cd7,YES,0.95,242,0.03,0,60892.94465847,60907.79871834,YES,pm,1,0.05
1782347100,0xcc3d76b81c1b931f3756c6e66ffd6bcae95945316268079c9943590762a91a0f,NO,0.99,286,0.13,0,60907.79871834,60826.98500000,NO ,pyth,1,0.01
1782347400,0x38327f41c3fd302fee3f9830f0e274c7917221cbef54259f5d1c8ba5deb9d0d8,YES,0.95,252,0.16,0,60826.98000000,60864.39342307,YES,pm,1,0.05
1782347700,0xb0dbe6cae87f4dca0a3b5ad9901ea9352678cbc6c26183ca5d5c06564bd39f71,NO,0.99,240,0.04,0,60863.65892456,60785.64249999,NO ,pyth,1,0.01
1782348000,0xa51506fbe5fd7054ce91fe91ffd0e7e6105813cd262e866178805245b72556d5,NO,0.95,286,0.11,0,60785.67500000,60747.39500002,NO ,pyth,1,0.05
1782348600,0x0f205ecb59d1ff153103e3ddbf66a2fc7e636e69cb07f1886fbd07cba457886d,NO,0.95,285,0.40,0,60748.71075784,60728.65029632,NO ,pyth,1,0.05
1782348900,0xf151a92aaeaae40bd53931143736bc001744b94952dc40d9c012c04650db78c9,NO,0.98,247,0.08,0,60728.65029632,60724.61499998,NO ,pyth,1,0.02
1782349200,0xc373ad2d24226e31d57bd06e35b466e10b0af5b88b2756156542da9d1ee371e1,NO,0.95,247,0.04,0,60727.00000000,60684.08499998,NO ,pm,1,0.05
1782350100,0x1c574df8b3b4525e705dc24158def1ea7a8c77b8654f90e5c117f62e8e91ae7c,NO,0.95,264,0.16,0,60675.99000000,60690.13000000,YES,pyth,0,-0.95
1782351000,0x2a75508208d5c62955e2e7fd1718ae7f4838b32b4642f5aee06396db17b1b513,NO,0.98,275,0.30,0,60767.07000000,60727.89059862,NO ,pyth,1,0.02
1782351300,0xcb3c68ab5ea1c327797f65b5e8fb140fee77d5e135b9adb8644dbd36ed205192,YES,0.95,262,0.13,0,60729.18374007,60780.12439572,YES,pyth,1,0.05
1782351600,0x7cc1b144f529d10827aa740c443ca25032bef221aa2672e52ffe6a829fd8b36b,NO,0.95,256,0.06,0,60780.00550840,60730.37500000,NO ,pyth,1,0.05
1782351900,0xf36cfe24e6c6f508f5e6f1de2716e85de23f20f8678bd5397497d1fad6890251,YES,0.95,260,0.03,0,60730.43500000,60785.98500000,YES,pm,1,0.05
1782352200,0xef5b30c0fa36baf2986394bda7a5b58bf3ca8a37f6b5af75b7afc5f7c503fa43,YES,0.99,240,0.01,0,60787.06499999,60844.99500000,YES,pm,1,0.01
1782353100,0xf2f3660b845fdaa1684cf428f65734c2e1f70de5051072cdd2ae33ead2116822,NO,0.95,259,0.12,0,60807.25057376,60765.63027375,NO ,pyth,1,0.05
1782353400,0x09bd3593d6bf0ad7b64090ad5282d45537f29d6b360f0be1043d54231315393a,NO,0.99,257,-0.01,1,60770.55000000,60689.41566029,NO ,pyth,1,0.01
1782353700,0x81c7772275f9d4a580dcce5f92bb8568c3d107fcc8349ec216763d8058fcafdd,YES,0.95,268,0.10,0,60689.36000000,60810.18211782,YES,pyth,1,0.05
1782354000,0x108290dfe49a4f8fedf11463c34e90c82c576f1407f43e3346160826f0fe14cd,NO,0.95,245,0.24,0,60811.12020885,60755.42742160,NO ,pyth,1,0.05
1782354300,0x187b629742cf7e05601b9339a1923e3c5d1184af0ee3bd565d347df556084ba9,YES,0.99,240,0.00,0,60754.15510207,60844.18909865,YES,pyth,1,0.01
1782354600,0xce0f211fd6096867f00bc921cafcc5e3deb2ad6d20da0d5df27550e19b5136c0,NO,0.95,240,-0.02,1,60845.13219949,60793.38251501,NO ,pyth,1,0.05
1782356100,0xdc50528ddd95715389bece5e22c3924ab255ac03cc50a796d14fc1536f99e645,YES,0.95,271,0.05,0,60686.38939335,60705.80202434,YES,pyth,1,0.05
1782356400,0xda4193f2043281e40032e7293d9f588083528af727b3fe7c7d5dda4962f7350e,YES,0.95,265,0.20,0,60705.56989605,60718.46000000,YES,pm,1,0.05
1782357000,0xde602e72507fce6c6aa1b4ac15e57930aa52115ae6ac759b18831cb4a87ebe0f,NO,0.99,240,-0.01,1,60726.35894026,60665.81066835,NO ,pyth,1,0.01
1782357300,0xd64b2ce5267698719de20d05b135368962c8a4f1835384f18f0605ccaac199d5,YES,0.95,267,0.04,0,60665.99500000,60741.98499999,YES,pyth,1,0.05
1782358500,0x1a319c35f8523475d9ea5e6b67caf8bda062950ad12d9aa479f2059b74628f4d,NO,0.95,274,0.05,0,60709.26279259,60669.52732092,NO ,pyth,1,0.05
1782359100,0x6245cdfcd7c948204d6414440756d52e56bd57b478cc9ed6d84e9a97588df4af,YES,0.95,241,0.04,0,60651.79459684,60701.23068344,YES,pyth,1,0.05
1782359400,0xccdb781afe691be3bf9326cfcae1f89b389bdc4807c7dd10d6394ba3a6383312,YES,0.95,276,0.06,0,60699.58862363,60756.53000000,YES,pyth,1,0.05
1782359700,0x20f0f37ca4fc9e827fb5778ab91ba13e95cd007f9233d6a4d52020590a120c60,YES,0.95,240,0.02,0,60756.53000000,60787.11761323,YES,pyth,1,0.05
1782360300,0x1ae3c4048572fecf14772e5b418b53700790c6e331b99abbf83d0d7944faf966,NO,0.95,284,0.05,0,60781.09813752,60753.77455866,NO ,pyth,1,0.05
1782360600,0x609a5923c92b9cae2b613c6018f9e28e9b8ef44d5d522c41fec13e5584b3f4bd,NO,0.95,267,0.20,0,60753.77455866,60724.94000000,NO ,pyth,1,0.05
1782361800,0xe432529bd1d7a5f123169718735cdceab99fc3fd7d9bedc44327284ba3ce4098,NO,0.99,240,-0.01,1,60800.59000000,60750.50649488,NO ,pm,1,0.01
1782362700,0x5420c32390049807bfb1c22004b6962ab9ed193c277fca8170c80de86d0e2701,YES,0.99,240,0.04,0,60876.92503007,60970.04687778,YES,pm,1,0.01
1782363600,0x4b792f260531dbb097c783f886340c2a162ace2a8277c54f467e453669a034c6,YES,0.95,245,0.11,0,61258.23000000,61414.00750000,YES,pyth,1,0.05
1782364200,0x2d92dd2c457f9e8443876e699b276100f97c95e297f206f7287be069e869db7c,NO,0.95,247,0.06,0,61587.98500000,61544.22113313,NO ,pyth,1,0.05
1782364800,0x5abcd3075f47302c9943715c6b97ce7d2c42ac5cda8b6f24892caecfba78f7aa,YES,0.97,240,0.17,0,61511.17750000,61591.78536257,YES,pyth,1,0.03
1782365100,0xd556b3a5b88c6aa6e42a37b878fee7fa3e722dbbd595aab3aa5087c913a1d01d,NO,0.95,255,0.12,0,61581.20000000,61514.41226596,NO ,pyth,1,0.05
1782365400,0xcb611427f328fdb3b3b36f17f0a3ebe355db9906fccb45a824854c46f62b26d1,YES,0.95,243,0.12,0,61514.65415921,61550.67503002,YES,pm,1,0.05
1782365700,0x2f3b93309c2ee84ac5616a382f853fd6056625989c1df988702330121a687e41,NO,0.95,263,0.05,0,61552.04203431,61473.24500000,NO ,pyth,1,0.05
1782366000,0x520aa03474de2ca76a7024b6b4b56b90a5a31792e5cce7b9a40ea4b9a0887a62,NO,0.95,289,0.34,0,61473.24500000,61433.69283000,NO ,pyth,1,0.05
1782366300,0x0cc38f0561bfe7fdeff0c0dd556a4985a0e756359eaa7b50675a32d2cb634bf3,YES,0.95,248,0.17,0,61433.99000000,61491.43000000,YES,pyth,1,0.05
1782366600,0xe270e83052ef1b01f49b957754558ab5731b2a06c6fc823b3cf846cadaef65dc,YES,0.95,267,0.09,0,61492.17247186,61523.67499999,YES,pyth,1,0.05
1782367200,0x7b3d515daa9604ba4deb89a68f7b61b304f9eb721ad55cab180d73ae1c8a6053,YES,0.96,250,0.05,0,61498.90000000,61517.64000000,YES,pyth,1,0.04
1782367500,0x84e7ea5e955c0aa85364175576f26b9785680d93ed12f35f08db3b9e0b6ed7bf,YES,0.95,243,0.06,0,61517.64000000,61582.05236648,YES,pyth,1,0.05
1782367800,0x991a019ab08088d58e882856e06e63f94d95360f931b73a17eb73f039c9bb2a0,YES,0.97,240,0.05,0,61583.39303831,61621.98239539,YES,pyth,1,0.03
1782368100,0x2653c019cb6b5f409975987ff21091357cdbc5c8b5d18517fb88e407f0d72f71,YES,0.95,289,0.10,0,61617.66503002,61631.12945319,YES,pm,1,0.05
1782368400,0x5f8d6d8b2828222c8d6888e8bb545496217ce4168d5d3ceaf759892b2654d509,NO,0.96,253,0.07,0,61631.12945319,61568.76057779,NO ,pyth,1,0.04
1782368700,0x077466bffae3e0d9b6ffa1808606d1d8c59a457febf4eb1a4c53e34984788223,YES,0.95,277,0.19,0,61569.41500000,61574.09629693,YES,pyth,1,0.05
1782369000,0xa9fac39378f1931c77909552d07a8571a6fc1a892ca0ed4c9ec9be8706a32d84,YES,0.96,240,-0.01,1,61573.71990480,61618.67000000,YES,pm,1,0.04
1782369600,0xde48eaebfcd630ea6344211ef94385094df84875e24f6824e6572ee8c76ecf6b,YES,0.96,282,0.22,0,61629.15757212,61660.51011634,YES,pyth,1,0.04
1782370500,0xad4ef9f2b3f38cfc03a1f9b4d976b2f510b61af60816e44ece86360c0729555c,NO,0.95,258,0.04,0,61674.60499999,61626.16351534,NO ,pyth,1,0.05
1782371100,0x0fc251ba6df1beff8b471b8668e888babe685f327b3722fdcdff6a6c7613c646,NO,0.96,242,0.03,0,61637.44658253,61660.57574788,YES,pyth,0,-0.96
1782371400,0x77711f47b6979efb1389d510db272a77006ef70c59277aee5e624fc2774e3e76,YES,0.98,240,0.10,0,61660.57574788,61656.32834361,NO ,pyth,0,-0.98
1782371700,0x0cefa72a72e9ce3dc220a0502727a60bfed851faa8b1fc1a45524c2289783ed9,YES,0.95,273,0.14,0,61656.28500000,61746.78000000,YES,pyth,1,0.05
1782372300,0xecdb16e74854078f3470d828b373fe4468441e62a30011495fe12b56b3321165,NO,0.95,271,0.39,0,61743.28000000,61710.30855180,NO ,pyth,1,0.05
1782372600,0x6adb4a0cdca504c1260e4af151cbb9b5902523f80cc5711a4368f9d2a3d66ec7,YES,0.95,250,0.06,0,61710.67340120,61756.20092221,YES,pm,1,0.05
1782372900,0xcc5d0689d615dfba1f33c2fb2933c736ddd45621ba2cf142f2a56411034cf7fd,YES,0.95,254,0.12,0,61756.38000000,61824.13281547,YES,pyth,1,0.05
1782373200,0xb801653e71f2d7d9d91ca024cbb48cbd7840f41dbfd33fbc19e85ece93571f2e,YES,0.95,269,0.18,0,61820.71500000,61825.00000000,YES,pyth,1,0.05
1782373500,0xeb91dad286e032c0ae7fd24af5d49dd73015532a77fb1b1a0cfa9197aeb3e04c,NO,0.95,256,0.10,0,61825.20533986,61751.17500000,NO ,pyth,1,0.05
1782373800,0xe65b00f976c1d8ad207303e0a07dcad9bac68710076d2508c7b7ca92e7a5d71e,YES,0.95,276,0.13,0,61751.23500000,61775.93470713,YES,pyth,1,0.05
1782374100,0x61133725707f74ad84fe9c295a8d837f6e3f275ee72d35da205c536e7b7cbcb6,YES,0.95,240,0.02,0,61775.93470713,61815.17742216,YES,pyth,1,0.05
1782374400,0x44a8508b233599d092d0ac32d539dfa06467fd054af5d1450cb30208738d1caa,NO,0.95,241,0.06,0,61815.43365659,61754.42754406,NO ,pyth,1,0.05
1782374700,0x8ed48efb073828d844092dbc5344291a6d560529b8f5a3c7cf63fd3713a343c0,NO,0.95,240,-0.02,1,61755.34158583,61707.28386222,NO ,pyth,1,0.05
1782375300,0x67d6cf8ccc15930780ecbe92b20ae5bd141ff12ba67e9978b015ae398bb81d2e,NO,0.96,240,0.00,0,61704.85255636,61656.32000000,NO ,pyth,1,0.04
1782375600,0xf9ac96f0c980e9316356e10a0044da771909d1850ba3a8ded27fa8d28d27f313,NO,0.96,268,0.09,0,61656.27505324,61634.92000000,NO ,pm,1,0.04
1782375900,0x77f0cced11627c982ed94e94197f9512746637864b870f1052a100bacf36d43a,YES,0.98,240,0.00,0,61635.11000000,61687.24852888,YES,pyth,1,0.02
1782376200,0xe34117cb9b0fbe2e7a986b62989427f390ddf7fa926ea64de1600c2a010fc27d,NO,0.96,240,0.03,0,61686.13116878,61641.69891017,NO ,pm,1,0.04
1782376800,0xff2b3d7d3be90b8586cc3c151718ed5d9dd11d432cec9931e386e14d07ef2190,YES,0.95,277,0.21,0,61647.20000000,61661.57310015,YES,pyth,1,0.05
1782377100,0xcc7b5451ee4c42782949c589c9352eb749c66e23709ff06a310aff3295fea374,YES,0.95,250,0.15,0,61662.38772604,61695.61636236,YES,pyth,1,0.05
1782377400,0xa33d7ffef408a6ef2a78727b1bff9cd749ad8278faf61cc0fbc58f9e368de894,NO,0.95,272,0.09,0,61697.65251504,61681.54535895,NO ,pm,1,0.05
1782378000,0x79b57929c2fd4fbb236de9ed16c75f73b7c7b0f78fd564d45b23f696de6e4774,YES,0.95,281,0.46,0,61616.39229307,61638.96849891,YES,pm,1,0.05
1782378300,0xfedb11c8c988be816148e5d8e5a729276bdb3f43f39e3f9677689be80013173e,YES,0.95,266,0.19,0,61638.43764952,61657.55499998,YES,pyth,1,0.05
1782379200,0xbff084059738096d2eaa579fcce9da93ae9bd3be3cfcf58f70207a57086a089d,NO,0.98,240,-0.01,1,61638.95000000,61568.50383950,NO ,pyth,1,0.02
1782379500,0x9480f0819acc897a9d693080e5cd554a6589794f357b0e120c665a2db0f1b272,YES,0.98,240,0.10,0,61565.01894936,61599.54499999,YES,pyth,1,0.02
1782379800,0xf913984bc7412de491881048d105b86582e1b30fd58ada4141be815e4ce0173a,YES,0.95,240,-0.01,1,61599.54250000,61638.98250000,YES,pm,1,0.05
1782380400,0xa43ab1cd8e0d976476bdb72c89a7280174dfab4ae30e598b7d1c8a65b249dd12,YES,0.95,280,0.10,0,61638.23626386,61657.88165782,YES,pyth,1,0.05
1782381900,0x9fb9db2992e66a700146786637f6031e90e40c31be8aba35fba39834d377c3bf,NO,0.99,240,0.00,0,61639.04418016,61579.33600442,NO ,pyth,1,0.01
1782382200,0x27366724d553cdd3b0434ba118de8e24c61dcf6fb00b2fd04d59665534d70e8b,YES,0.97,278,0.13,0,61580.18896441,61589.55472808,YES,pyth,1,0.03
1782382500,0xc83bb97a8dcd15bf188de305bd75ecbf51295bf84946f238f175fcc74f179821,YES,0.96,240,0.02,0,61589.55472808,61566.96844428,NO ,pyth,0,-0.96
1782382800,0xe4b3d6f8327451eb1079abde87409bcdb8dd205690f1c79c8ad15e8fa64dcc5e,NO,0.97,240,0.00,0,61567.36629130,61492.08035196,NO ,pm,1,0.03
1782383400,0x0718b35dcd28052da8b7353268027fd015555b94e2b43154db40e73d767118bb,NO,0.95,272,0.25,0,61484.61500000,61463.20499999,NO ,pm,1,0.05
1782383700,0xbe4ff7494b14032310fc2ca891d435a097e9acdc152ac0e75ef2b90016894c82,NO,0.95,276,0.20,0,61458.53195565,61434.21042441,NO ,pyth,1,0.05
1782384000,0x341f663d6e50fdbc88387f6ca6f3c50776e6ad544ea927f70ea9188e23f33df9,NO,0.99,240,0.01,0,61433.90241107,61306.48020038,NO ,pyth,1,0.01
1782384300,0x7e8b5866ab8bcc831d2bf17e90fb8ffbffcb38b22ca8a933e088557647cd4a3e,NO,0.95,279,0.03,0,61300.81336019,61238.67500000,NO ,pm,1,0.05
1782384900,0x964400f37c6fbb4d2d7d5191937defb524a9cda26e2486821f516cbd95689b6b,NO,0.96,240,0.02,0,61251.53750000,61181.22000000,NO ,pyth,1,0.04
1782386400,0xdf02691f288c57e882eae0f19e517732d793c0cdfc24f52ce72f30262fb50b79,NO,0.95,242,0.03,0,61251.71750000,61189.08480707,NO ,pm,1,0.05
1782386700,0x0ff90e1283048f13f7d3dbedb70803d4f06bf9cc18cb1b68d070a292ba5dd274,NO,0.95,266,0.02,0,61189.13539246,61153.16500000,NO ,pyth,1,0.05
1782387300,0xcc2505c1463d072982de969aa0d91f88b6dc94bb7c8e0868153bee177deb7eaf,YES,0.98,240,0.01,0,61168.74453941,61242.61628510,YES,pyth,1,0.02
1782388500,0xd21de4c70d1ab4dc1bae3046968ccbda774a5e7272cfa13b8e22cf3caa73610d,YES,0.99,240,0.00,0,61079.97837600,61188.41740827,YES,pyth,1,0.01
1782388800,0x6a58f0860032c702f007aafdd7794b5ca11235a6c14eaa45145c2dff79ac2c0f,NO,0.95,248,0.05,0,61188.78574454,61150.63934385,NO ,pm,1,0.05
1782389400,0xb21c20ec65ce6ec986637287c6fc1638501e9d06ad146c9ceba61ac5eca2cfd5,NO,0.95,240,0.00,0,61145.72123626,61127.05000000,NO ,pyth,1,0.05
1782389700,0x6e7e77ce62f24eed2ddd9f58bbbfd871f0a7237f36def03d7071100b4c0df78c,NO,0.95,241,0.00,0,61123.78473332,61066.71500001,NO ,pyth,1,0.05
1782390000,0x8ccbae354314635472d488002f4d2aa4699edc32a65eb569c274779138a8a048,YES,0.95,252,0.03,0,61066.71500000,61114.98200204,YES,pm,1,0.05
1782390900,0x502346c80ef167461e2278ee66fb2e2f6811c41e86d9ab9ea96d5aee1ffa45c2,YES,0.95,276,0.04,0,61285.04766797,61322.96867697,YES,pyth,1,0.05
1782391200,0x6eb97059c427c05e8dfa85a4172710e1fd813a85bd812ad045877cbaf02bc4a7,NO,0.95,269,0.06,0,61323.68250000,61282.51026527,NO ,pyth,1,0.05
1782391800,0x79fe34b408420f747b9d616cd7e92f272b141aad7a8dde824ba018206d62a580,NO,0.95,284,0.09,0,61254.74500000,61212.09826407,NO ,pm,1,0.05
1782392100,0xa23f8d450bd4e9f4ccab6ee34ecbc67236bd72ab57b22955fda68ae1b1232f25,NO,0.99,240,0.00,0,61209.18709992,61142.28000000,NO ,pyth,1,0.01
1782392700,0x9970ddc8c1f33eb1442f214e98327494413d0ceff577654845e52d0b0bde4348,NO,0.96,240,-0.01,1,61155.84500000,61123.65000000,NO ,pyth,1,0.04
1782393000,0x508aa74c7f9677f7c1592dae4c36843d1efd1513c28a5f2acaaa5dba710de25b,YES,0.99,240,0.00,0,61125.27500000,61220.35443514,YES,pyth,1,0.01
1782393600,0xc9fb56e696522daa6c198b0bd5c83261e19ddc77cddf4d0227b915796b9b4363,NO,0.95,252,0.03,0,61220.74500000,61146.10000000,NO ,pyth,1,0.05
1782394200,0xe38b5c2bc3ed0243b5a3fd62613d96fbf0447b2ba295af03bf2760762cdfb2ce,NO,0.97,240,-0.03,1,61136.91536645,60915.59637260,NO ,pyth,1,0.03
1782396600,0x6a3382af677262c211bcaf59d98154536b6551504cba53e4ed7c3256c6dcb2ac,NO,0.95,276,0.04,0,59381.08000000,59173.64342909,NO ,pyth,1,0.05
1782397200,0xf71b90616afdae368819b66f18050a446b892304d46ed30615d13b7e1cff4054,YES,0.98,240,0.01,0,59116.13500000,59237.18323595,YES,pm,1,0.02
1782399000,0x63254cc0c779d9c71ef0cd296610cd07a0af1a8553003add0e8ded125826aea2,YES,0.95,257,0.10,0,59403.56957525,59606.09105053,YES,pm,1,0.05
1782399900,0x84492e355628f8b35045cd35616fe9184e6955c71d7c5084f9eb664240d6f8d3,NO,0.95,289,0.20,0,59242.10250000,59195.52485392,NO ,pyth,1,0.05
1782400500,0x737544a34a0afcf886d1e2ee7aab7c30ce0fce8c502d9a4dde9ca513b5d0037a,YES,0.99,260,-0.01,1,58966.62590853,59220.22503003,YES,pyth,1,0.01
1782401100,0x0f4d60a04856595ce04e0aee77ba521dab9f3da60594efb36854f05242240f92,NO,0.95,252,-0.04,1,59274.56753314,59155.52000000,NO ,pyth,1,0.05
1782402000,0x180e231e9acf06da2101de490b2e7bb97563273a9b5d92a135136ad2e731e0bc,NO,0.98,240,0.01,0,59156.38877360,59107.39231186,NO ,pyth,1,0.02
1782402300,0x60ff48b03fd6ff16ae571246a47aa7a4e2c7bf99bc4e8a99ea5404e77813a9c7,YES,0.95,240,0.00,0,59104.26500000,59158.44000000,YES,pm,1,0.05
1782402600,0xa07205dabdc77f6c87480fc369249a4eb3abb625f72f7dc45febf27151de5ab6,YES,0.97,240,0.03,0,59158.57249999,59308.21500000,YES,pyth,1,0.03
1782404400,0x6df07e2b35c163eec2591b5eaa4c4e5fc42e2e5244201a5c220d372f5fd0ac33,NO,0.96,240,0.15,0,59719.21189662,59668.54189998,NO ,pyth,1,0.04
1782404700,0xc1d55798976fd9099852e4503ff46d4ba7c9a2b45878a1e0aec3a627b364a010,NO,0.95,289,0.14,0,59677.86121310,59657.12454009,NO ,pyth,1,0.05
1782405300,0xb767a87bd0035bf9538bdbf82f54955f45fbab143ca6750b12bffebe65f6cb3b,NO,0.95,272,0.13,0,59300.35652076,59256.51907139,NO ,pyth,1,0.05
1782405600,0xf38b96dca2f4fb277519e41ec1dbb1772b9c6f41e7dc7128f575f105f373fff2,NO,0.95,242,0.11,0,59256.71708654,59173.09092713,NO ,pyth,1,0.05
1782405900,0x595d2415cba72cc000276c3f5aa7653e6469a1bae8f267bb9d97cd18ee7d6a43,YES,0.95,278,0.06,0,59173.32761949,59253.10000000,YES,pyth,1,0.05
1782406200,0xe33707e9f3abbdbc53d9592d1c4f88a1a60cd671cdba414f60eab1839a2ab379,NO,0.95,251,0.06,0,59252.98500000,59209.96984197,NO ,pm,1,0.05
1782406800,0x6d0ae8f7484f5556cbd1de473aa2d94cb99b011e1bea0abb458fb98e96494d27,NO,0.98,240,-0.01,1,59222.98750000,59089.30693096,NO ,pm,1,0.02
1782407100,0xa51efa50b9e52de8a473243d971341328a7c855eecfd9ff12bfbb1f583da244a,YES,0.95,261,0.21,0,59088.19606836,59166.44058001,YES,pyth,1,0.05
1782407400,0x6a9e742c493e5c8261e8af462585b22bb795d442c527286a90f89e9699ed753f,YES,0.99,240,0.00,0,59165.65893207,59302.59528418,YES,pyth,1,0.01
1782407700,0x8e6e4fa42887e8374936f8e5562bc54a97745aedba9f220d8ae58d61e5582131,YES,0.99,240,0.01,0,59302.99528418,59331.60000000,YES,pm,1,0.01
1782408000,0x78c08885365c2cf1159b37be903afb5260f24858a6914a7a572ead399adcc0fb,YES,0.95,240,-0.04,1,59331.60000000,59380.70999999,YES,pm,1,0.05
1782408300,0xa20028cd7d852c9691115eaddd503194ac3697cd076d8a53f62eb84bc2b0924a,YES,0.95,251,0.11,0,59378.67772248,59462.88109768,YES,pyth,1,0.05
1782408600,0x973e6e81f17a603d5252444c0e3a592b78bb3524bcd9927e26339cd32934fd5e,NO,0.95,264,0.25,0,59461.42276178,59439.61143192,NO ,pm,1,0.05
1782409200,0xaefd28adc139f483028fc46e5acf746bb98a99d5f4d34c30eacc354d355b415e,NO,0.96,240,0.07,0,59573.21843981,59444.94978923,NO ,pyth,1,0.04
1782409500,0x96f4441e7501761991fdd64b4f015338324e162fd62df85a80258a8caf6ff4dd,NO,0.95,264,0.13,0,59443.88957147,59433.35749679,NO ,pm,1,0.05
1782409800,0xc4b0d22f48f0281ebbd0f0faaa6771dfc428f6976fe9600b3ebaf6ffd824db57,YES,0.98,240,0.34,0,59429.08000000,59504.26712538,YES,pm,1,0.02
1782410100,0x545bfc117996466a0b4e3e90fe19e3ebc240e74365e13edcb0cde6ca30d79bc7,YES,0.95,274,0.05,0,59506.50686362,59583.16912504,YES,pyth,1,0.05
1782410400,0xdb1370799a214e2dda3cb9ef627ebe4a7bae7f24e011d9fa36b1ce59d9eb6e0e,NO,0.96,240,0.11,0,59583.78000000,59580.45767132,NO ,pm,1,0.04
1782411600,0xc59c7e5c63041dc80a23a0938ffda0bf0adf12110459bce8487749b5abefb3cc,NO,0.95,269,0.05,0,59580.70380904,59476.64980261,NO ,pyth,1,0.05
1782411900,0x074771a967ef5b5f4b41dffa842f10bf94ce999c02e16239152dea49a4fcea73,YES,0.97,240,0.00,0,59472.71414450,59624.00750000,YES,pyth,1,0.03
1782412500,0x8cabe919aad71cdfedbeba943be098ba980dc3b77358a1fd4362aa3060de8922,YES,0.95,289,0.39,0,59329.74499998,59346.26278472,YES,pyth,1,0.05
1782413100,0xf424f4b3b3d39064e2564a9fa46952755894b3dbedbb2071b2b882b35b2aff9c,YES,0.95,266,0.16,0,59334.98150921,59383.25178023,YES,pm,1,0.05
1782413400,0xb0b7a05c1b37dd8b38a8fdc2f4993622e21aa5e256e204c96a8b599bc3f41c3d,YES,0.95,243,0.03,0,59390.87649419,59428.00038293,YES,pyth,1,0.05
1782414000,0xe074ff266fd8fe11c65f3926c634595ffa2abbd578e9ba2d3de91941404f9730,NO,0.99,240,-0.01,1,59409.83070672,59300.17000000,NO ,pyth,1,0.01
1782414300,0x78d96db221bad0e1a178ab4bee96993fe9e5b0b0de287de72a72c7b15442bbf0,NO,0.96,240,-0.01,1,59301.07431526,59265.51769853,NO ,pyth,1,0.04
1782415500,0x2dfa2dd6f2f71ca6e9b675a87fed3b374e09111db03eaf629affd8aa35c1f5ec,YES,0.95,243,0.14,0,59153.98249999,59256.56000000,YES,pyth,1,0.05
1782415800,0xd7d8d3c99fc0912f95f39aeaf8ad101480d4dbabb6f8a9ea7dc9fe9b67656912,YES,0.95,282,0.20,0,59253.12125340,59302.57500000,YES,pm,1,0.05
1782416100,0xd26dcb45e0efee9d0db5cdf4a2df009716f7618475ac4487641f3b1e31f886ba,NO,0.98,240,0.07,0,59301.39164927,59267.16000000,NO ,pyth,1,0.02
1782416400,0xddeda54e10a14d9733b5ead5162560f7f9b4c8f96813b5bfb4a8c254e7ec9cca,NO,0.95,257,0.04,0,59272.55249999,59208.98000000,NO ,pyth,1,0.05
1782416700,0xbf9697bcf7f3054199c116c127194fc1abc41270254cf871eff5a603c1f5bb8a,NO,0.99,257,-0.01,1,59207.61937399,59172.95499999,NO ,pm,1,0.01
1782417000,0xbc7ec114eb74c5494c7d3d479888a47434d73ac23e894a78363bca2604b32b4c,YES,0.95,277,0.14,0,59173.93769353,59247.64750000,YES,pyth,1,0.05
1782417300,0xd13d5e622d28361a0ee51ac0cbd78dff2dcf23e6df20e429937ff92aa0321f8a,NO,0.95,264,0.14,0,59250.73002089,59217.58505073,NO ,pyth,1,0.05
1782417900,0xee90821efc94653c995d4583794da5c87e3c033a1e0a24f1f4ee824d2357c750,NO,0.95,254,0.14,0,59631.99500002,59526.48012404,NO ,pyth,1,0.05
1782418200,0x51268f8f58d02cd4e1bec8d00692aa7e52ebabe64f5620740e28dc9bf205c24d,NO,0.98,240,0.02,0,59519.01404226,59476.92000000,NO ,pyth,1,0.02
1782418500,0xac9139c518e392a875f62e63f04cbce8023219154217711edb7fe2231ebd89c6,YES,0.95,263,0.15,0,59476.91000000,59500.58634364,YES,pm,1,0.05
1782418800,0xa9aa5ed2e3acb5ad42bc28a6359883d9b95fa64b309c5f19223848b55c6f4827,YES,0.95,279,0.15,0,59505.01766264,59519.22503448,YES,pyth,1,0.05
1782419100,0xa00759d54a0a1b3f7466dc0987d37540b43c9e81d4cbcc69d36c4bedb4f0a0aa,YES,0.95,285,0.17,0,59522.68000000,59523.28715104,YES,pyth,1,0.05
1782419400,0x0e65bd8f2c35d139a7a6aaf971af2cf90bcdbc0253585f6e57c5df4eb16c2295,NO,0.99,241,-0.008,1,59523.39724479,59440.01770520,NO ,pyth,1,0.01
1782419700,0x36b58df237212e40efc68607e761d1f39f4dd4d6f11448f03065e5fdddd788fa,NO,0.95,265,0.39,0,59439.67285357,59339.61886016,NO ,pyth,1,0.05
1782420000,0xff8f564dd051590689e2036fc8e14cbcb1648e673a55ca39ab48ab03c5956212,YES,0.95,240,0.00,0,59333.03316709,59422.72596002,YES,pyth,1,0.05
1782420300,0xe003a652339da9d78410ee8f744d2ce7fad3b88b5e3cd19dc9a97709fd81cfd2,NO,0.95,241,0.02,0,59421.67406668,59354.47819101,NO ,pyth,1,0.05
1782420600,0x430173992f3fa73db134a2c19d78d60683a38bbd1d0b3d1434e6bf7177197268,NO,0.97,240,0.04,0,59353.64500000,59267.26857387,NO ,pyth,1,0.03
1782420900,0x2df0fb5dbbfc68e012875c61724145fa92f51d75f7e8a1a57589d549aa44a612,YES,0.96,247,0.02,0,59267.26857387,59361.81712087,YES,pyth,1,0.04
1782421200,0x5c6760aa2aa0934cdff18131065bcca70c100abc46876e1d086f2333ec5994d9,YES,0.95,276,0.10,0,59361.87648268,59416.44041218,YES,pm,1,0.05
1782421500,0x81fb0f5a3159c1976ca2a885a9cbfb8343cdffde5db9e2e110bbdc4c9576dc78,YES,0.95,280,0.03,0,59416.99499998,59446.99999999,YES,pyth,1,0.05
1782421800,0x7984111f2bbdc6fa66861f1a05d3a8d269539c7380149e0e086875957ecea53e,YES,0.95,244,0.02,0,59447.04707497,59522.56999999,YES,pyth,1,0.05
1782422100,0xd4dbc40b5c893ec92767b8c27ba97967be2f2051340fc50fcda864ef28b68fa8,NO,0.95,268,0.09,0,59522.66953953,59496.59090874,NO ,pyth,1,0.05
1782422400,0xf1acb32da178bc6f8fb8753898e46b603e492f79452efc68138ec3dc76531f6a,YES,0.95,273,0.23,0,59496.31413945,59535.09819846,YES,pyth,1,0.05
1782422700,0xe4271d15846f82c87fa8a2a5212cef73db03d8dcb90d74faaacaac4d36ee3c68,YES,0.98,240,-0.01,1,59534.63000000,59614.86995561,YES,pyth,1,0.02
1782423300,0x6eb0e43769ae90b25765868cc8f17a9d48a8856764667e53a2463fac35a01ca9,NO,0.95,275,0.18,0,59833.60880155,59817.59342823,NO ,pyth,1,0.05
1782423600,0x38cc51d17aecad82be2e1be70aeeac4d092e0249c09bcfe2f319613c6c026bf5,YES,0.95,285,0.12,0,59817.35253810,59864.17067644,YES,pyth,1,0.05
1782423900,0xb57a60443b7d449cb195bbdc942b160549436f684f2b2dc2a50c305e72b64810,NO,0.95,241,0.09,0,59864.29553371,59814.25000000,NO ,pm,1,0.05
1782424800,0xc0a7c493b4b0fbf3e67233bc52881f4c634760605635d5d0b7f1c19ebf8602da,NO,0.97,240,-0.01,1,60117.29621483,60039.99000000,NO ,pm,1,0.03
1782425400,0xa85c93313f1c68c2d5c7dc36c27e5c44c6aed0cfdc93b46a5f99201ad1b72b60,NO,0.98,240,0.00,0,59894.72017822,59802.67918742,NO ,pyth,1,0.02
1782426000,0x54d488fb232c997efdda4e4491d7db8955c5a5b90ec3dbc6063e979a13298f3e,NO,0.95,266,0.08,0,59794.56064645,59752.18000000,NO ,pyth,1,0.05
1782426300,0xec7fdff0e0b3a6b64d70c6d0e545488aeb26bf7aff2b08fee67f9420874f8aa3,NO,0.95,254,0.07,0,59760.16157897,59699.82500002,NO ,pyth,1,0.05
1782427500,0x447f5bad7dd4b499a8c8e4455a98f9280af1302611d814f0d766579dbdcbc180,NO,0.95,278,0.12,0,59703.98499999,59663.42237835,NO ,pm,1,0.05
1782427800,0x21d3efa261d47c05208e70bdc415134df42a4f38856bc560507841c99dd31c59,YES,0.96,240,0.04,0,59667.18500000,59756.25786859,YES,pm,1,0.04
1782428100,0x0082d1a02641555711853a38fc7b7d25d08896db2c60b5dbe7f220dacbf8d83d,YES,0.95,254,0.17,0,59757.99250000,59752.89740763,NO ,pyth,0,-0.95
1782428400,0xccd93dd89e3120e1324d99c4a16b3a8a020dd39b4a50674e27c866d9a9e92cba,YES,0.96,240,0.01,0,59752.67113880,59827.42814444,YES,pm,1,0.04
1782428700,0x77450e5fd18a92840dc348669ad817eda48b9013afc94600719a94be28d97d78,NO,0.97,240,0.00,0,59827.33000000,59731.20503009,NO ,pyth,1,0.03
1782429000,0x96bab5537c8f4619d4cfa5ee4d6fc46b29bd1f3744d1657b27526d2ebb9c3b49,YES,0.98,240,0.02,0,59727.09570554,59853.77500001,YES,pyth,1,0.02
1782429600,0x5d43e348497a53da04fd778840b4c731a1af2366ff6c34d3eb003d76d887f9fe,YES,0.97,240,0.01,0,59985.20840303,60063.25999999,YES,pm,1,0.03
1782429900,0xca334b5bee30e80607149f3df412a70f302a6c1419c7f961576973ef73a6d0ea,NO,0.95,273,0.13,0,60061.41893314,60007.65999621,NO ,pyth,1,0.05
1782430200,0x50c68949271e862ac70bf55bca74f1e88d40938fc2badc3491f37d2e094a0fa8,YES,0.95,264,0.03,0,60007.80750000,60030.91237116,YES,pm,1,0.05
1782430500,0x953e34839580df1f86da756ce29e11f3a83588f2d7c5a8b5146bbe13c3ad7f35,NO,0.95,256,0.10,0,60031.21996718,59987.24483788,NO ,pyth,1,0.05
1782431400,0x72c83eefb48eb315d61b7b4440ad9894f3bdd50f6eab307af2a0dff7d4c3402b,NO,0.96,245,0.03,0,59798.52796141,59734.24566657,NO ,pyth,1,0.04
1782431700,0xd5a9441e806377e8486d30a1eaa8b2272972aa5db0c6d9444ebc288500f258ca,NO,0.95,284,0.20,0,59734.30958347,59697.39751501,NO ,pyth,1,0.05
1782432000,0xd3806e38bb032bec3cc531f98fcca98e96b166ce6a10300caaa3af6a98f51b1f,YES,0.98,240,0.00,0,59705.52137667,59750.01275764,YES,pm,1,0.02
1782432600,0xe8886d207ed66333cecc751d8071bda8d5052cac4cfb6baee222741563c33447,YES,0.95,278,0.17,0,59777.08503008,59792.21038026,YES,pyth,1,0.05
1782432900,0x47d226fcde9eddece37761401f3ba4655d3d9078be9019c33ffbf754dd2788a3,NO,0.97,240,0.06,0,59792.38561742,59715.80824073,NO ,pm,1,0.03
1782433200,0xa23c4050ef580ff061b54b00310d1b2626412e9257dbfb084e96827a502687b9,YES,0.95,285,0.18,0,59711.82387965,59722.02503009,YES,pyth,1,0.05
1782433500,0x6de4ad63e01072c86722b3c5e5b253d011a74f0e5a3b8263f0c199c2eeb271d0,NO,0.95,255,0.06,0,59717.25500000,59677.14858994,NO ,pyth,1,0.05
1782434100,0xbb180a93bbb7c26ed54ac20bd01ee85ae49ec368943fad7ecf82faeca4132661,NO,0.95,266,0.22,0,59703.26000000,59694.57841498,NO ,pyth,1,0.05
1782434700,0xe3629ce3fddf57c3525da743502444b94d20fea4c59099fbb8ed350d92e06b00,NO,0.95,287,0.35,0,59696.34264302,59680.60500000,NO ,pyth,1,0.05
1782435000,0x291915aa4a849ec694fd12c0b55ecda3ba6135c32c97ca74e281e6b0fd0f865f,NO,0.95,256,0.04,0,59680.60500000,59556.61797612,NO ,pyth,1,0.05
1782435300,0x1f919766e67fcaf08aae2830520c11bdea95107d8260b1c729b7e5a110a6e2bf,YES,0.95,268,0.11,0,59556.26077502,59579.98500002,YES,pyth,1,0.05
1782435600,0xe8ad2682eae50aecadb4879a8c9e60b4d724dac188ba49e4226c5c24bfb9a2e4,NO,0.95,286,0.28,0,59574.52194418,59477.90000000,NO ,pm,1,0.05
1782435900,0x9dbb7f7b708a872a7bb4c621b0fcb24b398e0c57dc3fd4c062ee621bdca999d7,NO,0.95,289,0.22,0,59484.00265635,59464.00868664,NO ,pyth,1,0.05
1782436200,0xbd5dd89b05217fed246aac91df64b659c1decc5ec1d91e4420fdb8f7bbe0fd5b,YES,0.95,265,0.19,0,59464.79000000,59501.31581019,YES,pyth,1,0.05
1782437400,0x206a8d2404dbe2c416860ba9b335d6ca2c3302f1c6d9fbf7fa1db4ef245b2248,NO,0.95,258,0.12,0,59211.16488085,59186.15750000,NO ,pm,1,0.05
1782438000,0x7cb02bdc0d6d3683c68b7c1a38817b744001dbfaf97f217ad7daa8fbbd964bce,NO,0.96,285,0.19,0,59245.29068252,59223.47316523,NO ,pyth,1,0.04
1782438300,0xa1fb9bae6da7d94b918dacbaa098d76a94c77d99c3f4e0468ea8bb827c038056,YES,0.95,249,0.05,0,59223.47316523,59293.79103987,YES,pyth,1,0.05
1782438600,0x89241ce384da75a38ab4f9d2739c82d4baf54fb13872ed1d5d311515c780c5a6,NO,0.95,276,0.23,0,59298.81751503,59295.78341352,NO ,pm,1,0.05
1782438900,0x65d02bfe258007388240601924d6c107ed63fe3906e0a7683b0d555dd244bc5a,YES,0.95,287,0.38,0,59295.78341352,59339.71000000,YES,pyth,1,0.05
1782439200,0xceb70e51a0433b675c953ba1812c4e73c42e4225fcde01e790023b071dabe24b,NO,0.95,275,0.24,0,59343.52500000,59278.24004670,NO ,pm,1,0.05
1782439500,0xbbb212935fe2a45e7cf32345e086b03c266c90f59082ba0c34d1ac39a947f401,NO,0.95,268,0.32,0,59278.42499998,59187.51919776,NO ,pyth,1,0.05
1782442200,0xc3f03ff87f66c7f90f0170c31343b35b3d222c9592259bb603fe0832409a0fdf,NO,0.99,240,0.02,0,58551.19000000,58423.60453608,NO ,pyth,1,0.01
1782442500,0x6c881ccdb9d724a8c8c91839ea0ad3ed4dde25dbc1859355f9068d18059c40a9,YES,0.95,250,0.13,0,58423.18812829,58469.22750000,YES,pyth,1,0.05
1782442800,0x77950744743a327fa528c376fdd37f42dab0140c5b2ed4b1f12fe9d0fb0356ec,YES,0.95,274,0.36,0,58476.90255127,58582.67190929,YES,pyth,1,0.05
1782443100,0x45454c0281a47979043962ffc486828eaf366f6e60c61c60460810e7425f44a1,YES,0.95,279,0.10,0,58586.42354631,58646.29722399,YES,pyth,1,0.05
1782443400,0x5f8f12a4edb916dec1a5e62cd0b965c2d60d3e7efdbf2e72793e6e163c592376,YES,0.99,240,0.00,0,58647.25048175,58814.31000000,YES,pyth,1,0.01
1782444000,0x303a276e02d961a8f4de7d7f68ce4163c00adc39a954cf2c597e5b1a013730d7,NO,0.97,240,0.03,0,58814.12000000,58731.44159051,NO ,pyth,1,0.03
1782444600,0x4f4a017b93dff039d9b035e58fca1264bca5813ccf150682c7ec59309a2b7b81,YES,0.99,240,0.00,0,59003.82877115,59113.58568324,YES,pyth,1,0.01
1782445800,0xeab4010c70a706eefbb818160f600d5a4c2d622efb1056dd93f826f35066d6d4,YES,0.95,252,0.14,0,59622.31413692,59715.77000000,YES,pyth,1,0.05
1782446100,0x0ecf21d0dc7d366fad53f076934b359e869a0fff0ae78b6bedb779f5a01df328,YES,0.96,246,0.01,0,59716.58500000,59943.80000000,YES,pyth,1,0.04
1782446400,0x63cab951a7245a6f73b6e5e26a09e371e2feeeecc1e604537033a6353bf3944e,NO,0.99,240,0.00,0,59945.85160370,59798.27233097,NO ,pyth,1,0.01
1782446700,0xb370b146a744c7e6a44e70e1145ff26650b5f3e4ec44c0515c6efd724bad3d4e,YES,0.99,240,-0.01,1,59790.70372695,59831.03777526,YES,pyth,1,0.01
1782447300,0xb0544f27473b80b8bb66351271f1815710d613054b583d72f89fbc46d88c2b42,YES,0.98,240,-0.02,1,59822.42017752,59978.63432225,YES,pm,1,0.02
1782447600,0x14b0af27ee6bd46f9415f389c3d43f000041dfed116648c6dc43bc1808efa9ba,NO,0.95,245,0.04,0,59976.26763031,59895.39500000,NO ,pm,1,0.05
1782448200,0xf0bb6018001107a0efb876cabc2f4d556473f7785bd7f4d8ff2d85481f215c04,NO,0.95,240,0.04,0,59898.35000000,59810.50863910,NO ,pm,1,0.05
1782448800,0x8798db727e3430ccaa030bbb0623dac19e95f9165c483f79477a0abec431dc8d,YES,0.95,281,0.28,0,59829.88000000,59881.67000000,YES,pyth,1,0.05
1782449100,0x6089a3a884c25a9e1c4de82fb059bd5d0ccdb9f43765f46fc7677fd57a3054dd,NO,0.97,240,0.00,0,59881.69000000,59804.30212722,NO ,pm,1,0.03
1782449400,0x38e7b2699c5c8417e7c4464b00c7aacb4e20fc77fdefb4c40923c312f24bda8a,NO,0.95,267,0.10,0,59804.20860859,59785.04110518,NO ,pyth,1,0.05
1782449700,0xd991a893ace2670f2c0720a15d0fe8cdce2328cb720ed5050c2beaf058012bad,YES,0.95,276,0.12,0,59785.23285211,59829.49204152,YES,pyth,1,0.05
1782450000,0x4f3619ac66707e4e2bfc8238a6664c3f2b8311fd1b488eaace170ba6ef34fe32,NO,0.96,240,0.20,0,59829.49226228,59776.73673879,NO ,pyth,1,0.04
1782450300,0xe6fa5b05b1f93e02a6a59347026ae8646613639bd4d4b9acbaae5884aff2b281,YES,0.95,274,0.11,0,59777.30500000,59774.68783848,NO ,pyth,0,-0.95
1782450600,0x0f4105699a250b46fea43335bb593353d4a574d22e4ca52f3bd4537ea43582e2,YES,0.99,240,0.00,0,59774.68783848,59885.24301572,YES,pyth,1,0.01
1782451800,0xca10545687f2a05971959239ec3f017439538543152fa2e44356cb6edf41a7d2,YES,0.95,245,0.04,0,59872.83564934,59941.71503001,YES,pm,1,0.05
1782452100,0x1dd136599c2adc8f2583091b29c18db11f8eee39e6771e39560b8b8e74d24a9f,NO,0.97,240,0.06,0,59950.62000000,59873.45032785,NO ,pyth,1,0.03
1782452400,0xd8b339b30a864dae5f3097271ff8bd26ea396b8ebd350922a3fc97d93c7766dd,NO,0.97,240,-0.01,1,59872.39118311,59791.15081594,NO ,pyth,1,0.03
1782452700,0x32d4099057979dd0956c3b34725e246989ec451febfb82db4aa9230922f86a23,NO,0.99,276,-0.01,1,59796.20503004,59772.60505916,NO ,pm,1,0.01
1782453000,0x0645fd82daf719e1099e2167bc513c1cb3afb8ee24a2518c1331ed590b0bfd8f,YES,0.95,249,0.07,0,59779.24698852,59841.59249999,YES,pm,1,0.05
1782453300,0xd12a80d4087e9ef706774e25572dfec8916cf1eca9d48fae8df603fa43ab9caf,YES,0.95,286,0.03,0,59841.71593317,59859.92499999,YES,pyth,1,0.05
1782454200,0xdc0ed7cb1aff4ab2c5f93ed7bef93dd7b1ff412bc68bbfa938954889d7ad0d50,NO,0.95,258,0.08,0,59691.46635015,59630.40684647,NO ,pyth,1,0.05
1782454500,0x3dbb5bea3539eefae4b72de7d426b8c7c895166437cb2672301dc5fd74555429,YES,0.97,240,0.01,0,59630.91000000,59728.13905455,YES,pyth,1,0.03
1782455100,0x4cf8c45ffa20039689db33a877516ca38eab2c3a9a2a1e790b297c526bf8542c,NO,0.98,240,0.01,0,59931.27531462,59956.44123272,YES,pyth,0,-0.98
1782455400,0xd411e2e0d5d74a60f838a6a2bae143fe0d160f2d4be26541f0ca670f999846d6,NO,0.95,246,0.10,0,59956.44123272,59887.60776516,NO ,pm,1,0.05
1782456000,0x2bf8f2202b5e0e85531bd57c352bc68412872b92953a207da75778600a51b505,YES,0.97,240,0.05,0,60120.19319906,60304.70889362,YES,pyth,1,0.03
1782456300,0x6461cb20a000fc158e4d366c7bc9935b7b4774272b389fa2d5dde289d62d042c,NO,0.95,257,0.21,0,60303.45500000,60245.84750000,NO ,pyth,1,0.05
1782456600,0xac9670b5aed455bf6c290719ba8fa968ee91533d333d56e33347f681eb19bdfe,NO,0.95,246,0.03,0,60245.85000000,60207.38500000,NO ,pyth,1,0.05
1782456900,0x546d5caac52c29015e9495b4d69d548acd98a54e56a6d9795d10ad0f6e7f6fc8,YES,0.95,288,0.24,0,60207.38500000,60236.04000000,YES,pyth,1,0.05
1782457200,0xbb48bbae4f34e6ba5e2e0aef902f584541b3d7332a668900231f166b2884eb27,NO,0.95,272,0.22,0,60235.52000000,60222.50750000,NO ,pyth,1,0.05
1782457500,0xada22785da44c0d57a0a3a3f36cd46674414f5603be4e8793cf3755d35a22614,YES,0.95,265,0.10,0,60222.57249999,60317.84000000,YES,pyth,1,0.05
1782457800,0x2028ad4cf665c208206ec8bada589195244225603693aaa839a8c5895a6a0a5f,YES,0.95,261,0.13,0,60312.86391446,60421.75101467,YES,pyth,1,0.05
1782458100,0x89fe694868f3a7787893b20295ace4b97ec883a188e163d81f316a398efa3348,YES,0.97,240,0.07,0,60426.10047944,60507.97716738,YES,pm,1,0.03
1782458400,0xdc4e157587265ea31d3ba6c8d77f68d338a33cdbd4ca0cd1b0fe7618126ebd62,NO,0.95,247,0.05,0,60511.57711737,60481.11843416,NO ,pyth,1,0.05
1782459000,0xc03b129b5c683dceab461a6a686db6ff8ad8ecfba362d827e98e999c5dcfe4c9,YES,0.97,240,-0.02,1,60501.09500001,60522.76755268,YES,pm,1,0.03
1782459300,0xe704c8bfb4ed629892dc69aa629f13389e399c8cf9995092afffac7035b2b183,YES,0.98,240,0.01,0,60508.72400254,60631.30709623,YES,pyth,1,0.02
1782459600,0xd26cee061a5b0d0f82fcb2457d5de1bb3334659b47dff621b8d511e56e10a868,NO,0.95,240,0.06,0,60646.98606474,60544.58563979,NO ,pyth,1,0.05
1782459900,0x12fcabe9d92d04e356b895185ee65626e55d30b756d05283673b97952ac8e031,NO,0.97,240,0.03,0,60503.46532965,60441.27500000,NO ,pyth,1,0.03
1782460200,0xa186a495539f303a1dc1f3b1591277b8ae2ef5626c80c7e8e70830731227fe55,YES,0.95,260,0.02,0,60436.44925727,60492.85047488,YES,pyth,1,0.05
1782460500,0xa4661606be319d9faebc4be22d1a357cfe2cf3f77b2ef602cbf677e61ee606c5,NO,0.95,283,0.07,0,60492.54021339,60449.71077812,NO ,pyth,1,0.05
1782460800,0x83e791ab08fba27cd098b580026a9f51ad50827f4acd1f06df4f647142d70260,NO,0.99,240,0.00,0,60437.79373061,60280.78791262,NO ,pm,1,0.01
1782461100,0x44df7592ed8501259c787a8f94a8996204ada4b1dfb3afd8c473eac8cf8e67b4,NO,0.99,240,0.01,0,60283.19373326,60170.28814139,NO ,pyth,1,0.01
1782461700,0x05807f5ca6edf7a99fe32b7e8ce590d5031b31256bd83bf4538acf3e9842a9f7,NO,0.96,240,0.02,0,60180.00000000,60109.50108441,NO ,pm,1,0.04
1782462300,0x0a44f5fde531b79fa6c89cfbcad0a92ecfdd2ec46e7ae4511349cfce78568a64,NO,0.95,261,0.03,0,60242.65500000,60220.73490416,NO ,pyth,1,0.05
1782462600,0xd8242a6169b24ec82408977901bbd979199c694eb5527ef3ee3b0b0717e46bc2,NO,0.99,240,-0.01,1,60220.22750000,60106.10206746,NO ,pm,1,0.01
1782462900,0xe449e4b00b14d6d2fd26f1b385ade630d05103d37d9b817eea0621485f8faf59,YES,0.96,240,-0.01,1,60107.61250000,60146.77707266,YES,pyth,1,0.04
1782463200,0x7e59cbd064d34b30b294106809baa46115cd0f9e9628a24881c111ae6050b7bb,NO,0.95,268,0.07,0,60146.69377501,60118.57500000,NO ,pyth,1,0.05
1782463500,0x3e7fdd7ef5465987659a6123a7691665ec5a2a569f3dc8eedc48cca33cb06c78,NO,0.95,267,0.09,0,60119.79534643,60060.50617981,NO ,pm,1,0.05
1782463800,0x7420d9c15dbe6ee1ace13560c8908f2cdc594f786b880ffe779b6b0c863bda62,YES,0.99,240,0.02,0,60062.31731265,60102.14963891,YES,pyth,1,0.01
1782464100,0x0b76ac6aa29281625c4f40ca360e4509cb0578a92c7e4996e89c03100756dbf0,YES,0.96,240,-0.01,1,60102.15335605,60152.68659789,YES,pyth,1,0.04
1782465000,0x2ccd81b78aff60132f5617a5290a337650655378a59f1e6b258265092363505c,YES,0.95,254,0.13,0,60009.74996468,60082.72449136,YES,pyth,1,0.05
1782465300,0x69f83b9a47593224857a216dc0302551e5033970a30bbd520481bb69581a4bab,NO,0.95,249,0.32,0,60082.73113453,60032.16465217,NO ,pyth,1,0.05
1782466200,0x8b663ef72c7f6560bd0ae9f70c1629acf2abecc60c67bd27be0184d1af590f6e,NO,0.97,240,0.05,0,60040.35000000,59992.77938560,NO ,pm,1,0.03
1782466500,0x0ab5b6f630393c181500112e400c43cec207648c1fd2daad126ebe6ddc3d8909,NO,0.95,275,0.15,0,59998.49870416,59952.30018451,NO ,pyth,1,0.05
1782466800,0x2bde1fe060d60a5fe376ff90db66cacbc788928ba7f00bc73b4bb1be81d27a83,NO,0.99,240,0.00,0,59952.35227484,59912.83500000,NO ,pyth,1,0.01
1782467400,0x1eaf40459995344bddee85375924fd099a7196292ecace2b29c5386adbd5ae3a,NO,0.989,270,-0.010,1,59724.54915218,59702.22000000,NO ,pm,1,0.011
1782467700,0xcfd51fa97da2f5b074f926fe1673f227bce059c140474cc74b73cc92f02d1c4f,NO,0.96,240,0.02,0,59707.05712915,59645.41439233,NO ,pyth,1,0.04
1782468000,0x0a74805efe9d07f36e7cb9ec4ae73faf2c1bb2e5b47776d487c22c53bb87a8fe,NO,0.95,277,0.13,0,59645.10000000,59625.80000000,NO ,pyth,1,0.05
1782468300,0xbf421ac1432f4a873c2f6ba8ee78395be6b1e3f3034450cc96ce109e4e06161f,YES,0.95,282,0.11,0,59631.38092632,59679.98229185,YES,pyth,1,0.05
1782468900,0x94bff806d78973e80b5af968d0e6077dd0b7ad253d4f423444fa0e1b0bb55178,YES,0.95,257,0.08,0,59657.83349434,59658.63000000,YES,pyth,1,0.05
1782469800,0x8baf17198f1a05da2322ae481419162ab7bfcd850e1393bc141e739fe7bf5659,YES,0.95,243,0.03,0,59635.61110194,59683.66750000,YES,pm,1,0.05
1782470400,0x58c4d3fd88cc6c1c5cc17939c773e91f8da596436d2eae4d5b58777de933788f,YES,0.95,253,0.11,0,59406.60853296,59464.80160220,YES,pyth,1,0.05
1782471000,0x878db5ed6a296f75aea46c5b959b8514c71cebba10d16d5e7c3496375cde7ef6,NO,0.98,240,0.01,0,59374.71962781,59275.25000000,NO ,pyth,1,0.02
1782471300,0x5cf0fab107937fbdcfe446415886c4e58ad26426ed88c9de3d7fee39170efce5,NO,0.99,240,0.01,0,59274.66047946,59224.42151844,NO ,pyth,1,0.01
1782471900,0xb3d45ff560fb6ed4a31521ee2af0a937672f24e533796a7631c0910b5bfb0195,NO,0.95,279,0.45,0,59412.60500000,59338.61500000,NO ,pyth,1,0.05
1782472200,0xa032a1131a0e220ce7e9966dedd6771825423e0c19b3b5e3a5ee933618b3f8d0,YES,0.95,252,0.06,0,59335.07210029,59382.14000000,YES,pyth,1,0.05
1782472500,0x5c86adf7e75d2e52135074d480a6d29ee87a04d212cf8ab052309dee46d62e3b,NO,0.95,249,0.04,0,59394.76924793,59372.77000000,NO ,pm,1,0.05
1782472800,0x4372fa013f759cfae43add00c20e5d37c26b2fb910b7337a6b7a4a63f27c43d8,YES,0.95,282,0.10,0,59372.77000000,59374.30904148,YES,pm,1,0.05
1782473100,0x227a1d28cdf56afa17fef2e62c3a0e2304f872075b4058b09b06ef47682ab0c6,NO,0.95,247,0.27,0,59374.30904148,59329.18857109,NO ,pyth,1,0.05
1782473400,0x4914205aa9e570d83ea2fe204a87508fa0e8c1a940a557a91c02bfb4e5cf390b,YES,0.95,263,0.14,0,59329.29193179,59383.69479541,YES,pyth,1,0.05
1782474000,0x0c4f945c729870f660d1d9f1c65c8ef8386276149258df9ee2b99939a0203fcd,NO,0.96,240,0.17,0,59371.50595634,59361.42381973,NO ,pyth,1,0.04
1782474300,0xf82fb3287c917cb7f3aae772326c114019e90d21f9096c53041588c07fbbed81,NO,0.95,258,0.05,0,59360.95197318,59344.71123804,NO ,pm,1,0.05
1782474900,0xe3d690add20eddf998a8c3d6c56c522cb74b0bbd489809cb25c47e58a2ff2d77,YES,0.98,240,0.02,0,59249.52000000,59326.93087388,YES,pyth,1,0.02
1782475800,0xc26f1352ae4dbec941ad703b541fa502d1662c68414b0e8bcd2ca3260622f07b,YES,0.95,268,0.14,0,59349.07272914,59370.67967022,YES,pyth,1,0.05
1782476400,0x736cf6888f2224cb0577f4f7e8dd9e887355c445639b1e93c2aa332a43f7e943,YES,0.95,263,0.13,0,59477.99503007,59518.06210719,YES,pm,1,0.05
1782476700,0xb69c9649446d382e5b606201c705e5347cac5ecbc86ea83291115b327f701ea0,YES,0.95,240,0.01,0,59518.04105359,59636.57973964,YES,pyth,1,0.05
1782477900,0xf18e1439894dbed7a1b9ea188e14bb29410e26f62fc0b7b4c07b64ecee3b76ef,YES,0.98,240,0.00,0,59056.56927802,59141.82960780,YES,pm,1,0.02
1782478200,0xcb030c1a2d17ce560271211695fa8c57699157460f55888bc80a844d2f442129,YES,0.95,240,0.05,0,59141.79559000,59202.41944726,YES,pyth,1,0.05
1782478500,0x91cd242179118f309bcf269e001f61413d66896389b27768ee89e9c80e023544,NO,0.95,265,0.18,0,59200.81783466,59093.95691305,NO ,pyth,1,0.05
1782478800,0x281615eb357ea706b4175f6f6cba6aa1d0beee3bc7312a4a769b5fd8ee838ead,YES,0.95,276,0.19,0,59096.27935122,59105.44236627,YES,pyth,1,0.05
1782479100,0xcbb677363695f8b087d7db24f3f82d883433b1cf75a8da30f1536c1495b4bc24,NO,0.95,249,0.06,0,59105.44236627,58935.15318847,NO ,pyth,1,0.05
1782479400,0x5ede7d617ed7f716e169fb84f08d4a003c0c1f0ace88a2227dea868ecc9925b1,YES,0.99,240,0.00,0,58914.02366880,59002.42595186,YES,pyth,1,0.01
1782480600,0xb5e3d5cf738523b8208b31f12504bbf5feaaec485b54093bd77dbbb86b2ffc5f,YES,0.95,281,0.42,0,58804.49566367,58938.54437100,YES,pyth,1,0.05
1782480900,0xb4a2689fdd2960b18cedca99c2a9852b332f7fbf26fe2396d6476b7fe5e6f565,YES,0.96,240,-0.01,1,58956.07751503,59144.28627627,YES,pyth,1,0.04
1782481200,0x7cf160b1ce9788c1374ff72aa561f776e4702853d5b63d3dbbfa3b35b886b7d7,YES,0.99,241,-0.01,1,59136.48915026,59391.99900208,YES,pyth,1,0.01
1782483000,0x6e6ea4e66ddac4537fe2f02b496fe425903105c99e8ba0ce3936aab8b0a1549c,NO,0.95,282,0.07,0,59952.61040874,59899.02000000,NO ,pyth,1,0.05
1782483300,0x260488e3ab29fed1ef7a1bd728bed023d3a80f81217b53a542342c2d5cb33e7b,NO,0.95,266,0.14,0,59895.70227142,59735.22749552,NO ,pyth,1,0.05
1782483900,0x8257e78023c8b628c4e51beb9e8780753d1a7dc107285ed79e714f3db1d48e55,YES,0.99,240,0.08,0,59965.88512278,59971.04485520,YES,pyth,1,0.01
1782484200,0xdb4666f9a7ce0d8d84f0ca9ba0e7cd0f925b22a5c6f02b8b17e7f2d8b9f35381,NO,0.98,240,0.00,0,59969.89370294,59773.06491908,NO ,pyth,1,0.02
1782484500,0xc6378aa3f99fc76d932dba140b7c2957cbd37a28bddc0757851cb6f20fae7524,NO,0.99,240,0.02,0,59771.65856662,59528.84233423,NO ,pyth,1,0.01
1782485700,0x56f794116522ab471ad06ee5ea39b1cdadafedc519acfde0c7faaea3a9696ed9,YES,0.95,254,0.06,0,59477.71013943,59507.59372035,YES,pyth,1,0.05
1782486000,0xa3f31257e7b04458de89694002a12e6d0fa460f4ac5441622dc70174a044bbc5,YES,0.99,256,-0.01,1,59504.97987972,59564.31655768,YES,pm,1,0.01
1782486300,0x4463250fb7ec49dc5a6b0d05092221901534198606211483f324fa34d318479d,YES,0.96,240,0.05,0,59568.85000000,59979.24394383,YES,pyth,1,0.04
1782486900,0x08bc19650f71120f0a32d1bccce664424b1dd8ce2996370dc12e09bcab4a07b3,YES,0.95,250,0.07,0,59746.04383536,59873.68961516,YES,pm,1,0.05
1782487200,0x1088b87f8a38cc7c6498e0d0878fd27cc82db74c829cdf2738c7a326ee4e5271,YES,0.98,240,0.01,0,59868.87000000,60107.11503003,YES,pyth,1,0.02
1782487800,0x5133f8e6c48bff20ec0f119be3c65a779d7aaf452921da0fa1ba87c5f0524516,NO,0.95,286,0.01,0,60095.25500000,60074.03499999,NO ,pm,1,0.05
1782488700,0xef693c7c9bc1b40029ef552de0633fba6e0b7e904381f02ad0f8b7b4b2cc961c,NO,0.95,243,0.07,0,60339.45000000,60266.71201198,NO ,pyth,1,0.05
1782489000,0x543a3af7f0933220d8bd01ddfcdf7e394fe90d780244f76e565925f19835f000,NO,0.99,240,0.04,0,60262.82278836,60177.69000000,NO ,pyth,1,0.01
1782489300,0x46e94bfb7ebce140c2f35a768ff810f4361c2b49fb45c3600fd6b79404262877,YES,0.95,267,0.07,0,60180.48293757,60242.90622950,YES,pyth,1,0.05
1782489600,0xf598f95995f5dd085126fd3c20050714693ecc1846535b3ae55495e3f31ba3c6,YES,0.96,240,0.00,0,60241.92284708,60320.22707652,YES,pm,1,0.04
1782489900,0xd714b713abe3946d167bd89a1815e6fb597827a53033b02c4127c22bee812839,NO,0.99,240,0.00,0,60313.30100927,60169.78030393,NO ,pyth,1,0.01
1782490200,0x783ac080c648a876e427a35fdebb4f26ee5e8d468ccb906112740ddd7f199fe5,NO,0.96,240,0.03,0,60157.81305884,60083.13026707,NO ,pyth,1,0.04
1782490500,0xb9a01ee6a9d45f2db9845dba45184bb57a3ff0980e590d63eacc888687bd4ab9,NO,0.95,261,0.19,0,60084.05768733,59996.13380893,NO ,pyth,1,0.05
1782490800,0x8d98ea8e2974d30f8e77b2bc19ad05490a4d9c1a08d5db220a54cf029fe8f210,NO,0.95,289,0.25,0,59993.21000000,59940.57691019,NO ,pyth,1,0.05
1782491100,0xf0f1392b96b75d9fe3ac288090e48cbc27d13084eead18d8c4aa6a77489915db,YES,0.95,247,0.05,0,59931.50056400,59953.38761474,YES,pyth,1,0.05
1782491400,0xefeddc27cec63cc5c087dc15d1c2013c8fe7ca5367d9fe8b61e8187494212b07,YES,0.98,240,0.00,0,59953.38761474,60196.77121936,YES,pm,1,0.02
1782491700,0xb90b3a3737002df94e8cc72c886abaff7f28c27792e45baab0b25dad3bdf69b7,NO,0.96,240,0.04,0,60203.01249999,60126.88133764,NO ,pyth,1,0.04
1782492000,0x4271152577505d88a4d6edd873a5162e1ec9f88992c91d166dec3c232540f0c1,NO,0.95,247,0.10,0,60132.51500002,59972.60452241,NO ,pyth,1,0.05
1782492300,0xb8035ae901171bafc84c51f7729e08625a82f4dde0c58a5114f4097a7f933323,YES,0.95,249,0.07,0,59973.87000000,60063.75000000,YES,pm,1,0.05
1782492600,0x57d44ab077092911fbb54e96e63a125ebb10cb095e1428a7e0ebd992ac1cef0a,NO,0.98,240,-0.02,1,60055.11500000,59995.74741168,NO ,pm,1,0.02
1782492900,0xb8ce30ac7a646c956a8a34a5541cd3ea95ab3aeab8b622289af2f1e4ecf670bd,NO,0.95,270,0.30,0,59995.98000000,59957.17654055,NO ,pyth,1,0.05
1782493200,0x6108976cd3cf88b3a43feec5a2f055c3f056d7647c225d39d39a29f64372dab0,YES,0.99,240,0.01,0,59950.27491151,60064.80321337,YES,pm,1,0.01
1782493500,0x87389b5d430584f759b875bddc8c5ce9d32d5845dab4cc83055814e12c84edbb,YES,0.95,254,0.23,0,60064.62301896,60142.90241795,YES,pyth,1,0.05
1782493800,0xfbeb02dd3b0919c47a0fcfcd96def1811b3a269af52cf3551dbc6352dea8c595,NO,0.95,257,0.03,0,60153.50480983,60117.32500000,NO ,pyth,1,0.05
1782494400,0x2a0f71aeacdd7d45e3ead7ab532e365a2c1fcdb7b1250a38baf39f31297a5c22,YES,0.95,285,0.22,0,60025.43174436,60031.66000000,YES,pyth,1,0.05
1782494700,0x374b270819953dbe1617e5213d7b9e01c974fcb58eaf72980301ceda3a96af5e,YES,0.98,240,0.01,0,60025.24551379,60087.73799756,YES,pyth,1,0.02
1782495000,0xc325125fd48c85e8de6e07dfda333eada331d4a750724e431deeae89fbba7ce2,NO,0.95,282,0.14,0,60087.44850901,60044.90510928,NO ,pm,1,0.05
1782495600,0x236368d4900fe0b973368da25ff0b91c979efe2059a250a685b057d5edd8a25b,YES,0.97,240,-0.01,1,59923.21542519,59976.92894824,YES,pyth,1,0.03
1782495900,0xdae0fdcaf8655ee88982c2642ce6e0bb10996d5c56c2a744d56657126feed34c,NO,0.95,257,0.13,0,59974.22784982,59938.58229192,NO ,pm,1,0.05
1782496200,0x87d9e43f52b43497580c6822a43b0b8c30ddc096574c1151e4009a3af7cda25b,NO,0.96,252,0.11,0,59938.25000000,59952.90059844,YES,pyth,0,-0.96
1782496800,0x5f2e91f11d0a100090c802bd59a58efc0f6eb52418442d91ddd1df52a74d8039,YES,0.95,243,0.11,0,59934.94378526,60014.71162708,YES,pm,1,0.05
1782497700,0xc5a56d929a7fa1aa7e92a269fc46c6bd02a8d8818859720e753184f7030533e7,NO,0.99,240,0.01,0,59996.53416100,59927.39227213,NO ,pm,1,0.01
1782498600,0x74ec65112aa025ff313c17b0802c89268adac03ea6bed89e6749da409aef999b,YES,0.95,245,0.16,0,59739.98500000,59770.20500000,YES,pm,1,0.05
1782498900,0x95501bc001a5110f16ded3abb04372832a7d802689c30d2caf3de3354b6e0410,NO,0.99,240,0.01,0,59770.21000000,59675.47384199,NO ,pyth,1,0.01
1782499200,0xde6c10b9ba1bfc5de30a5309a5fd6922317754b457bfc8a4a05b082434fcbcc4,YES,0.97,285,0.10,0,59675.39290678,59685.17104397,YES,pyth,1,0.03
1782499800,0xd36f44636865a3dffc0a0ef9cc8d0cc79e6927fa8a3c11f2acc6f5dbf4509bd9,NO,0.96,240,0.03,0,59599.98000000,59540.13235439,NO ,pm,1,0.04
1782500100,0x7903ca2a1af836a34584b7cfaf15634fa8ae128ec9f2716bd7ff7907c02721b7,YES,0.95,283,0.19,0,59542.70438078,59574.33847829,YES,pyth,1,0.05
1782500400,0x9951a5b646eb9a62df8734865e3c19d318395ec93fa78b4aaed7804c81f7d9ae,YES,0.95,255,0.15,0,59577.37124412,59595.44195706,YES,pm,1,0.05
1782501000,0x999a7da3f3fe2fd41c0ccb343ca0515530bf6749462e09165565db2c81577ec5,NO,0.95,281,0.11,0,59970.50000000,59925.89000000,NO ,pyth,1,0.05
1782501300,0x7de14f27b40294dac9146d1ac5b624334c0749abdcbcb34f06bf603c0b9c796f,NO,0.96,269,0.05,0,59925.89000000,59895.12647540,NO ,pm,1,0.04
1782501600,0x3052b8a92c020c7a41cf0238f105335db204007a0994e2374dd21aef975488ba,NO,0.98,240,0.01,0,59894.34031643,59826.16366336,NO ,pyth,1,0.02
1782503100,0x218b3f350a3f198820cc53bea8bcafff705e9e838aed3e54f4a6e19bed39a673,NO,0.95,267,0.14,0,59793.12918145,59776.49514572,NO ,pm,1,0.05
1782503700,0xa262ff7173da4e67270693a332ea71517b277120a26ca9792dc30d7ae827fdfe,NO,0.95,283,0.35,0,59786.98750000,59747.99816593,NO ,pyth,1,0.05
1782504000,0x3aa04cbf7547e9acf20254e630d1c9617590206508947d778d9f9a919c2bc53c,YES,0.97,240,0.01,0,59681.50500000,59729.38423463,YES,pyth,1,0.03
1782504300,0x642f2d9e77e6b1e094f959d3d34a72213a6d0b516e764f6797a6eb7da4aba59c,NO,0.95,268,-0.04,1,59722.13292930,59603.58665222,NO ,pyth,1,0.05
1782504600,0xf3bd125495fb093bb2c194366e0d1a2e969d05b6bb5789ba18cd67fb59f1dec9,YES,0.95,279,0.20,0,59604.11707579,59634.13124849,YES,pyth,1,0.05
1782504900,0x551aea106f4edba81c9bcf00aaca58683b35bb2febae7c17b90a99e824745137,YES,0.95,240,0.01,0,59634.34000000,59687.04734610,YES,pyth,1,0.05
1782505200,0x3752d9b1eca52c6107a7f148663649dde4496aea4bdecd0ac70ab511382d4bc6,NO,0.95,240,0.00,0,59687.04112988,59671.08268845,NO ,pyth,1,0.05
1782505500,0x73a1aecf65b02346bdfd722e13846d271c1682ddc6cfad72cd41c54ec9116ed5,YES,0.95,287,0.12,0,59670.96898825,59689.02245739,YES,pyth,1,0.05
1782506100,0x4a8734911e1bb336d1cb599eb09e3e165892acf11d109855ab0caf54c92ddaaa,YES,0.96,250,0.11,0,59557.00935940,59578.63814407,YES,pyth,1,0.04
1782506700,0xbbc960693efe15fe0096b0c970e2c1a737feda350eb2b8709bef8c10f339d7db,YES,0.97,240,0.04,0,59562.58978143,59643.24000000,YES,pyth,1,0.03
1782507600,0x331764d62443dfec447ef8ca0441114e0bf7d17a939bf7a68d1f7f2c11b10fe3,NO,0.95,244,0.12,0,59624.86003912,59593.97249999,NO ,pm,1,0.05
1782507900,0xbac304cc204266a7e29f81e6a21ed7d4a06535b704f7ae9c491d3ee259c4bbc7,YES,0.97,240,0.02,0,59593.85331205,59660.13220066,YES,pyth,1,0.03
1782508500,0x79ad71af58922c6c6f088ff7a1e4b24c453d8bb9f49b840e2f39cdad9373713e,NO,0.98,240,0.01,0,59672.54373283,59621.24156520,NO ,pyth,1,0.02
1782509100,0xa39878974e4e28c49c5d39c41ce41357f835802b64b16ed5e5f4cfad2c2a192d,YES,0.96,257,0.07,0,59711.65832908,59784.00500002,YES,pyth,1,0.04
1782509400,0x754a2f2013be548c98700a7df866a1148c315382726df3e2a7d336e196cc242c,YES,0.96,240,0.01,0,59784.00499999,59807.57015576,YES,pm,1,0.04
1782509700,0xeaf778fd70b0da7b5d31f5801fd28718e50a6fdff04421b62f86e182c782f9aa,YES,0.95,287,0.23,0,59806.87000000,59810.13665786,YES,pyth,1,0.05
1782510300,0xb03cd3e389d09be97333d2bb4a5d36b7f9f8fa8038bf0dbe9f23ebc0f74a9c93,NO,0.99,243,-0.01,1,59931.71082284,59843.66463839,NO ,pm,1,0.01
1782510600,0x6b7dcad79d60ebd5abfe3428136070443b12174e716b9125d5d1d16957f02fed,YES,0.95,246,0.06,0,59849.27527445,59885.21425536,YES,pyth,1,0.05
1782510900,0x1cb92f7be71b25428ff12fe4ce2f76ededa48c89ef9f9665f44088ec8f2613db,NO,0.95,240,0.01,0,59885.67661277,59830.67344121,NO ,pyth,1,0.05
1782511200,0x24b8e9e404bba2c37a4643cad5763e1719e2a47f93852c9d5af5cf661785138a,NO,0.99,240,0.02,0,59829.13386450,59694.79268848,NO ,pm,1,0.01
1782511500,0x5290dc37815f3356383c83a5c17030fb8fdf43a092fd0f8544a6f71751c5622e,YES,0.99,240,0.01,0,59703.66000000,59776.17500000,YES,pyth,1,0.01
1782511800,0xf935a8bf34846d8b24374d59b17bd6ae0c01b2e360b24e32af2d1bc42b83fb50,YES,0.95,241,0.07,0,59780.81500000,59827.32768126,YES,pyth,1,0.05
1782512100,0x5d1f139b408f0b67c81062ef7738464072ce6637f9a910316a9e17350f4f260c,YES,0.98,240,0.01,0,59826.96667256,59875.01000000,YES,pm,1,0.02
1782512400,0x1be485919b4d3322c647d572b30930b878e7d3a1da019b38a39c3a93049aafe8,NO,0.95,269,0.06,0,59878.35751500,59845.14813852,NO ,pyth,1,0.05
1782512700,0x16a88568c06f0a0b31877c2040525c1117af807f45435abc051dc9e954011714,NO,0.95,261,0.15,0,59844.72406926,59811.03776349,NO ,pyth,1,0.05
1782513000,0x4bec0fa7a94f3b46247f2784c7fe38fded18f53ea879dd12f92af098ebefccb5,YES,0.95,285,0.31,0,59806.40225786,59825.72486532,YES,pm,1,0.05
1782513300,0xe28911e0ed4d42c04a41935c8de8119cfe91c9a2bfbcec0b290443636b2d4eb1,YES,0.95,267,0.02,0,59825.26994023,59865.44960689,YES,pyth,1,0.05
1782513600,0xcd001bcba0b6e7310ed4a3e5936144ade88ac5a799576ad46879aa7154325fa4,YES,0.95,257,0.08,0,59866.38182609,59880.78226759,YES,pyth,1,0.05
1782513900,0x12dca237a92223fa66f0bd52594c0ecdfaf05e98de2ba0d0eecdf234cd20d52f,YES,0.95,289,0.57,0,59880.60758445,59890.36965969,YES,pyth,1,0.05
1782514200,0xe283e2a213dad4f58d65028a1cf0a24411b739850b5b344a1e02b113dd6a6f41,YES,0.95,252,0.06,0,59888.78154028,59951.65000000,YES,pyth,1,0.05
1782514500,0x957cdd9a7ae5c44720f0aba01b9bfb48a5588553f48ddbac8774eee207cc8405,YES,0.95,242,0.03,0,59952.61430017,59959.63000000,YES,pyth,1,0.05
1782514800,0xf2f01db97b19e026a96b877d232cbc03c327c7e7fc54750345a7cb1b8739ac5a,YES,0.95,241,0.12,0,59956.39898680,59998.72633354,YES,pm,1,0.05
1782515100,0xfc52c7e266d3f3669732fd6d59eb5428ce08d9d303ee51b53ef66a407ad40d68,NO,0.96,274,0.04,0,59998.17083569,59982.31250000,NO ,pyth,1,0.04
1782516000,0x0dad95e38f009e4560059dce30d482aae33589866f12a638e1dfc5d174bf1360,YES,0.95,252,0.06,0,59906.66116076,59965.98286070,YES,pyth,1,0.05
1782516300,0x3e9aea2e68489b945378bf35daa88afd080041c0a526c606dcd4fefe1782bea1,NO,0.97,240,0.00,0,59966.22035797,59889.59924993,NO ,pyth,1,0.03
1782516600,0xe4bb3e8d8f5a5801887281f236675c404bf037b4d304c90e1d8d9d16eb3f88c5,YES,0.95,253,0.07,0,59888.49555841,59916.61156977,YES,pm,1,0.05
1782517200,0x31e9cd47f21f08be5b3b2a426ece9e786da41bd9d630e56178fc51e8d9bf0d40,YES,0.96,240,-0.02,1,59952.82500000,59980.00000000,YES,pyth,1,0.04
1782517500,0x83328a9aedf84ed775d43dd0bda01917f67eac521ef94f49845b50be08fbc43e,YES,0.95,269,0.21,0,59980.00000000,59995.27637774,YES,pm,1,0.05
1782518400,0x99c6406e76fd757d86b13f2c5f0c95b8d135b4ef781f4811fbde68a7ac7782cc,YES,0.95,283,0.24,0,60013.34898229,60024.86500001,YES,pm,1,0.05
1782518700,0x907591084425efb184ebfd51e1666439df59db1f88b6772a5385af6ecbf0413e,YES,0.95,265,0.06,0,60024.86499999,60050.46000000,YES,pyth,1,0.05
1782519000,0x594e1fc17126ec5c501ec0941f29c357e6d48b6e877ca66bc60f16c2be16534a,NO,0.95,272,0.11,0,60050.25497463,60029.88243999,NO ,pyth,1,0.05
1782519300,0x4b4673e1ecec76372b5b8926a329240c95fb78d22a437aab607de2adab7f2807,NO,0.95,276,0.33,0,60030.00500000,59999.05587324,NO ,pm,1,0.05
1782519600,0xb2b883201933a74afc05369c076fec0ec63576fb81d0d1616a0c04d47e7ea6d1,NO,0.95,240,-0.01,1,59999.22882109,59957.99250000,NO ,pyth,1,0.05
1782520500,0x30a91d78dbb555ad7eabdf6c98d8df7b467eb4725574900530097f575fde6f05,YES,0.95,243,0.13,0,59828.07057068,59884.61786900,YES,pyth,1,0.05
1782521100,0xe92dbb033b46adb51696c0b66f7a392f547ab19cefce9a6d578ad9fb6f664206,YES,0.95,259,0.11,0,59888.37251501,59961.91306676,YES,pm,1,0.05
1782521400,0xcdea8ce7b2c01458e09ad7ca06da1deecf3555f10f1a911966dc76edc482de70,YES,0.95,280,-0.04,1,59967.80000000,59976.47213856,YES,pyth,1,0.05
1782522000,0xaf97862d11e366eb39f90f95a1c7ab9e2d2a9b023d00685a4aebaa2b48072615,NO,0.99,261,-0.01,1,59974.75241039,59881.16000000,NO ,pm,1,0.01
1782522900,0x568a9814fbfca195ffe84ff53de6e07a8e60ae7842cfdc8d9716e4261584db6b,YES,0.95,276,0.06,0,59883.41000000,59906.40981258,YES,pyth,1,0.05
1782523800,0x82ad05905e06caa5da9e89a565ce46774c5b856371b1e4400926688e4e6c18ef,NO,0.98,240,0.02,0,59908.54774448,59891.15000000,NO ,pm,1,0.02
1782525000,0xd2c2c7fa03c2cb35281827a17b280a0e4f5385ffcadabd667e6892ecbe6bd0b7,NO,0.95,255,0.12,0,59875.02492898,59859.93000000,NO ,pyth,1,0.05
1782525600,0x5bbe21bb7f287ac7b2efd5d34d8aff1ac0722f3b812247e7d3d0d6bf914fac4a,YES,0.96,240,0.08,0,59858.01452397,59899.65831685,YES,pm,1,0.04
1782525900,0x3546be737b3168f835b62c6846329abd94d33362914351b1628de4358959ea9c,YES,0.96,280,0.20,0,59899.38207965,59949.30724503,YES,pyth,1,0.04
1782526200,0x091bb68bcbc042ea46d7a7ec1a6c35df186c4456b4a2e872fef39bcb944763e4,YES,0.95,240,0.03,0,59952.04263484,60025.00249999,YES,pyth,1,0.05
1782526500,0xa9155949a345c367ee4c70441236416ce98a634d432f0783f2d686abfbe7c6cd,YES,0.95,275,0.10,0,60025.00499999,60049.35751504,YES,pyth,1,0.05
1782527700,0x10bb8824830577bc3d35ec1c55e7f73f48db4886ec37a1a6ef66f58dbbdc2978,NO,0.95,247,0.00,0,60225.36503006,60201.08000000,NO ,pyth,1,0.05
1782528600,0xe5e33bb4d039b9680a3c32c51487d95941129ed1a6982ce02d3eacfb78e5d318,YES,0.98,240,0.03,0,60183.05324281,60262.73000000,YES,pm,1,0.02
1782528900,0x54080dc87004d66ea0f99c41e9ea8f3d617acfa908ccca82180b6dadb1a974d6,NO,0.97,240,0.01,0,60261.69026852,60194.51008132,NO ,pyth,1,0.03
1782529500,0xce5a2b0ec79d9c7c040753b07402f6df09d8888004c4f4d6d77163d26939b233,NO,0.99,240,0.01,0,60183.14322602,60118.94500000,NO ,pyth,1,0.01
1782529800,0xd1ab7815b3b68d89eda3db0c27937f3fd7662006506b7f7507dc430e844c27c5,NO,0.95,243,0.05,0,60118.94500000,60081.08729759,NO ,pyth,1,0.05
1782530100,0xfc5e3ec7a9fff6f10cf5e694811c1facbed2c0908f38bc69b6635b0fb807e048,YES,0.99,240,0.01,0,60080.69504387,60174.93895811,YES,pm,1,0.01
1782530400,0xaf276ca453005118cb8c8ba52fb0889439dd95561b67fdb8ccef371d6109550e,YES,0.97,240,0.13,0,60175.17872954,60225.08500000,YES,pyth,1,0.03
1782531900,0x85445dedbff52c91c0a1ff74a2564df206bef6d88654acf7e54b34c1fe633162,YES,0.95,258,0.24,0,60217.86281481,60255.21397818,YES,pm,1,0.05
1782532200,0x6277a02ca65b4ab4fa5e1d2988cdeb80c9c2186db2d6bc97514f5d5ffe8b7784,NO,0.99,240,0.01,0,60255.18206998,60171.25000000,NO ,pm,1,0.01
1782532500,0xb353ff6effe9cc2cf45e38daaf261c88fc0208ce8776afc259f577b1d6457891,YES,0.95,240,0.03,0,60171.25000000,60212.59783973,YES,pyth,1,0.05
1782532800,0xf1a6598a7854650407f73c708063be29787f7006a90c4aec0d184a3af538153a,YES,0.95,240,-0.02,1,60212.60421594,60259.90151165,YES,pm,1,0.05
1782533100,0xb99f449b8db4bfaaa36c25e9cdb3d9682a4975d62b89af045eece217760f6e64,YES,0.99,240,0.00,0,60260.43069453,60313.24000000,YES,pyth,1,0.01
1782533400,0xf01b3af595585cae53faa939d49fe3179b8edd220d066d618c940f91c3c2dec1,YES,0.95,243,0.11,0,60314.16144844,60318.33112743,YES,pyth,1,0.05
1782533700,0xe782717c03fa50d324f06c546cbc7a1606e8a5bb8971b19aa29bb9bd37ab33b8,YES,0.95,248,0.11,0,60318.07489293,60336.58249999,YES,pm,1,0.05
1782534300,0x97dd6518bd16ca6bd77269f1d69d1ae7b00ec48a885d313b5d3a675e82da999b,NO,0.96,240,0.01,0,60360.99500000,60304.36633781,NO ,pyth,1,0.04
1782534900,0x1a863651faa8105397fe61de6bf54d59f375a821e3886827c0a6468b57f126a7,NO,0.99,240,0.01,0,60339.12896723,60282.42500000,NO ,pyth,1,0.01
1782535500,0x211025dcbde71283e4bdef4db4b02e2a72b5a5dd990051e424dd4901da1c416d,NO,0.95,243,0.03,0,60282.42250000,60233.33000000,NO ,pyth,1,0.05
1782535800,0x7c97139f75571a9485d79e5d12c1584f13855f7977406f00c57a3545cf6cf8df,NO,0.95,240,0.10,0,60233.16249999,60197.03000000,NO ,pyth,1,0.05
1782536100,0x9b83af2d1aa9d283e01d0d872c84df7823bff23c0d96a1f3bd087b41d6ea2f3f,NO,0.99,240,0.00,0,60197.03000000,60149.26442703,NO ,pyth,1,0.01
1782536400,0xca2bd532dae89cd6409b82783d6ec3feeeec7481c794ed0df06c71de664905bb,NO,0.95,245,0.68,0,60149.99000000,60117.14215083,NO ,pm,1,0.05
1782536700,0x4ecc667b69ca9c579f0b78c53a4e204996b775358874b75863de7fb545ccb719,YES,0.95,240,0.01,0,60116.76503006,60182.45429928,YES,pyth,1,0.05
1782537000,0xc6e9e55f525b668f6c476c2ee76115b30f403f406515e142116fc33fb50d4313,YES,0.95,240,0.10,0,60181.33625565,60214.94099060,YES,pyth,1,0.05
1782537300,0x1b991f5b9d9aeed7f349eb1c5aefa22909b4f54906ff9265f6d8411565f35ae1,NO,0.95,240,0.03,0,60215.10388829,60173.01528945,NO ,pm,1,0.05
1782537900,0x9f941978762f09142d4dc1a68f487f26eeced244acb5cb5d5fe79e2fcac4cf7c,NO,0.99,240,0.03,0,60177.41610358,60070.25000000,NO ,pyth,1,0.01
1782538200,0x2ecfab08964a88c45cc71b45be37157519a5d0fd2a36c486e022b7dd10f312de,YES,0.95,248,0.18,0,60070.86284228,60126.52251503,YES,pyth,1,0.05
1782540000,0x132fa8efd2f5e5411e1130aba77ca4c7aec30cb92d3e94cffed69ad6f4df4f59,NO,0.981,240,0.011,0,60144.88900770,60095.09199887,NO ,pm,1,0.019
1782540600,0x6a26f88b46a075ca200f26d7269ab67d1ffe676cbfcf2f02ef703974422de1a6,NO,0.96,240,0.00,0,60078.67877934,60057.71497227,NO ,pyth,1,0.04
1782540900,0xdc04f279e97de662ed549041934d48e3ef4cf57840d05a000019081949420842,YES,0.95,240,-0.02,1,60057.77000000,60085.71500000,YES,pm,1,0.05
1782541200,0x2fe69624f8380215ebbefabc9ce2db9caef1bb57f8e7763387ac56426122f314,YES,0.96,240,0.00,0,60085.71249999,60123.52938085,YES,pyth,1,0.04
1782541500,0x83900742755ccb6593d219470fc884ee261e7606e372da5a06d2bc4a62068e4f,YES,0.95,262,0.16,0,60123.64138836,60114.29750000,NO ,pyth,0,-0.95
1782541800,0x83953790f8af69c755aa3f3c37a8b5ce78907d3d89e69dff994a54582b02cbf2,YES,0.99,243,-0.01,1,60114.29500000,60218.92043760,YES,pyth,1,0.01
1782542100,0xbe996be347119f897fdac4c7ac925e3792431f2a37500a89870ab1dea738c00d,NO,0.95,269,0.12,0,60218.43072241,60302.46537285,YES,pyth,0,-0.95
1782542400,0x65f60e61a580b80f0930e6b3d1b7ec24fc1df9d858766412cb13b1a90cf998ed,YES,0.95,287,0.08,0,60299.77000000,60318.17718139,YES,pyth,1,0.05
1782542700,0x4248393405c1aca46df09b70c7cab8cae52b98cd3ccfa6d048e33c6d348a7941,YES,0.97,240,0.00,0,60318.05584267,60368.13500000,YES,pm,1,0.03
1782543000,0x07ebe1a0c9c7c5528b0d2adda232036151bbe1508879ce7c52c0783187a2fb94,NO,0.99,240,0.00,0,60361.31408603,60270.16122725,NO ,pyth,1,0.01
1782543300,0xd157c30b5fd9522d2d3c2f24c099102eeb7ed55e87b7ebb7b924d6f3291d01b7,YES,0.95,283,0.03,0,60269.68121508,60279.19371263,YES,pyth,1,0.05
1782543600,0x7abc6aef696c429caca36da0f9c180f57a771247d4f3a30c7bfffeb694bbc196,NO,0.95,279,0.06,0,60280.14047407,60249.99251503,NO ,pyth,1,0.05
1782543900,0x09205272a9845cc72b169dce94ebff27aaab28d5e3cd5842be74debd27c29b10,NO,0.95,258,0.03,0,60249.99000000,60228.17044694,NO ,pyth,1,0.05
1782544500,0x6519f4057a12d201ef02cc3753d75c4aa9a538500629a8888a96ad67baeb437f,YES,0.95,283,0.05,0,60226.94016604,60233.97500000,YES,pm,1,0.05
1782544800,0x07d48e190b81b40be289d8fba60b1f48b59bc64e3d091e12a1fe3acf70043a66,YES,0.99,247,-0.01,1,60233.97500000,60320.70753814,YES,pyth,1,0.01
1782545100,0x8e8f62f424edbc88cc38b17e2c6dd0ef7253cc56c28136b37ef6c782e864e22e,YES,0.95,259,0.04,0,60320.74314989,60335.11991290,YES,pyth,1,0.05
1782546300,0x3b14521e2d8582b467488af27a3c98f07a1e476e0305afa1ee789f762c0efc4a,YES,0.97,240,0.03,0,60349.10867284,60404.78129035,YES,pm,1,0.03
1782546600,0x9d5376d452f29a9baf029f15ec4e6455a40b9916fab09199b90911ba70dd9b80,YES,0.95,279,0.45,0,60404.69181021,60421.52457207,YES,pyth,1,0.05
1782546900,0x223a5124a767c3dd84612f587f98743c40f984253a592a4d4a5c35f171289f8e,YES,0.95,251,0.09,0,60424.67500000,60452.07920194,YES,pyth,1,0.05
1782547200,0xa00ff6ea7b45928cb80bee5d5b9f8191f10557f04283aa70809c501dd9815889,NO,0.99,257,-0.01,1,60452.22749836,60375.93405914,NO ,pm,1,0.01
1782547500,0x6d719652e2f1d5fd2f0c924086357bd0a99faba2dfe7b101d9a262ad4fcd21a5,YES,0.95,253,0.03,0,60376.60486545,60416.92249999,YES,pyth,1,0.05
1782547800,0x4ed8e8331bf69a94a9d32a08839265201c98679c1d595591cfc0d47efba087b2,NO,0.95,240,0.02,0,60416.92000000,60385.38000000,NO ,pyth,1,0.05
1782548100,0x38bfd8ca84e4502c2db4bc21291f0fad2b0ae5e2f34b7d30e8326d9c58bae35d,NO,0.95,255,0.02,0,60390.78160052,60358.39625387,NO ,pm,1,0.05
1782548400,0x8e73388e4175c5239e64de7805af348d28c2e810a2396fbaf9082c540f75a0a6,YES,0.95,262,0.10,0,60358.33589547,60373.74335557,YES,pm,1,0.05
1782548700,0x2f39a62810505803cc7ce3440ac206b5fa0959f7df0449ee68f6f83397b04104,NO,0.95,253,0.26,0,60373.59315273,60356.40000000,NO ,pyth,1,0.05
1782549300,0xe285b0427269a428fa30c083a3be34c77656a6e66f6696d47c4f1b738bfe0b95,NO,0.99,240,0.005,0,60355.09519720,60313.74878321,NO ,pyth,1,0.01
1782549600,0x1f9ebd2c9016b3cb08967fcf8f7359a73e35489864fd95edc467d0a578eb04f7,NO,0.97,240,-0.01,1,60312.99005392,60282.31428043,NO ,pyth,1,0.03
1782549900,0x0b59e138848f0cbaf0bd4ec6bd2f20b0a8ff934eb198f2335f24810197d0c174,YES,0.99,240,0.02,0,60281.73804291,60322.57820021,YES,pm,1,0.01
1782550500,0x032461f0f00467f44579d149d37b64e84c530328c9943ba2e721a387d4018e72,NO,0.97,240,-0.01,1,60396.01499999,60360.91309347,NO ,pyth,1,0.03
1782550800,0x469af2a0b72664687f8ee9a6507b68a8d550d224f72394cc379c542aa3c598b5,NO,0.96,269,0.02,0,60360.94654673,60353.79904045,NO ,pm,1,0.04
1782551100,0xa1405b1df38f4c791960b59ee34bf3da23b86720c07748569a6a06b61c3a3bb5,YES,0.95,270,0.12,0,60351.78918008,60362.29105347,YES,pyth,1,0.05
1782551700,0xb23a852db2660c229726b10b675737368e743aebd8d5d92e9d3c249c92a33bc0,NO,0.95,249,0.02,0,60270.16331894,60238.64577891,NO ,pyth,1,0.05
1782552300,0xded731eeb347ed08f30b4471d0bde80e7915ad55b9216809ef32621478bd1fc0,YES,0.95,241,0.03,0,60238.55180780,60274.31859632,YES,pyth,1,0.05
1782552600,0x77ebe95e465fe2ceda89699a364654ba455013da76979a83f18583af3a31d41e,YES,0.99,259,-0.01,1,60274.22041129,60332.19500000,YES,pm,1,0.01
1782552900,0xbaacb2e27b2d51722cb3289301bfdf1eb129072dc306e042a7f673d0f98d72bf,NO,0.95,267,0.10,0,60332.20000000,60315.68893679,NO ,pyth,1,0.05
1782553500,0x777ecf6827b58d6d3c95c53817a60c1be2c98d5c70c8c05af73ba205dd327e91,YES,0.96,270,0.13,0,60304.98499999,60308.65000000,YES,pm,1,0.04
1782554100,0x7612e04ebdb29c977e239a8265da23dabb4492c819190e45749026e282799ac6,YES,0.95,278,0.08,0,60317.66000000,60328.41500000,YES,pyth,1,0.05
1782554700,0x6c64670dbcb98c9147d593a7170759a0dc5550b28bf508ec9cdd043a5bbbbd8c,NO,0.95,264,0.28,0,60338.66000000,60331.92000000,NO ,pyth,1,0.05
1782555000,0x41f1569225470791878ffef6497f1ce4f238144140b1f565934660bb57729c67,YES,0.99,240,0.00,0,60331.41721626,60382.98250000,YES,pyth,1,0.01
1782555300,0x700cf4fe3e1dd0cf516700507452c3186ddd9ef71bb3037f4e581012b7166725,NO,0.97,240,0.01,0,60382.98499998,60372.53499999,NO ,pm,1,0.03
1782555600,0x23b2c8baf686e251432729afd930cd7a19cfffda92c3bb7e180d7c01caed3054,YES,0.97,240,0.01,0,60372.71611759,60394.68093473,YES,pm,1,0.03
1782555900,0x55eade8027372d4d02d8e730c352fba1d2cb54cf86ed7c14a8d10af2dd4d340a,NO,0.98,240,0.00,0,60394.92706064,60367.71168989,NO ,pyth,1,0.02
1782556200,0xdd124ad44192df25987ea02e1380aefbdbbb803c3962a2e7efc069a8ecf8c9de,NO,0.99,240,0.00,0,60367.98499998,60335.94540958,NO ,pm,1,0.01
1782556500,0x136db9884371c5a96822f960fa23660c144c139b86a60c14271957022d1d740d,YES,0.95,262,0.07,0,60335.97557766,60350.49262179,YES,pyth,1,0.05
1782556800,0x015200449e256693dd4537d6053d00053d891bb93141219304e36d6346102d79,NO,0.95,243,0.16,0,60351.68804392,60333.52785636,NO ,pyth,1,0.05
1782557100,0xc21dc1ce2428f3ffd230b1b3007939b234955f62e07352674f04a23cb146aebf,NO,0.97,240,0.01,0,60333.52785636,60321.36133122,NO ,pyth,1,0.03
1782557400,0x72c9c78fd3be6e40cd6e7ce07ef2b8bec3bd16784138b17147338ca2a494a776,NO,0.97,240,0.00,0,60320.98836942,60292.33438947,NO ,pyth,1,0.03
1782557700,0x59730a1a346b40596aaca65648060e43e6d6a7e7635589574530e901d0e57d9b,YES,0.98,240,0.00,0,60292.42146975,60324.49437289,YES,pyth,1,0.02
1782558000,0xc900a88f641ed5148de0ae9986b99da4e158c3895cd711ad3af77643ecf6307f,YES,0.99,240,0.01,0,60324.46369681,60341.34662449,YES,pm,1,0.01
1782558600,0x6054d1aed906397fccd99ee4938391cef80cd63b764f53a826df4e970572718f,YES,0.96,286,0.10,0,60302.54272758,60307.00500000,YES,pyth,1,0.04
1782559200,0xefef44f1099dc6b98b4e559c964622de5fc91382577cd12a6d428f5c8dc7dfc5,YES,0.95,288,0.02,0,60234.42631138,60243.25470546,YES,pyth,1,0.05
1782559800,0x3e0f6942071c63436a98d3e3d8406824b2e08826ce5864101de90a8bec7732a7,YES,0.97,240,0.00,0,60170.74989657,60196.81761868,YES,pm,1,0.03
1782560400,0xf707f663ce70296cb2a100789c49494e916295b8522082006ee26cca38352aa9,YES,0.95,240,-0.03,1,60146.43251504,60174.08513533,YES,pyth,1,0.05
1782561000,0xa3d8c0157dba4aa4a8026415c8ae43ed8a5e70144ef9de2acbac0fe519a6d22b,NO,0.95,260,0.22,0,60263.98500000,60259.86583471,NO ,pm,1,0.05
1782561300,0xb63d73c1b5b06ea5c62b3429d705a6527505d33b070bdefef29efbd28a3fa88d,YES,0.95,247,0.05,0,60258.72037514,60270.63249999,YES,pyth,1,0.05
1782561600,0x04537b0076303f58fb14cae84c95ff6c1cacae1416762fe55be2a1e257a5df25,NO,0.99,240,0.00,0,60270.63000000,60246.55499999,NO ,pm,1,0.01
1782561900,0xfcecf0cb67c8c983efdc957438578992dde7095d01730f956bc724782a4ee966,NO,0.97,240,0.00,0,60246.73573965,60240.31500000,NO ,pyth,1,0.03
1782562200,0xcd1fe546f9b25146828ca9d5db38f8d979a9f0be075b1ec1ead7a0415fb8f7eb,NO,0.99,240,0.01,0,60240.31250000,60197.36372832,NO ,pyth,1,0.01
1782562500,0x2e0ca89badfdea397461fbfaed3bdcf0885b232d841c48276f4d30daedcb721c,YES,0.95,268,0.08,0,60197.06146943,60203.97603146,YES,pyth,1,0.05
1782562800,0x0fb0d5632a92a23c3726824451b79d9fac6bc91ba38387ee4cc7d32c5dc6c514,YES,0.95,245,0.11,0,60203.37226735,60214.74543332,YES,pm,1,0.05
1782563100,0xa896350f42d4a374f69a5484d28d40f0b85aa30f83746d45c5d41db3c100e3d9,YES,0.95,258,0.05,0,60214.74543332,60243.39048654,YES,pyth,1,0.05
1782563700,0xf73f7bc6d8ba0b4eb006e353a0fc683dc4a7a2485eb6a4d728a05f02fa6a072a,NO,0.95,274,0.23,0,60244.18621661,60218.94648174,NO ,pyth,1,0.05
1782564000,0x26370c69282d6988a1d356c06a9eb26d53de005960ad0a45bf7b467a88054a70,YES,0.95,244,0.02,0,60219.07733923,60234.71087188,YES,pyth,1,0.05
1782564300,0x95a859e48253ca7be8fc6dcab3df8c718d3a5133046cb9c1ade9568461fa56e0,YES,0.95,255,0.07,0,60234.61439236,60250.06308360,YES,pm,1,0.05
1782565200,0xbf978466db13eaec8d786263bc08085ea8e3f637c45e11b8b4a2664aca422e64,YES,0.96,275,0.12,0,60331.62579750,60330.98500000,NO ,pm,0,-0.96
1782565500,0xef44eec42826a9ef38b42482852fac725e17cce3e33a4dfd22247f8c8d342b6a,NO,0.97,240,0.06,0,60330.98500000,60328.62480702,NO ,pyth,1,0.03
1782566100,0x80498b62cee4adccb25e3a668863741c1d9521f867ab9a5507f370b862f6a3f6,NO,0.95,253,0.30,0,60333.68242977,60334.28819685,NO ,pm,1,0.05
1782566400,0xd31c28fafc7742761856b39799480349eb7b6097d356c49846de052212b610b6,YES,0.95,241,0.02,0,60334.28819685,60362.16979899,YES,pyth,1,0.05
1782567000,0xe475f5454ad95f61be30489dc149f9aa96acc9c11f3787d253a6f71ea48c0833,NO,0.95,245,0.06,0,60374.55144532,60370.87000000,NO ,pm,1,0.05
1782567600,0xceb7ac6b985d0c66d9360bea55b49d7e8b3b1456e17a8743382362f268067629,NO,0.95,240,0.01,0,60526.98500000,60500.04878335,NO ,pyth,1,0.05
1782567900,0x594a610a26c8ab57b05d8e271b2c21817a449ae3524a1fd67353973a50718cad,NO,0.96,240,-0.01,1,60502.56060147,60470.01000000,NO ,pyth,1,0.04
1782568200,0x244fd96acaad4dccd356e1d51e700cc6c2df7c2de8b97a9337a5784ec48032a2,NO,0.95,289,0.47,0,60469.83667851,60456.63639212,NO ,pm,1,0.05
1782568500,0xb09c7bb840a7a3c1581631fb436fa271bae55af0869071899c3d622e46319aec,YES,0.95,253,0.15,0,60456.08870338,60490.77057969,YES,pyth,1,0.05
1782568800,0x2d9e65a6095bc087eb9bd044c159e9437aec2851c0b47759e02cf9ddda08cd89,NO,0.99,240,0.00,0,60491.61577910,60428.90502519,NO ,pm,1,0.01
1782569100,0xd9d236aaad2cb76d6b2514881cb3ea8e66080929b8ab086a9d6628eb09002f17,YES,0.98,240,0.00,0,60428.44806639,60492.19185267,YES,pyth,1,0.02
1782569700,0x674224c50636aeb6e67c3636cb62e45d04b588baf7947fccb167265b16eb8a1a,NO,0.97,240,0.01,0,60575.74981081,60539.44182949,NO ,pyth,1,0.03
1782570000,0xa574ecc0b5b92f9718c5c04c879a7c7df3ed3d3876943578a371600262337b85,NO,0.96,256,0.12,0,60539.51568114,60521.41673975,NO ,pyth,1,0.04
1782570600,0xa24fecaf330f2ef666f68a5d901b4ecb74cff1fb008ccfac5ddc0ff2f775d5ca,YES,0.95,243,0.14,0,60502.25249999,60523.43954330,YES,pm,1,0.05
1782570900,0xc5c0e2545e6a267890c33bdc73a7108541eaed5f9fdfd43e8da599612638663c,NO,0.96,240,0.00,0,60523.41189164,60515.03146970,NO ,pyth,1,0.04
1782571200,0xb0089485c20b1d28d5f2e587ae1bff34d58bd23164052e3b0042cd640503fb7c,YES,0.95,244,0.02,0,60514.90500000,60537.14051825,YES,pyth,1,0.05
1782571500,0x336f75749e910483fe7e18d63e66b9e6f7dfbeab71628c258c874ea302f3a047,YES,0.95,240,0.11,0,60537.23479197,60558.45750001,YES,pyth,1,0.05
1782571800,0x76a3f9ff81e56cfa3580caa1699349bf694d68201831b3ac76dfc5d17a105c57,NO,0.98,240,0.00,0,60558.46000000,60510.01500000,NO ,pyth,1,0.02
1782572400,0x38479602687c378dfdaa65edbd2e2ae9a0373651356fe516253f3a57d54d35fd,NO,0.95,242,0.05,0,60513.97250000,60483.62251500,NO ,pm,1,0.05
1782573600,0xa1c04dfabea48925b8bb8e11eca522f7eb80d680a3fad2f6780873d618715192,NO,0.95,281,0.03,0,60664.66814218,60659.52854261,YES,pm,0,-0.95
1782573900,0x7d93530a92dd4366594fc83ce50fab2e8013907ec5bba3f1cf2a9a74b516c342,YES,0.95,240,-0.01,1,60670.80750000,60714.47968286,YES,pyth,1,0.05
1782574200,0x3aefb99972b3cf3528dd376eb1bd2c8b41da7143c5ff6ec58f899c454b5456f6,NO,0.95,285,0.14,0,60716.83761067,60706.80082679,NO ,pm,1,0.05
1782574500,0xb33c214a17d1eed3704aa5cae7599401c37f4377cab5ff28dabf1d7e13f11b9c,YES,0.99,256,-0.01,1,60709.31831270,60745.34048984,YES,pyth,1,0.01
1782574800,0x9301dd8f4c78b7af9a5cdd6f85d1b4a5220e84bb784ba3ff2f572b5fe88c3fcb,NO,0.96,240,0.00,0,60742.65117205,60693.06000000,NO ,pyth,1,0.04
1782575400,0xefbb9bf66efa6d9e5ab017d2d1296ec6c9c85684fa6e27d692720805952af4bd,NO,0.95,281,0.19,0,60690.92213821,60681.72790718,NO ,pyth,1,0.05
1782575700,0x2d5049d21bcc2e1601aecb6f2771467c898f03c55f1e82df9cb1ec3bd905a3ed,YES,0.98,240,0.07,0,60680.25999999,60740.73957363,YES,pyth,1,0.02
1782576000,0x9801f6285190f3b119448706192b07acce6d52f56ee1cb9ce14019844673b713,NO,0.95,278,0.17,0,60741.00000000,60719.19000000,NO ,pyth,1,0.05
1782576300,0x9321642f1d8d9ae976b455617c4eb618495fafc513e656154a2b970152d204df,NO,0.95,281,0.06,0,60719.89250000,60706.94000000,NO ,pyth,1,0.05
1782576600,0x07ad64223c9835330ca2accba851cb4166cb8c61e646428bb822c17c31db0dbd,NO,0.95,240,0.02,0,60706.63576404,60657.52733020,NO ,pyth,1,0.05
1782576900,0xfb3d98e9e007bd2bec40e442a83e0457b1c935b37a5c43721ab4e11e9843fdc3,NO,0.96,240,0.08,0,60652.23483750,60614.42745547,NO ,pm,1,0.04
1782577500,0xde5f0160b700da4de6f39537013faaab53ca3ba8bc5f167931f1a09bc0cfd7fe,YES,0.95,283,0.18,0,60612.24154975,60620.45503001,YES,pyth,1,0.05
1782577800,0xce0a2dd71b13bf67c554694ebd3a8d6ae9ba49a6485e2c36dd87e50cb6541063,NO,0.98,240,0.02,0,60620.45248053,60598.99649130,NO ,pm,1,0.02
1782578100,0x96bee1820474b81e06c8371b753167a589c7fe5bf50051a15a60593502d0f598,YES,0.98,240,0.00,0,60600.66500000,60674.03230593,YES,pyth,1,0.02
1782578400,0x7b819aa9f8471379858442887ce00c8a73f64704e389ce228717a2cd1589109e,YES,0.95,255,0.19,0,60674.27621747,60693.01742536,YES,pyth,1,0.05
1782578700,0xaddb95284b07d75e1eeb5993fcc8548b873a5d20bb254af22173b1a8ae75d947,YES,0.96,240,0.14,0,60694.68750000,60712.80500000,YES,pm,1,0.04
1782579300,0x30a8668af5bbc8c4146832bae9e58c5a9ef0fd2192a5265bfed4be4c35dca77a,NO,0.95,267,0.09,0,60711.19415163,60710.87240863,NO ,pyth,1,0.05
1782579900,0xea1ee2d8b255fbb168fc97c335b77318b7d0717e1edb1249a8676015648befce,YES,0.98,240,0.00,0,60343.84879928,60434.87000000,YES,pyth,1,0.02
1782580200,0x0d4b8a964b1c3193a908fe859602db596c4d3ba22dca6bfe3b56f75eb6f8ae0e,YES,0.95,261,0.06,0,60434.93653467,60474.26765699,YES,pyth,1,0.05
1782580500,0xd73728a08775713d17394f8ffb96dbb02a432bc68d397042ffe7af1a1e050ead,YES,0.95,275,0.04,0,60474.04408310,60508.26461310,YES,pyth,1,0.05
1782581100,0xd4f0f24f03a9a86570fdb8079963b10e73223344e8773fe739da8963fe62ef52,NO,0.95,240,0.02,0,60506.06568173,60480.33910476,NO ,pyth,1,0.05
1782581400,0xc051d02ca2cb3bd6a4ec9f34981b933de898d63c6639f6baa9edf948b57f8646,NO,0.95,251,0.13,0,60479.92750001,60455.28573841,NO ,pyth,1,0.05
1782581700,0x3fee4a4864dd5ba5776d6809c60d5db2eac37018e92f26b06272d6eaae5ba0b9,YES,0.96,240,0.00,0,60459.12389463,60502.14601472,YES,pyth,1,0.04
1782582000,0xa3a74061205a7d72d83706d9d1042d10f5913f5def56c5a4bb62a1de3e343b50,YES,0.95,289,0.13,0,60503.77000000,60506.56000000,YES,pyth,1,0.05
1782582300,0x5d149bfcde3d0cad4345568d8ba491243498197794c765afb68ecddf2c154232,NO,0.96,240,0.00,0,60505.13500000,60493.61750001,NO ,pm,1,0.04
1782582600,0xe64d41aff0bcfd104bafb70bca72fb17c8b6d3b7488407b253f0b98be4a65ada,YES,0.95,267,0.12,0,60493.68424362,60508.18500000,YES,pyth,1,0.05
1782582900,0x803831da2f5317462a8b1af9bcb1dfed5b5902c166199bd3838efc1883141091,NO,0.97,240,0.02,0,60508.18250000,60430.25793018,NO ,pyth,1,0.03
1782583200,0x5692644fd17fd118bb8a2e8c01d1e02052d3bdf483f6b3728e2c0341a1fa2731,NO,0.99,240,0.00,0,60430.19500002,60396.15946705,NO ,pm,1,0.01
1782583500,0xab7d6cb257ee30b92cb5712cd707eef353a6e2ce798c0d6585e0eecfe414ddb4,YES,0.95,240,0.02,0,60396.10500000,60460.52062452,YES,pyth,1,0.05
1782583800,0x8dd3a7a509e02e1408c31bb6fa5b129bc5d8b1c4055d0e1077f297bd827a6a42,NO,0.99,240,0.02,0,60463.99431779,60426.31808864,NO ,pyth,1,0.01
1782584400,0x2cd1a8e38a68af6da246ee29639291a856841820f2ccef983d01ecd26376e974,NO,0.95,272,0.05,0,60411.17286376,60405.40245129,NO ,pyth,1,0.05
1782584700,0xea6a9a18a2565cb7cf6d81ab4ba78f9f2c3bfd6e845e7b276bca9fd971e00f00,YES,0.96,279,0.16,0,60406.68796957,60421.12000000,YES,pyth,1,0.04
1782585000,0x15bf0693d53841d5016b05693923e480cbdc7769147824e32eeec960640dbdca,YES,0.96,262,0.08,0,60420.81789440,60435.18500000,YES,pm,1,0.04
1782585300,0x2953589ed42df88b56068155312b56dea54c8bd23f3d7cb9be2a35fa82a3e355,YES,0.96,247,0.12,0,60435.18500000,60459.15321398,YES,pyth,1,0.04
1782585900,0xeb7727e03b8cedc305b550e09c08c7a76b9672646766c766fd5d13f4ee9a799e,NO,0.95,242,0.04,0,60466.43500000,60437.44043738,NO ,pm,1,0.05
1782586800,0xfda4809d0cfb23c6506c9f86ac1dd209664726f15f705b6211bc0191b5b3d68f,YES,0.95,246,0.01,0,60472.35078213,60495.82622770,YES,pm,1,0.05
1782588000,0x71ce6e6fa22244e6a5088990388571907af278ec1723e6dfeb683e54a9a15a82,NO,0.98,240,0.12,0,60376.14303335,60281.81560492,NO ,pyth,1,0.02
1782588300,0x424390a3613c3e49d36795c81694878655d21152dc572d5e773378a17f1d56ae,NO,0.97,240,-0.02,1,60281.04731073,60228.55284118,NO ,pyth,1,0.03
1782588900,0x355f0f9f15c78ab654611ea5033e43c4055bac4477fe2fcd543808f7346377a5,NO,0.95,266,0.06,0,60086.11217277,60060.63000000,NO ,pyth,1,0.05
1782589200,0xb664bbc1c83fe9e74692c369d86e17347517ca1f71b9ecc55e8d9d4c8fbadaba,YES,0.97,240,0.01,0,60060.47984842,60102.22500002,YES,pyth,1,0.03
1782589500,0xbee195435930cff1d584be855f313d97d3611eadd0de41e769d0f9ebc652c3fb,YES,0.95,286,0.14,0,60102.22750000,60121.16342558,YES,pm,1,0.05
1782589800,0x5628b9e7b75b4d9dbaccf5d3550376c7a559d4565daa34652551be787cd7f886,NO,0.95,287,0.11,0,60123.48633607,60087.34923914,NO ,pyth,1,0.05
1782590400,0x27df6b99415537a72b51f69c7cf5865f90b94cd467f8b37d1afb3f59ffc49b00,YES,0.99,240,0.00,0,60079.64000000,60164.79000000,YES,pm,1,0.01
1782590700,0x0aecdaf8986e76b54e8946601c90e57da2839609cfdf37bb65844eb08858a544,YES,0.95,268,0.10,0,60162.91908838,60169.90499999,YES,pyth,1,0.05
1782591600,0xa58a774f75290af9826be7d498f09561fba98f2c9330dd9c14b71fd94e72795c,YES,0.96,268,0.07,0,60167.76672451,60187.38121804,YES,pyth,1,0.04
1782591900,0xaa5fcac9cc91176aa4f91ff886e89af3a32e77fdb3cab04728aa678d93559d27,NO,0.95,271,0.32,0,60187.04498654,60178.38000000,NO ,pyth,1,0.05
1782592200,0x73169a55c4cc3cfd5b000cb7be1ca33a59741de9e4908894a145232b39f31de5,NO,0.95,289,0.20,0,60178.40089869,60171.66750000,NO ,pm,1,0.05
1782592800,0x12551fcd300afde801465ef8b51c05bc8524abb0a74a364f7614b101f409868c,NO,0.98,240,0.00,0,60181.01000000,60159.93371620,NO ,pyth,1,0.02
1782593100,0x76ace454ea8a89b53670b65051a0c6d1f4bbe3c19c4b6a8754c55b1ec446913a,YES,0.95,240,0.01,0,60159.93371620,60184.71376043,YES,pyth,1,0.05
1782593700,0xd8cb520bba2736409137e58a9d0836facae3464654b697c2918c98cc935c1f3f,YES,0.95,286,-0.04,1,60179.48050490,60193.99500000,YES,pyth,1,0.05
1782594000,0xfc622992f6b3a149955464c14d09820b1f97dbc30f40ebe2da4327e9b7fb14c1,YES,0.95,276,0.25,0,60202.68988275,60232.94088793,YES,pm,1,0.05
1782594300,0xf90c3fe3c8f6e03bbb2d456357db1282f4d9fba93ba129e767fbd5548afbd1f6,YES,0.95,240,-0.01,1,60232.59866403,60262.18770289,YES,pyth,1,0.05
1782594600,0x1224e358cfb252f8697b5467012cd069431203274c2180880415e8dbf5b06848,YES,0.98,240,0.00,0,60262.33680459,60296.11425471,YES,pyth,1,0.02
1782595200,0xf5c551f3ba2d2350a1746e54830ca61479a1b7d47aa756f89f98294d800091a6,YES,0.96,240,-0.03,1,60293.00750000,60309.40750000,YES,pyth,1,0.04
1782595500,0x9a8c4588cb548aac824202cadf63f4fb33c25dba5dca8988239277bc72a8a46a,YES,0.95,277,0.18,0,60309.40250000,60357.27767565,YES,pyth,1,0.05
1782596400,0xeafc65dbdf0d5f63e8b6de8aae6d7b4abd01dfd4fd93bd4ed5b924a0ad29b1aa,NO,0.95,254,0.05,0,60217.26674723,60151.52474592,NO ,pyth,1,0.05
1782596700,0x980931d7fc707628137d2899ef36bff5d28eb116e179ff676eaedd26fc3e07ec,YES,0.95,241,0.23,0,60153.35198661,60184.34388163,YES,pm,1,0.05
1782597300,0xcaed79551d57d64759c3b0b9d1648bd5cf3922c95775ab781118b63a490d9549,YES,0.95,272,0.02,0,60089.26201402,60106.23654200,YES,pyth,1,0.05
1782597900,0xfc71d4e473f27be3db31b66428d7323aefb2822f01e5aab4999041b3c72bbfab,YES,0.97,240,0.01,0,60004.15000000,60034.01000000,YES,pyth,1,0.03
1782598800,0x75d65b75ada7475944439173f3a17b149a038dbd160d38870abcb4ea02aebb90,YES,0.95,255,0.03,0,59916.23500000,59972.08978283,YES,pm,1,0.05
1782599100,0x945580eda0038943d78d2c5ad08e50bb6c1fb24b49122be6a41476ca81604014,YES,0.99,240,0.01,0,59972.43508373,60039.57800564,YES,pyth,1,0.01
1782599400,0x28f2b82d513328f76841a7c165eb0903a3969e768a1b3cdaa6b3ca1ccf872b6d,YES,0.95,261,0.18,0,60039.77609652,60089.39251504,YES,pm,1,0.05
1782599700,0x972fbdf5145420c227c5c528ed506c9a6f95cf0f6b2d0acdec3f060ee09d11d2,YES,0.99,240,0.02,0,60089.96765719,60129.89078576,YES,pyth,1,0.01
1782600000,0xeae4a9c1dfeaf327803ee4b47f0e2bdb858d149b624ef65588e86197e0b01074,NO,0.98,240,0.01,0,60129.87000000,60082.82561807,NO ,pyth,1,0.02
1782600300,0xda1776af092619d8e885cb414701f01d0e3f705e1dcba0c7263ed87f992fcb2e,YES,0.95,268,0.07,0,60083.01407965,60115.62500000,YES,pm,1,0.05
1782600900,0x8d1de33fc4d317b8878be3e0dd8477d3be445c1e74650f87ca37e9c43ca78020,YES,0.97,240,-0.01,1,60100.37750000,60136.20241435,YES,pyth,1,0.03
1782601200,0x237066ecf149f0fca49297387125799d4ab7024693d1b08d2185cb6e33697c5a,YES,0.95,240,0.10,0,60135.93705522,60168.59864355,YES,pm,1,0.05
1782602100,0xc5737f1b2cc9998ab6e24bcb8253180990731b1a868559802d0ede0965b3bda8,YES,0.95,246,0.08,0,59954.88751501,59960.90000000,YES,pm,1,0.05
1782602400,0xb3f01d9cd6aadced48652076bc50e7439decbfdf58ae1399ceb81b0aa350d98c,NO,0.95,269,0.03,0,59958.83000000,59905.15379072,NO ,pyth,1,0.05
1782602700,0x666aa16646a9a2092c0ccf7230d079655b9761464a237fb72b9a3970844da51d,NO,0.95,242,0.25,0,59909.21000000,59897.33167941,NO ,pyth,1,0.05
1782603000,0x3b59c6789a4d4df6031cedbee50a819dd12b6d9ba6a3e3bdce81423def7d17a5,YES,0.95,259,0.07,0,59894.87399358,59950.61750000,YES,pm,1,0.05
1782603300,0x236d4042b6f35de29a46e7eb9f739a3b95df7aa16d8c5b362707a76f638b37dc,YES,0.95,285,0.55,0,59954.69251505,59975.37322294,YES,pyth,1,0.05
1782604500,0x60235165d3eb329ba489a2fc9edeced78afad5301ec2ea592b09828021214ba9,NO,0.96,240,-0.01,1,59987.75500000,59938.65087307,NO ,pyth,1,0.04
1782605700,0x64141884ea0758142bac2f46fc0e501ffac65b5b106309272b159d5aab923e6a,YES,0.95,244,0.03,0,60044.70115291,60060.77575382,YES,pm,1,0.05
1782606000,0x0602a24df3d6896f75ed99f50df49d40a3cfc1abd1f3926d59d2927929fea4f4,NO,0.95,277,0.51,0,60061.35857936,60080.14500000,YES,pyth,0,-0.95
1782607200,0x2455d45f5e7dce6cb4cc9fc411b03fd1ba0ebc7249119ff30acbf55cc203b32c,NO,0.95,243,0.08,0,60073.77499999,60086.31000000,YES,pyth,0,-0.95
1782608100,0xddf3567a8b0a65a54cbec2ca921965a3c0760adb893d10d2e4b2e0f110f83f8e,YES,0.95,268,0.19,0,60083.15423452,60058.97250000,NO ,pyth,0,-0.95
1782608400,0x0f09f6fecafe6a548c3799d30a9c68830418d505e1d9fc97ffc5732b6453f77b,NO,0.99,248,0.06,0,60059.13503008,59949.51455382,NO ,pm,1,0.01
1782608700,0x4be58a1690739274295c0f7d87d77f004a426bec7aaa17d5d1c6c922b961aea1,NO,0.95,278,0.13,0,59960.00503005,59936.34238748,NO ,pyth,1,0.05
1782609000,0x4cceefefdab0bf336eefe1f6ebdf8fd0890c164193e62e3ea0fdca3801863259,YES,0.97,240,0.02,0,59936.69962562,59987.96112171,YES,pyth,1,0.03
1782609600,0xb84cb811f92f8ca133038900d811b8083271401250510b8241e972f8df38762e,YES,0.99,240,0.00,0,60006.40578546,60081.84143442,YES,pm,1,0.01
1782609900,0x2272a21a771421601b006bc78a0630621044e3c8a2e61537eecabbcdd3d43416,YES,0.95,271,0.19,0,60082.55571770,60115.30993768,YES,pyth,1,0.05
1782610200,0x30fbb4423ac9a65e4dd1e5c415d588d1488fc0810369a8dce8d812eb00af3e22,YES,0.95,248,0.14,0,60114.98581137,60141.05524149,YES,pm,1,0.05
1782610500,0xe7c46562f9e15fb60d632424223d487a8d464ce7b44899798d79eb67c8134f57,NO,0.95,275,0.03,0,60141.03664035,60133.53929359,NO ,pyth,1,0.05
1782610800,0x5368496400a5e32f3074112678eb0111532a3196e7748e49d76e836dd7b7c82e,YES,0.95,268,0.17,0,60135.60833702,60170.41001501,YES,pyth,1,0.05
1782611100,0x55564d5bc552576b2b86440f9a0853b28eeedeb51a50978accd143eebe787407,NO,0.95,289,0.11,0,60169.97500000,60146.22500001,NO ,pm,1,0.05
1782611400,0x90912e7c0eeccec6978e7336c9b6e48c1c899f3ccb500b8f57f6a0c2f288c544,NO,0.95,287,0.62,0,60146.22000000,60119.90893047,NO ,pm,1,0.05
1782612000,0x654a0029c2f99e6f5e833beb56ff69fcdb9f701f66dd66b16c00d64e3bf0f790,YES,0.97,240,0.07,0,60130.98239698,60180.37736372,YES,pm,1,0.03
1782612600,0xdcfd5453d7c2fb84c5a1b204a1be7300f9956dc29ce9ba2d3d63a6ffdb4ef34b,YES,0.95,259,0.09,0,60186.25479424,60197.30656447,YES,pyth,1,0.05
1782612900,0x1d6603dc3cd68ab890075295645f3dbac3a9d28cb2c9b6d9c78a78014ae640e8,NO,0.95,258,0.06,0,60196.17317551,60159.93827970,NO ,pm,1,0.05
1782613200,0x9416686866f9fc60a42245f353192c78c449e2f00c55f65165978fdc661e7bc3,NO,0.99,240,-0.01,1,60159.87811964,60005.30000000,NO ,pyth,1,0.01
1782613500,0x3fabde910c8cfedcd10a69fa302cc97bf37c7e92065645f784e66c7cff9a3c0a,YES,0.95,244,0.06,0,60009.14862448,60026.25077204,YES,pyth,1,0.05
1782613800,0x1ae17659b8fb943f7689401a637dc21f62aaa1b09459a5bc4bcd33b035f283da,YES,0.95,273,0.30,0,60025.87750000,60049.08656375,YES,pm,1,0.05
1782614100,0x3966e41b97078cdcfd6df8d7b09e733c793d4b880e17d9cc18a2c13dea15c63e,NO,0.97,288,0.38,0,60049.23470670,60039.95503001,NO ,pyth,1,0.03
1782615000,0x5b6347490f320c2b65b9d4ed342b7c4fe09cb9a22f1a0feff920745a59d032ad,YES,0.99,240,0.06,0,60045.71434963,60072.47219774,YES,pyth,1,0.01
1782615600,0x911788492192f5e2e218127b073eb7c6c86815367974723f1c6844cbdf10846a,YES,0.99,240,0.00,0,60065.99000000,60106.08884774,YES,pm,1,0.01
1782615900,0x9f6ccfcdd7e73b0d8f12229c5250149b907369519a05bf9f368f7ea16df5c83c,YES,0.95,269,0.45,0,60104.65530312,60116.74970040,YES,pyth,1,0.05
1782617100,0x95c98f1d9e585571158df2347aca180ef12272e73bbea2b2a049f3929cb00b8d,NO,0.95,282,0.16,0,60181.35817534,60177.93000000,NO ,pyth,1,0.05
1782617400,0x82c10e3de3b81c89c8dab37a75a9e3c7469b6e9295b85f568099f421038c345b,NO,0.95,245,0.03,0,60177.98125447,60133.71428739,NO ,pm,1,0.05
1782617700,0x795013aad6d5d8c96fef1db3b994a909a86f73d5fdd6d9a65e3d4dabe44d5021,NO,0.95,243,0.00,0,60133.73635131,60117.46750000,NO ,pyth,1,0.05
1782618000,0xad228252e5486519016a41c35ab7709635214de290caaf015cc494fc34b250d2,NO,0.96,240,0.07,0,60117.99950609,60111.53000000,NO ,pyth,1,0.04
1782618600,0x81031ca95674d23d08b55f8e25f3def9f1cce3c1153b75c084ffeb73f0e2b369,NO,0.98,240,0.01,0,60111.35670280,60093.59669492,NO ,pyth,1,0.02
1782619500,0xfd9a4a5d8e89ce032c077427d6b6777534577bfb947a1da71491d5187bdde954,NO,0.95,272,0.57,0,60118.25713034,60116.65266570,NO ,pyth,1,0.05
1782620400,0x88c49c742ac80cb893d245a62dca659382729326b23e96c98a66bc8ee1d85e1c,YES,0.95,247,0.02,0,60117.72804627,60145.23620624,YES,pm,1,0.05
1782620700,0x6f023f4eee2f91e348fa2a5469196a391c6e7bac8b850b9464307039d0ca38f6,NO,0.96,240,0.02,0,60145.04839076,60113.38920226,NO ,pyth,1,0.04
1782621300,0x0f35805eca40d473492f314d0695801d3373b7a446696af47f3a6955b1bee050,YES,0.95,283,0.05,0,60037.00000000,60042.83346848,YES,pyth,1,0.05
1782621600,0x7c12dd67f1cb7d5b7a464cd882610f7613432a7119da42b24cc589379d1bd2b3,YES,0.99,240,0.01,0,60043.43101900,60085.78916253,YES,pyth,1,0.01
1782622200,0x6fc4af7ac332c44ed6efdeac5e0eaf47c545ba00b14c1ffc045980f691195290,NO,0.95,244,0.20,0,60090.59310103,60070.01499998,NO ,pyth,1,0.05
1782622500,0xaafcc15648ccafcba0599acea5ac9bc980fb536408963a9863dc66734f3740ca,NO,0.98,240,0.01,0,60070.03536477,60045.76000000,NO ,pyth,1,0.02
1782623100,0x4f70b0e4d0bcf5e12c9d13eead4c4387db4fdf99e8f428bedd762701bcf40065,YES,0.98,240,-0.01,1,59891.98503004,59933.71240897,YES,pyth,1,0.02
1782623400,0x0e542edcde5ccce591b944cd442e27f750be2d866e91b10f129f267854e9ccc5,NO,0.95,282,0.24,0,59933.14518704,59928.14597568,NO ,pyth,1,0.05
1782624300,0x7e6142c7a60c8f73ed6438c4b9206636f31820da86b062e600a0e7cf8a7ca269,NO,0.99,251,-0.01,1,59823.96391702,59751.12000000,NO ,pyth,1,0.01
1782624600,0xab4228740a9948897d09840b53aec4379e3b6cd8a7db2a1a937d85c8859d3789,YES,0.99,240,0.00,0,59750.28592003,59840.54000000,YES,pm,1,0.01
1782625500,0x3ddff529f09f97a8be3686270657799e7f44bbb2461bae5688aa9c006b28ae51,YES,0.95,240,0.05,0,59831.47681032,59846.03000000,YES,pm,1,0.05
1782625800,0x38d75287485a36b9a131f35a431c17b5cbcbd18852c6607cc595f9a8994846ff,YES,0.95,276,0.17,0,59846.03500000,59863.23412531,YES,pyth,1,0.05
1782626100,0x854f931e8ec1d4dd977a7191acd638584e7e35746a2b079612816dd64c6595e5,YES,0.95,241,0.01,0,59868.20504128,59900.69045016,YES,pyth,1,0.05
1782626400,0xddba657faa834e8d31567a7accb2253d9cd300657733a2f21f312b67d3a2c6c1,NO,0.95,255,0.10,0,59900.01000000,59869.19398157,NO ,pm,1,0.05
1782626700,0x363f71cc2428a214b18bb1bed20f82aa2206e1977b93024f0fb4b6b18072bf17,YES,0.95,245,0.37,0,59871.13979664,59893.15587588,YES,pyth,1,0.05
1782627300,0xde0d3fb4fe3eff89125ee63831338d146caeb12ede44460fd2ba4bf57a05af91,YES,0.99,240,-0.01,1,59757.01336532,59836.81585916,YES,pm,1,0.01
1782628200,0x219c098ee00b64fdf01b5a5b59872715380f3fc2ede8aa0d3e5912af6eeba843,YES,0.98,240,0.03,0,59840.80000000,59880.92879321,YES,pm,1,0.02
1782628500,0xf61890db2cf770891dcb27465dbc050ab745c6b9aca6d864e8012a91a8c9f7c0,NO,0.96,278,0.17,0,59881.87394400,59874.73000000,NO ,pyth,1,0.04
1782628800,0x54a5d6edb529d04efdaa77cad225c6a18f09fe6f19c326e8ab67433eec9dbefc,YES,0.95,245,0.05,0,59875.33477682,59882.02187691,YES,pyth,1,0.05
1782629100,0x6b5120cf81c48164ecc0d67ad524523d003f73cee837c8f86134d0bff77f673e,YES,0.95,240,0.03,0,59881.86853342,59911.53693292,YES,pyth,1,0.05
1782629400,0xcfac00b6ec3b1f97a35e12e8e2c82b93c6a4f65846963a5670c9445e431e14f3,YES,0.95,241,-0.01,1,59916.71520277,59930.15921388,YES,pyth,1,0.05
1782629700,0x511e9abbc1fffcc8298df1cd7ee5256df2e654567e3b45a1fca1416429cb4de7,NO,0.95,255,0.03,0,59929.97942340,59918.91950618,NO ,pyth,1,0.05
1782630000,0x5375f226997161c002f2fb630da7f11b1b256e6827014035140ba6f240c8abd3,YES,0.99,269,-0.009,1,59915.55000000,60039.30404890,YES,pyth,1,0.01
1782630300,0x207ead5a3010413b9278d79e4ec3cd5c5c5ecdbccf3d272ac9125523df487e54,NO,0.95,248,0.00,0,60037.72203821,60009.11500002,NO ,pyth,1,0.05
1782630600,0x5edf2bf4a7b1de08382d62e69d8965feaaffd9a50252b884e3effdf3ea6f4d2f,YES,0.98,240,0.00,0,60015.83136383,60055.92649781,YES,pyth,1,0.02
1782631200,0x9f6d2b9dea717488f7ac43b84331d77d2c3562a37041d6de76fa4238c04544d4,NO,0.95,276,0.05,0,60054.93000000,60046.58980667,NO ,pyth,1,0.05
1782631500,0xb63b6eff519b55da539787cc93765d65e2e8401c5ea6979803c0f5f873d2f1c0,NO,0.98,240,0.00,0,60046.58000000,60021.99750001,NO ,pyth,1,0.02
1782631800,0x5f8f62a7d49b6208104c14689c531e1fb7f48bf75489b7ee820b8190d7ac36a8,YES,0.95,281,0.07,0,60021.99499999,60042.03502101,YES,pm,1,0.05
1782633000,0x57744ad8f829b3971c539a649f42a9054568532ef35772c0f8510c4a5db12cdf,NO,0.98,240,0.01,0,60155.09961011,60124.75752500,NO ,pyth,1,0.02
1782633900,0x5082cbea4b62e215544feb755a30182e7c6e00742c503b416c8d663e62565202,NO,0.95,240,0.07,0,60125.16500000,60054.70721241,NO ,pyth,1,0.05
1782634200,0x1b3b4f7448bc7a7acedf52e7b5d1630b8372137d19296ede74b54e389190a225,YES,0.95,240,0.00,0,60054.66852949,60095.64728933,YES,pyth,1,0.05
1782634500,0x5ef1f17465b313357ca4fa3956a526b585c8a1747c48f45a861ec295dbd726c9,YES,0.95,243,-0.04,1,60095.00382003,60082.69011101,NO ,pm,0,-0.95
1782634800,0xdae89de3058297ed539dea573d44fc37b5f0694823ec0248dad8aca89f158969,YES,0.97,240,0.02,0,60086.16411926,60133.04708714,YES,pm,1,0.03
1782635100,0xc6b26456f73269cc867097787c01b1c60a4c8738c2db927af5c639fd282fbf42,YES,0.95,283,0.12,0,60132.71647085,60139.88792029,YES,pyth,1,0.05
1782636000,0xf8dbf8b247f2c08865b7915f69b2f12e181711176873253d464273769e37f2b3,NO,0.97,240,0.02,0,60380.92498819,60362.48412486,NO ,pyth,1,0.03
1782636300,0x3410e76ad2679960fa8f8c91528e2c3e78488cfa0830d46c8fa27663de075479,NO,0.95,277,0.22,0,60360.85500000,60338.84922178,NO ,pm,1,0.05
1782636600,0xa2c1b02e947061b8458f59ad3112ba7ab20aa051a6b890a6d845341ceedcd5e7,NO,0.95,240,-0.03,1,60338.10503003,60307.09572391,NO ,pyth,1,0.05
1782637200,0x457398ff030528ef97d0758b651a8e285465be1837ae3dbf14716ea5ff1f8527,NO,0.96,240,0.01,0,60285.01500000,60236.09503003,NO ,pm,1,0.04
1782637500,0xdc8bb789ceb1e0cc3076379e6c8b279cda31b6b1189f7d73b9d64c913f0ee369,YES,0.99,240,0.00,0,60232.94998823,60322.66165305,YES,pyth,1,0.01
1782637800,0x7ba7ad463137c1beadb90a83cf79eb019ac4652a4efc903fcc82f3f1e82dca5f,NO,0.99,240,0.01,0,60322.46456175,60290.13756905,NO ,pyth,1,0.01
1782638400,0xcc2d1491f701b2a7a8f0a99940cc4b40c5e9b364865b48abd1ccd109745f9673,NO,0.96,240,0.01,0,60272.70868252,60264.22690015,NO ,pm,1,0.04
1782638700,0x058ebe122c3d17ae2df5ed6b979caf61353273c7767568571da7aaaaa5e14672,NO,0.97,240,0.05,0,60264.29930436,60238.04750514,NO ,pyth,1,0.03
1782639000,0x6f242ef7c9a923b8163ee421b2716d47b5d0528845bafcc69225eede88b96e75,YES,0.98,240,0.00,0,60237.57393964,60287.49565468,YES,pm,1,0.02
1782639300,0xdc3027a962fccc988a30a0a05691245c6957d088fa4fd8bda448d1d49cc0af28,NO,0.95,266,0.03,0,60286.68532346,60266.21056474,NO ,pyth,1,0.05
1782639600,0xb538811f5981a75cdc373eeda62a66ef83846e38feb7800c0eecd866c6c86b2d,YES,0.99,240,0.00,0,60266.11309016,60292.69648682,YES,pyth,1,0.01
1782640200,0x8b8dce8ce6c7062bc5c4f60a47494d7df6a643dd221692ecd4d39ef051383345,NO,0.95,247,0.02,0,60217.86507002,60212.36501502,NO ,pyth,1,0.05
1782640500,0xe2dd284cc251364b3ab89d4c1e3b249e70751d314c29ea39b06661a33343f660,NO,0.97,240,0.04,0,60216.39785857,60172.27252568,NO ,pyth,1,0.03
1782640800,0xbdfd922cc62dee03fe574c48f420d94616f5bdf743b2b1f08ed55bd572d3903d,NO,0.95,244,0.17,0,60171.88320855,60108.34500000,NO ,pm,1,0.05
1782641700,0x8b9f27e7b697b8b2855091b31c93caff626e2b4b3c5df6ce82747e0cb744bc34,NO,0.95,259,0.16,0,60175.95170737,60114.80911047,NO ,pm,1,0.05
1782642000,0xbe664b2414c44ae30c0c8b9a33304e68ea6d25481e38a6bae315c8b5fdbc7aa1,NO,0.96,240,0.02,0,60115.68503277,60063.70000000,NO ,pm,1,0.04
1782642300,0xb847695cd2a38cb15bb41cc3a0b77688d89d524951937b369efa460193d6e525,NO,0.96,240,0.03,0,60063.34735809,60020.88057910,NO ,pyth,1,0.04
1782642900,0x775c043566d649464ad634d6c6862f3a845cadd9911de32f043510c99e89c6cd,NO,0.97,240,0.02,0,60025.26251501,60008.29750000,NO ,pyth,1,0.03
1782643200,0x870f46ee400a96c31b61d56dc89212961e903e5818a0407dde77a78ade00a21b,YES,0.97,240,0.00,0,60010.54038385,60039.11772881,YES,pyth,1,0.03
1782643500,0xc018859234d35a218e338127e55442482551fad5326e2375d2a71a344bc4ee35,YES,0.96,275,0.13,0,60039.09904924,60062.35051729,YES,pyth,1,0.04
1782643800,0x8ae4e12bf95dc03ae7b54051a7e8fe3d83ebaef48ec620ecdee1b66437232429,YES,0.97,241,0.03,0,60062.44442728,60089.15641195,YES,pyth,1,0.03
1782644100,0xc54ae1a342032af7a000a5d98cd5e136d21df836f6180919b30e5724732c25b0,NO,0.95,287,0.09,0,60089.42500000,60082.59736510,NO ,pyth,1,0.05
1782645000,0x40d95c684137765a46bb1c860eba50244ecd7edd476f8bef51e0430f451a02ce,NO,0.95,283,0.15,0,60047.10249999,60039.56697885,NO ,pyth,1,0.05
1782645300,0x784afc7174be274e225958da2be3baf53654ef8951911791375754a48e15eb93,YES,0.99,240,0.00,0,60038.92613096,60115.36397245,YES,pm,1,0.01
1782645900,0x4b3f03bf0d13ebb0034614f6b5bdcc46785ebe29de191c42c04abf52df5be238,YES,0.97,240,0.00,0,60203.57959260,60228.02000000,YES,pyth,1,0.03
1782646200,0xe71621db6bd2488ba27ce5c02c79ca1952a1601d47d8373edf599bfa2491a214,YES,0.95,289,0.50,0,60225.41000000,60232.80049030,YES,pm,1,0.05
1782646500,0x551731ea09e3246c995b88a605f97421f32bc908949d6a0c1ceded8307dbce8a,NO,0.99,240,0.00,0,60232.59685627,60218.99000000,NO ,pyth,1,0.01
1782646800,0xeb9776e160acc07bc3dce4f6f60d3d34c67aa3bd819fc32c07903d1fb1015745,NO,0.96,240,0.01,0,60218.99000000,60214.60671766,NO ,pyth,1,0.04
1782647100,0x8f0fca5f5c5d4b3a3b41483a6c7cabfbaffa9bdea7190559180e9d0ee4fde7d4,NO,0.95,253,0.04,0,60215.29823428,60191.39000000,NO ,pm,1,0.05
1782647400,0xfce53a75d37b4f4fd6624d1bc51651f88398d34a0f65018446f72f551be4e494,YES,0.99,240,0.00,0,60191.39000000,60273.00000000,YES,pyth,1,0.01
1782647700,0xc7529ba8128c80aef05bdc675fe4c91e754c3b3877d25da0ceab0735d6326dc7,NO,0.96,240,0.02,0,60273.00000000,60251.96503007,NO ,pyth,1,0.04
1782648000,0x8ea693e621ba341e8a00988a6a1a81d64ad3a085d7051b9ba1ef3e23131ca9b0,YES,0.95,282,0.35,0,60251.78379301,60260.82107811,YES,pm,1,0.05
1782648600,0x2291f272338887c06d908c710b3def4c01749422f194edd083ed966df5ea47b2,NO,0.95,240,0.02,0,60251.46032043,60214.55838621,NO ,pyth,1,0.05
1782648900,0x847eec2853a0c415e23b0f3f47b953d44b65cbc19a812c7be66487899f881239,NO,0.99,240,0.00,0,60214.28542759,60116.75692632,NO ,pm,1,0.01
1782649200,0xf53029e63f3dc494b3815507c795cfeb4be8da241deeedd87c5341249a071ad7,YES,0.98,240,0.01,0,60116.00948982,60163.38420938,YES,pyth,1,0.02
1782649500,0x28531cdbbbf0818c841e8c93957840d2090b0bc4bd77a4d7132b50831c8d7602,YES,0.95,241,0.00,0,60163.55351842,60252.11316826,YES,pyth,1,0.05
1782649800,0x3442d6010f78b59b716d42098ef0c14bb7ee8dda69176d061d6108104f523d9f,YES,0.96,252,0.16,0,60249.93804350,60260.56058942,YES,pm,1,0.04
1782650400,0xcb1a7ddbc9afae6ac12bbb76b5222d32a724cf1f7e09f1732727e9755b6bdd24,YES,0.97,277,0.18,0,60152.80496642,60156.28000000,YES,pyth,1,0.03
1782650700,0x8a9ae4ac8ec5224bd4e5acfc7db384e9335c66a5a93d5206ef3f3cc30e84d87e,YES,0.95,240,0.09,0,60156.27249999,60190.23359408,YES,pm,1,0.05
1782651300,0x6c613f47d0d5d14daa2cca38ac0a85439a19b05f9258ed82eca669cb7380696b,YES,0.97,240,0.00,0,60184.88676118,60210.33770893,YES,pyth,1,0.03
1782651900,0xb981d4cfb57d5eb37110f9c161b10fb191d8e24e3c1e565c7dba7025971ab83f,NO,0.95,287,0.10,0,59956.68938214,59930.10832941,NO ,pyth,1,0.05
1782652500,0x372e28cc225731b8935dbc7f91d347e0021ed87797bc5aac9e412ed6f1224eea,NO,0.97,240,0.01,0,60038.19826329,60017.00125196,NO ,pm,1,0.03
1782652800,0xdaa140ac208ff89a8c88e0a27c5e43ee50f18bbdc484f4588875309b6f2afbb2,YES,0.99,240,0.00,0,60016.75626836,60067.94776954,YES,pyth,1,0.01
1782653100,0x3a819b59cef670eda4eb9a45946db5fb85522f6fb7d97cfc0710772f5a366d67,NO,0.97,240,0.00,0,60066.78928473,60040.33706047,NO ,pyth,1,0.03
1782653400,0x608097a586a0c754ecb199319154c4e466699b5ea9c3a9afe00c8888db129e5e,YES,0.98,240,0.01,0,60041.13420783,60073.42891844,YES,pm,1,0.02
1782653700,0x151e368fc8370d6569e381e804a43a016015af71a201ac983303d10efff9309a,NO,0.95,245,0.03,0,60071.88064820,60032.33715375,NO ,pyth,1,0.05
1782654000,0x50a600bb874aa4410c6be8a134a992f16a3629dd516334c4208f696affd4123c,YES,0.95,278,0.14,0,60032.08906274,60038.75499999,YES,pyth,1,0.05
1782654300,0xa43f87d3d39e199a2d2edf1a93db1af4330d1092c291022d8e6f9cd1b5a8773a,NO,0.98,240,0.01,0,60038.41982475,60009.70370749,NO ,pyth,1,0.02
1782654900,0x54a35bdfa4132ec7c6881188ec475f1289b6f002604ecc51e2b64ab3e4a14882,NO,0.95,280,0.03,0,60004.81570960,59983.30603690,NO ,pyth,1,0.05
1782655200,0x2fece38d8afd7a75c250cb52406e22841c40fad48190ba431f212bdecdab7067,YES,0.95,247,0.17,0,59983.25000000,60001.39015878,YES,pyth,1,0.05
1782655500,0x5108c89b3c5b7369669c15f7d701fb31106ab924bb4d18358039122e50022ee2,YES,0.95,252,0.55,0,60000.57000000,60048.19249999,YES,pyth,1,0.05
1782655800,0x2e78f0e8e9fd9f5095fa91de86f053810dba2fb310d686b96ab55cf1e6a1ddac,YES,0.95,243,0.15,0,60048.19249999,60081.25576551,YES,pyth,1,0.05
1782656100,0x734d9cfcb4ac73f914889df0921c2640eb5c3d8c8ee7fef776c977ea97329441,NO,0.99,240,0.00,0,60086.62979334,60145.35797122,YES,pyth,0,-0.99
1782656400,0x54370a0d7444859ec38589905f4d6e5edb9019c4996c83cac929069ac2db0569,NO,0.99,240,0.01,0,60140.60000000,60064.08791036,NO ,pyth,1,0.01
1782657300,0x7c6753d57c37a17f8c8edfcb6e1e21ac6b9a83178af81d6a16ef9d2444d2c627,NO,0.99,240,0.02,0,60067.58388630,60020.52000000,NO ,pyth,1,0.01
1782658200,0x919d1cbf0b9c714f199925a805fb8d47bde71d336aa21cbf5df05e829eb0e896,NO,0.96,240,0.08,0,60011.38396268,59937.87583952,NO ,pyth,1,0.04
1782658500,0xe36e3c3aa569a27eedc3dac96701aa0b3865984ae34bb156cb935d4e97ff31f7,YES,0.95,240,0.03,0,59938.91189615,59943.55265767,YES,pyth,1,0.05
1782658800,0x6ecbfd48b2934dac7b1c60c59a3bbe6b32a61a898be18a40c783881d65286f18,YES,0.95,247,0.03,0,59943.31062793,59986.99608519,YES,pyth,1,0.05
1782659100,0x8f1423ec7ca34b5a11be3079cf43a79128c665801bd800a4882abce8d3be72ce,NO,0.99,240,0.01,0,59986.57460920,59843.03642390,NO ,pyth,1,0.01
1782660000,0x0c633696a6f4c00551a1210c4d272e676c6b12434bde94c8716d64675f7fff51,NO,0.95,285,0.12,0,59981.34265557,59971.03302355,NO ,pyth,1,0.05
1782660300,0xca473337437c34eda3cd4bccec73d4e98724823d39f983aeaa464586f6f12924,NO,0.95,282,0.08,0,59971.03119213,59952.90064497,NO ,pyth,1,0.05
1782660600,0xe369c8f15cb3f075701f906fb72824ed6b7285780f8c0a43615df97a97dda740,YES,0.95,258,0.16,0,59953.14045706,60000.98349419,YES,pm,1,0.05
1782661200,0x47c892c6de6486e15c90d87a4ff5b5fbfbffd402851a62d18e854becd8d00236,YES,0.98,240,0.01,0,59841.55652293,59887.07088187,YES,pyth,1,0.02
1782661500,0xfe20f2fee44997c4ebcd1aabe88726f1dc0f04b9c9283daa561c57a7b823be0d,NO,0.98,240,0.00,0,59886.42326396,59804.99905929,NO ,pyth,1,0.02
1782661800,0x9e0affad92d756b661ec878ce7cdfbb8555ce62798c1171478a1cc7cf4118850,NO,0.98,240,0.04,0,59812.09401377,59774.13585486,NO ,pyth,1,0.02
1782662100,0x874e84b3abd9cbf4bf1a5e6279d869e6ea110d7b2b343da0450bacbd11c126f0,YES,0.96,288,0.14,0,59773.99500000,59802.84500000,YES,pyth,1,0.04
1782662400,0x217852bd808e50b25ba18ae0ea7d44a833a4b56f94dd5aff405aadb1de36eaf8,YES,0.95,269,0.14,0,59805.49975391,59830.15474025,YES,pm,1,0.05
1782662700,0x9e4723295b7293d15c6945175f162f68ed69295fdfa432f9c2cc96cb294e1c30,NO,0.95,245,0.35,0,59830.04304235,59744.79293885,NO ,pyth,1,0.05
1782663300,0xa0b8690b098480160e29717de4c2f45a6c82c4cd6cbd3d5d5b398811ec0ae3aa,YES,0.95,240,-0.03,1,59745.90665489,59781.89326798,YES,pm,1,0.05
1782663600,0xdf1b8450c3ed2ac37d1c0b6acba2cf318dc2d9dee17d62db3d98e91dd7ab8701,NO,0.99,240,0.01,0,59782.02660438,59716.19617216,NO ,pm,1,0.01
1782663900,0x36df8c8290c72653d46b03a3ceba266bfcc8d17c987a66012f10b1f7a7bfb9e0,NO,0.95,246,0.08,0,59716.14206412,59670.17148858,NO ,pyth,1,0.05
1782664200,0x48948d65abcaa96dd26a85b0ca1ab7de4236bd4252e6c93a3ee893660299d55e,NO,0.95,241,0.05,0,59682.13750000,59562.05851046,NO ,pm,1,0.05
1782664500,0x29c9dcfdffa2c05707cdff98fa1c498f3de1743b2c9d2aca9c45eeeff082cf1a,YES,0.99,254,0.07,0,59567.28745256,59631.41525324,YES,pyth,1,0.01
1782664800,0xdac2e36771dc8488a7ccba04f8f15704d6393db2b91e3dc701f5817c8ca95b1b,NO,0.96,240,-0.02,1,59625.35659504,59538.20144017,NO ,pyth,1,0.04
1782665400,0x9bb23437717b602c425d0c10cd9b74cf3acf0f3d9ed9c3a0d7c1e7e39f6b163d,NO,0.95,270,0.09,0,59615.29000000,59593.29000000,NO ,pyth,1,0.05
1782665700,0x6275add130fe3f9d23a8a970471559d16e928d8a6b13dce99b99fd07cbf5a18d,YES,0.95,252,0.14,0,59593.28751503,59603.75412378,YES,pyth,1,0.05
1782666000,0x7754c08c0284cc283ba7362182bed0a0fff63ab1772975dbe2a1fb659083df07,YES,0.95,262,0.15,0,59603.68610594,59605.95160423,YES,pm,1,0.05
1782666300,0x620f9ab4588aec0c93377742df6a25f9c9e3fffa995847049a1bc7cf7a5f5ef9,YES,0.99,240,-0.001,1,59605.95716180,59667.54119704,YES,pyth,1,0.01
1782666900,0x62afc706ffb4e9b6ea814e836a60b989cfa4379823983d2cd692760f124c4a17,NO,0.95,275,0.30,0,59555.41283602,59561.33020093,YES,pyth,0,-0.95
1782667200,0x9c6b772dd99d92ab7cb990e80cc5589d18eff49e9bca2d87cb5b30a35e26aa97,YES,0.95,245,0.06,0,59560.99500001,59577.50249999,YES,pyth,1,0.05
1782667500,0x8003873fca4927c0565e5a35212cb9d8b6f7e57d7442ad94cbbadec764870e90,NO,0.98,240,0.03,0,59577.50250000,59511.78152637,NO ,pyth,1,0.02
1782667800,0x01be546ab159d3bebac80427adf0c9e2dd416ad9d0748a532ce03cfb38321765,YES,0.95,243,0.05,0,59512.70246737,59495.33196515,NO ,pm,0,-0.95
1782668400,0xcd17bf3b5811c5d2b808dbe55a52338d28e95c6790f78beae0ca09eb0b813089,YES,0.99,243,0.00,0,59355.88961907,59448.44110288,YES,pyth,1,0.01
1782669000,0x186533290147d15c8440f0fd037f78fc6db10b738ef27816c8744a18871a70df,YES,0.98,240,0.01,0,59437.27477180,59500.91612652,YES,pyth,1,0.02
1782669600,0xf526dcea454d4315cd9ce93fd1dca68f0a3222e43611ced698b20ea14e7987da,YES,0.95,240,-0.04,1,59498.60000000,59567.09385481,YES,pm,1,0.05
1782669900,0x5ac7cc30d65e987bd1a92823b5088c5d960178e53254e2cfe8f771fde2a2950d,YES,0.95,274,0.21,0,59572.74250000,59595.00000000,YES,pyth,1,0.05
1782670200,0x8a7518da901e0e8691a0843d4e120ed186e08a2bce44e9af2cf22a49092fe55b,NO,0.95,242,0.02,0,59593.36458758,59560.31500002,NO ,pyth,1,0.05
1782670800,0x5652ed3ea9c7cdfc1fe747730f14d59ba82412836562c7b4869381ddbb886815,YES,0.95,278,0.15,0,59545.86202152,59547.43662838,YES,pyth,1,0.05
1782671100,0xb14da83e4ae63b1ae96688915dab74ba9b1ca80e3d090e68b7debbce1a5c56aa,NO,0.95,267,0.05,0,59547.06128230,59522.75713213,NO ,pyth,1,0.05
1782671700,0xb1b37bdd7fc39bc84a9166dfa990cae4850567cdc2fb59aba2f623691da1dca8,NO,0.96,240,0.08,0,59535.31983091,59497.00913805,NO ,pyth,1,0.04
1782672000,0x47a8765ce505393996d54f7cc395d937987970db3cfbd57ad5cf350a01321b4e,YES,0.95,279,0.17,0,59496.84689484,59515.48500000,YES,pyth,1,0.05
1782672300,0xed9d8bc37752b98366a3a159afccb45b174d4b09668851eb20576f174e1dbdaa,NO,0.95,240,0.01,0,59515.35903595,59428.46874217,NO ,pyth,1,0.05
1782672600,0xced520d51656f20d256e0db7456d344ff5da4b9d7d4644c84488bc250ba71b59,YES,0.99,240,0.01,0,59430.14447076,59468.13911610,YES,pyth,1,0.01
1782672900,0xf95c592ae6a68b98562121edab463eceae04acb7a53d771a935efebb89d2b463,YES,0.95,240,0.00,0,59466.30500781,59524.71490955,YES,pyth,1,0.05
1782673500,0xa54967f02b89d53a0f56949cfde0bdc48538a89081b9cf89c36770aba9d8ff7a,YES,0.95,240,0.01,0,59410.26503004,59459.57169804,YES,pyth,1,0.05
1782673800,0x284e7df6e231e0d70388aebaea2a28c0d7991c95fa6bf1f02aa3d6f968ef53b7,NO,0.98,240,0.02,0,59458.95583576,59417.11349478,NO ,pyth,1,0.02
1782674100,0xdc06e3528799b9bb1d6268e7666e8e6124f3b9b8514206da79183fac608b73ce,NO,0.95,255,0.10,0,59417.01629342,59391.22500000,NO ,pm,1,0.05
1782674400,0xa00794cb82e2915212003a93715b76bb61b4979048d7b89299a9cac1a0460a41,YES,0.95,240,0.18,0,59386.16443238,59421.25163204,YES,pyth,1,0.05
1782674700,0xc2c007c8c92949a0ac594caf83c4be83ba8e0ad070b0c19bba48139bc464a9dc,YES,0.95,262,0.19,0,59422.38030299,59463.07682511,YES,pyth,1,0.05
1782676200,0x1b18416f1d38e8e3d8e579af57ace832a20dcfdc257ccda2c534356e5db4ad8e,YES,0.95,243,0.17,0,59274.81089917,59403.44996760,YES,pm,1,0.05
1782676800,0xd24bf488f34bbef435ef5fb145b9b08d4c67d065c2a603fa04ac0943255b38a8,YES,0.96,240,0.08,0,59397.12293462,59435.82758221,YES,pm,1,0.04
1782677100,0x57c78c83cbd416cb0ae7b332bcfaf4ce93b5df556e35c735b2a4f33d010b56f6,YES,0.95,264,0.05,0,59435.71422759,59456.41000000,YES,pyth,1,0.05
1782677400,0xa502f650ce0bd245a85bddc99207c3c59bdcc49aa6181b50bf9a9adfc95de1aa,YES,0.99,240,0.00,0,59455.38559339,59573.14973503,YES,pyth,1,0.01
1782678000,0x89869a48ff70264bb9b25b24141885bd9601f268c9d3f007c92d23cf02813311,YES,0.95,268,0.12,0,59595.20399725,59610.36000000,YES,pyth,1,0.05
1782678300,0xd0870590eb9af39acd1db62c4ec2ebc509884cb0ad663bcfd4d56a8b7b035822,YES,0.97,240,0.01,0,59611.13846673,59622.87800878,YES,pyth,1,0.03
1782678600,0x9ac060e5658ed6c1b4165bd805ab8723fc42c20120e3abcf6e50ba49d08fd69d,NO,0.97,240,0.01,0,59621.80671501,59584.34166820,NO ,pm,1,0.03
1782678900,0x5423c325eac506934e95fa409203c08d535627cce4b96c3f84f1289886f0ee07,YES,0.96,240,0.13,0,59584.44348484,59603.97408257,YES,pyth,1,0.04
1782679200,0x8e60223428845dde23656a5a42d33de12db499946d0f56df9cf585f78e6e75c2,NO,0.95,249,0.04,0,59604.67552224,59582.46682682,NO ,pyth,1,0.05
1782679500,0x149f488bb0ec8f6523049a2973ef42f11e52d301b31e13480a1ee4e71c35e296,YES,0.95,256,0.14,0,59582.35296887,59590.82868712,YES,pyth,1,0.05
1782679800,0x46f4ff70d990fdde6e8dfc855f6aac9e0fea7a899471413371911c993423d024,NO,0.95,281,0.18,0,59591.18902534,59565.90161764,NO ,pm,1,0.05
1782680400,0x34bec9e974afa8e5eaec834eff48c94e241f592dea458aa00e3454a4b52857dd,YES,0.95,263,0.58,0,59567.99203668,59569.70921530,YES,pm,1,0.05
1782680700,0xcc358d7b48d28a60125e1fd3a88de28f66b147702d52ed8eded3bba66a03ceda,YES,0.95,240,-0.01,1,59569.52750958,59600.71970695,YES,pyth,1,0.05
1782681900,0x443b964ba077fcb43f9f4e7248f7b69efb0a78952d3e2681949fa77b6ca954b7,YES,0.95,283,0.07,0,59608.49924217,59619.91000000,YES,pyth,1,0.05
1782682500,0x569a04963d7a98c02a13c2481128b0a58959fdc6a0b8de6fa0def07478cb2c97,NO,0.95,285,0.22,0,59628.68113703,59597.63398362,NO ,pyth,1,0.05
1782682800,0xc3dadc960898290d067e5745b29ee4946b42a9db501441e1b8d3a007019a5982,NO,0.95,265,0.12,0,59594.25899062,59573.82000000,NO ,pyth,1,0.05
1782683700,0x9e86c8046cd1c0d010a0a9889b5bf7d6848a62a091f51641c690b58396b7d05b,YES,0.95,277,0.09,0,59299.77060075,59347.81250000,YES,pyth,1,0.05
1782684300,0x973fb8c6a57ad40e9f100c9d9e652b8edc994b2d5b76fc9d14c208ecece3527f,NO,0.95,240,0.00,0,59705.08079461,59595.55030010,NO ,pyth,1,0.05
1782684600,0x390fffb4582f01fd5e6d803259e6731c63ebc8bb1bdd34106bf5d6fb7786cffd,NO,0.95,241,0.12,0,59586.44523178,59543.27541083,NO ,pyth,1,0.05
1782685200,0x6e9cf5bb532630bed37acebe85a49e9f6ee76a7da3772f159c9dbb9c11cbe886,YES,0.98,240,0.02,0,59251.04120755,59402.64493737,YES,pyth,1,0.02
1782685500,0x71ca4ee3080c27691e565af2e2fd3580793e36a327a4451a2b9c5f0f13ef0060,NO,0.98,240,0.01,0,59400.48318926,59288.48572296,NO ,pyth,1,0.02
1782685800,0x7c4449769d24f92a3b7920388548b2914f28e95b209ad4a628fc464087f44885,NO,0.95,241,0.14,0,59286.19000000,59124.54000000,NO ,pm,1,0.05
1782686100,0xbcc8ca135abad4c27ccfb56a12344eae5fb13447398eebd19b40396b8ab55071,YES,0.95,240,0.00,0,59125.98000000,59214.85094260,YES,pyth,1,0.05
1782686700,0xf454d1ccf5b1cc687cb52002e364e42e1676c8d0b7a6ea9828423d49b9b7d7ba,YES,0.95,253,0.12,0,59018.26669077,59105.00251501,YES,pm,1,0.05
1782687300,0x74698abf991a69e19b857ef9e275a7fb73af8e32f09f9c65a34d2820d3e0fab0,YES,0.95,265,0.14,0,58922.74973290,58978.71555704,YES,pyth,1,0.05
1782687900,0x4844b27008daf2d518bb878776f8588373045f2a3bf119a1ff1b2594cfc03c2d,YES,0.95,253,0.06,0,59157.34114131,59216.32369069,YES,pyth,1,0.05
1782688200,0x114776d4c2aeed17417735c0b1af6c5512180978406bdddc7ed61e1c567a26a1,YES,0.95,271,0.12,0,59214.94000000,59175.13426569,NO ,pyth,0,-0.95
1782689400,0xb0d1a48e387bc535e54f34b2df565e74e9a52a4472ae2bc12114d2fecbeb0b53,YES,0.95,247,0.04,0,59449.02187032,59519.76950460,YES,pm,1,0.05
1782690000,0x4099543afd68c164c5613f4a498aa3e5f52416725c9972197d61692ff302d19f,NO,0.95,240,0.02,0,59722.46869113,59635.75638806,NO ,pyth,1,0.05
1782690600,0xb8e6604a081f2f5939b16e587572ffca86d33a1c15915bcbed9e4338e6254cd7,NO,0.95,260,0.17,0,59660.49760537,59566.51500000,NO ,pyth,1,0.05
1782690900,0xa674a92b6a8b664da03e691b68dd8da9bd89f3a46fe14737fd7ca3cc8a97d622,NO,0.95,242,0.25,0,59566.51500000,59481.70920896,NO ,pyth,1,0.05
1782691200,0x5a7bdf5b86d6f95228f9677b98d9eb7858ad896770f0b47cc9b0ee4bdd613aa4,NO,0.99,240,0.00,0,59481.38500000,59316.00536811,NO ,pm,1,0.01
1782692100,0xf99965ce7a5b9aa7d73871e655e102a24752d1fcf9998f869dbb6e52c850a576,NO,0.99,240,0.00,0,59490.17795354,59307.74000000,NO ,pyth,1,0.01
1782692700,0xe06298a9ad03725463b2dfccabc04c90221ee0d6bf644ee384e1864afd66f453,NO,0.95,254,0.09,0,59212.89000000,59121.58000000,NO ,pyth,1,0.05
1782693000,0x92d6ea3f49a05dd3a9f53ed31d9615f1da89f97e308ad32d6a856571fc0c0d37,NO,0.96,245,0.05,0,59121.58000000,59128.95858968,YES,pm,0,-0.96
1782693300,0x85b612b2cb068d17e9adb4eeb8c940047611d4717668c3bed209d034d3d3be1e,NO,0.95,242,-0.03,1,59128.95858968,59010.76447751,NO ,pyth,1,0.05
1782693900,0xb9d54694fdc2918c0dc222f13c56da96434662a4f8838d07e1e965410c4248d0,NO,0.95,244,0.05,0,59279.61750000,59208.78264095,NO ,pm,1,0.05
1782695100,0x4072a7544d0e8299f184c44adc6fa792be31355516a6d08d0e771f69df808b96,YES,0.95,254,0.04,0,59370.93999258,59438.02250000,YES,pyth,1,0.05
1782695400,0xfd64a57329c1db2a7a30a960383a5d602b1241f8dceef90ae7010b1a7804ca9f,NO,0.95,241,0.03,0,59438.91750000,59383.79344782,NO ,pyth,1,0.05
1782696000,0x8cdfb9081b5d6346c936c66afdbf2bb0690081dd6b61486ec230de587497750b,YES,0.95,284,0.06,0,59194.59000000,59242.18751501,YES,pm,1,0.05
1782696300,0xa3f3f7ac1c1fd2abef68880ab6e81a764b54da2d9d10fb73b45c5df3e06c5028,NO,0.95,262,0.15,0,59241.34500000,59202.65796157,NO ,pyth,1,0.05
1782697200,0xd91e53f327a79c6899f018075c004e37fb4a0f7adc71098916278fbf555458e5,YES,0.95,247,0.14,0,59394.19158151,59449.24434387,YES,pyth,1,0.05
1782697500,0xda14e57d1c64d1d4b56d5c35345c75022ea43874fff87c61f5db8ae8fdff7757,NO,0.95,263,0.06,0,59449.24317029,59452.00500000,YES,pm,0,-0.95
1782697800,0x3991e74bd0537203af651b5da4a82a7bf0163ea47551dd2e42966358a2382c31,NO,0.95,240,0.05,0,59458.36738177,59391.99250000,NO ,pm,1,0.05
1782698100,0x6a9c0a1986ceb28e6b85b498c33c5b37c921f538a410d33481cf1663e58677cf,NO,0.95,281,0.13,0,59392.45000000,59342.39172089,NO ,pyth,1,0.05
1782698400,0x5c058e077266fd54baecd0a78a84537e20032fe016a0e160116b0a456d95b2d1,NO,0.95,254,0.42,0,59341.35500001,59303.61372785,NO ,pyth,1,0.05
1782698700,0x7bbd1bbcd1dca9e35d9d4ab097a1cacf813c272dddbdc7a71ad45f24cba8360f,NO,0.99,240,0.00,0,59306.13500000,59144.32286360,NO ,pyth,1,0.01
1782700800,0xb4c77075b180a65f08e9daa6163b9f83d5c202892db6385136fc59d8f9577524,YES,0.97,240,-0.03,1,59554.43000000,59677.41500000,YES,pyth,1,0.03
1782701100,0xcc23088b54add6ad5d860e8abd4946f6a06f64887a8f4761dc0cde793244384d,NO,0.96,286,0.07,0,59677.41250000,59687.61206052,YES,pyth,0,-0.96
1782701400,0x4f508e2c92accb5da133150eae421e415a662fda63627951f36c346988dba103,NO,0.95,265,0.05,0,59687.56500000,59610.30375007,NO ,pyth,1,0.05
1782701700,0xa409d45b3f6bbf985695104981843d0b78501ddde360b583151c92ae308fc1d2,YES,0.95,262,0.13,0,59610.72500000,59654.36503004,YES,pyth,1,0.05
1782702600,0x60c224000b16ab920ada7e626429ee2b8c25edc62319c04a2aeec730dd41fcd8,NO,0.95,249,0.01,0,59980.65672447,59896.26503003,NO ,pyth,1,0.05
1782702900,0x2aeccd4bd3117e79d59084d8df773c6aebd6b68121ed74118aaf8a8a421a8ffe,NO,0.95,274,0.12,0,59902.23000000,59904.74250000,YES,pm,0,-0.95
1782703200,0xda40def3ce8e2c54cd547d4f54bf22b80b421e9ead4184050f226e993ebe1078,YES,0.95,270,0.17,0,59905.97249999,59998.74000000,YES,pm,1,0.05
1782703500,0xf7501224fbeed379cfa1c5f76ccfa72e554404d3526c764c08baec58e16de732,YES,0.95,246,0.02,0,59999.22167698,60077.44936119,YES,pyth,1,0.05
1782703500,0xf7501224fbeed379cfa1c5f76ccfa72e554404d3526c764c08baec58e16de732,YES,0.95,246,0.02,0,59999.22167698,60076.35659323,YES,pyth,1,0.05
1782704700,0x44a07fe6fca0a9ef50705e58d19e597b26d66b78515e8fb931f874daa7f2d422,YES,0.98,240,0.02,0,59820.47000000,59906.66000000,YES,pyth,1,0.02
1782705000,0x6ba820d44919415065a3e089c0278111221a01d4b24b54b3eb4d4672c2cd57f1,YES,0.95,247,0.05,0,59901.10070153,59917.86897331,YES,pm,1,0.05
1782705300,0x295356fce148d0332906091346686d4de98b2a06aa11e2dc3d58cf1328593971,YES,0.95,283,0.11,0,59919.12542392,59949.37128235,YES,pyth,1,0.05
1782705600,0x52d7c9563a1e651a79eb2ee2acfae6dbac679a99d166859f44e53ef716de888c,NO,0.99,240,0.08,0,59949.00064117,59901.33949807,NO ,pm,1,0.01
1782705900,0x285b8c97c75abc3553a3ce9c3555b4069f3fd2611074a8906a6171476c9f20fc,NO,0.95,273,0.25,0,59899.61379851,59852.32444431,NO ,pyth,1,0.05
1782706200,0xa8a66497d8425ce80d23f519812cdda4c50e287ad83b6c224b849fb93bf00e93,NO,0.95,240,0.05,0,59849.46084259,59823.15519429,NO ,pyth,1,0.05
1782706500,0xc6f776e330cfa891f8cc412631cc68c438c0420c1a5008a72598f97697aabb46,YES,0.95,271,0.20,0,59823.61905213,59829.94500000,YES,pm,1,0.05
1782707400,0xbb1b22d0b69f279500aee88af91e477e5291d660d1553f4c8bd861e15f5f2344,NO,0.95,260,0.06,0,59856.51014340,59794.95499999,NO ,pm,1,0.05
1782707700,0xb531db9acd230e31740c6da0a045b02f9fee09e67136ddf3030271210f36cb06,NO,0.95,266,0.07,0,59794.95000000,59727.37000000,NO ,pyth,1,0.05
1782708300,0xe29a49eabcbde3f459211948e58f3c1fd8bf7aec6e147ec542664b199b635192,NO,0.97,240,0.01,0,59744.57657101,59730.60751505,NO ,pm,1,0.03
1782708600,0xab698ae7f65beada94ec49849a1e3a0b27d696d8524be9879aed29b044bc5449,YES,0.95,261,0.05,0,59731.17000000,59781.31745950,YES,pyth,1,0.05
1782708900,0x24fb04bf9f5785a58f884a35149d21da4abdbe808cadc5a86694012dace06377,NO,0.99,256,0.12,0,59781.60109050,59732.49812425,NO ,pyth,1,0.01
1782709200,0xe651559ab94281fd31a7e25e81ae05fe2fe56791d1437f6217956a5cfb351e7a,NO,0.96,240,0.00,0,59736.09000000,59598.40499999,NO ,pm,1,0.04
1782709500,0x9e672e46073ccadf7e97b5a368124ee71af67d7edc61a4d0239e1017854ca2d5,NO,0.98,240,-0.01,1,59598.40250000,59467.52500000,NO ,pyth,1,0.02
1782710100,0xa5d6b771de262d38d0a7307b5f664769c6f6165bfe4f580d7cc5f3b2fa6e2819,YES,0.95,240,-0.019,1,59435.01510360,59489.59500000,YES,pm,1,0.05
1782710400,0x45e786d84c82c9df3e84383039fa81420987517a92087fac2b3da1fc6b1baf3a,YES,0.97,240,0.06,0,59498.87717168,59564.55340001,YES,pyth,1,0.03
1782711000,0x9f3df0f313e45d71490e6d2933934ef16d4d443284a3132e69457e7ea5a95daf,YES,0.95,243,0.08,0,59590.24251504,59698.17048366,YES,pm,1,0.05
1782711600,0x2a38923a7340777a928cb5d184eb83d3dc55827f686c4601dceeeef4a8e66b35,YES,0.95,247,0.14,0,59663.11750001,59815.06000000,YES,pyth,1,0.05
1782712200,0x63a901762961128127cd9c4fa0367663eead6ffea0ba508e2eda5045663f7564,YES,0.97,240,-0.01,1,59822.12000000,59895.81744399,YES,pyth,1,0.03
1782712500,0x88ab39ef71ae2619d2bfd12e6b7ee764846800048f22201748dc8e970f541351,YES,0.99,269,-0.01,1,59895.55747753,60002.56503009,YES,pyth,1,0.01
1782714000,0xd4fafb3ac387f9aa227cd09de4400fd920d8c12c2cf6c76ca91342756d873345,NO,0.95,280,0.19,0,60206.72746370,60172.36479608,NO ,pyth,1,0.05
1782714900,0x22639017e7becd0c7607ba2149aa6b84720c5be2ff43c9e714e3799149d2e437,NO,0.95,259,0.08,0,60033.52000000,59978.42486597,NO ,pyth,1,0.05
1782715500,0x0bd04bd8a9ada51f7bcef2e3e7ae5f126ca66fa41b7024906cd09b9d548a2ac3,NO,0.95,285,0.11,0,59981.58255523,59956.64500000,NO ,pyth,1,0.05
1782715800,0xb0e042ee31d17a3e38de34c4def594c04c4cf442bfeabe60f769fc33c496e59b,YES,0.99,261,-0.01,1,59956.64750000,60029.61237203,YES,pyth,1,0.01
1782716100,0x0807c996ce46c3728f1e6da06eb8c1413721a152c88a683be8e59ec6c0ce7b8b,NO,0.96,250,0.03,0,60028.78325527,59984.23000000,NO ,pyth,1,0.04
1782716400,0x2f0ac6a04a0302aeaee1e329e27522a044c93275ed5f5e96e4b178a9d91fc66f,NO,0.98,240,-0.01,1,59984.23000000,59954.33999999,NO ,pm,1,0.02
1782716700,0x0f91e0210679eb9673ef5cc92472e2bd16c0bf585013a97e5b13e14c93db1a4f,NO,0.96,260,0.17,0,59953.51999999,59919.32133030,NO ,pyth,1,0.04
1782717000,0x03008ceb158e0a1030eac7c7e480dc179f83a104b669253b3866752c4b560314,YES,0.95,258,0.12,0,59919.69500000,59985.51961152,YES,pyth,1,0.05
1782717300,0x7f85bd490905160934a350f6c6725ffd87207b1c71cd9b3f8b328d05c422d2db,YES,0.98,240,-0.01,1,59987.39251504,59975.18947921,NO ,pyth,0,-0.98
1782717600,0x23283d14fdec7e12c167ba83a3758023458fe601079330901fa5079f8d87d40c,NO,0.95,253,-0.04,1,59975.48935515,59957.51000000,NO ,pyth,1,0.05
1782718200,0x11eb7f507136e5fd89b9cbcb1c1bf3fa75ece0fe866f0b4ea185c775dbec7140,NO,0.95,245,0.07,0,60013.14534909,59984.17000000,NO ,pm,1,0.05
1782718500,0x5c51cf2ee3ee2d1379e3f0c5b30ee97f266218e0b98523f2295b2490446e321f,YES,0.95,252,0.10,0,59984.30500000,60018.23609095,YES,pyth,1,0.05
1782718800,0x45c4304868d2b2d251356039a9d630c9dce951d95e1c6f15f7b7af87160a52cf,NO,0.98,240,0.00,0,60018.01000513,59959.11444204,NO ,pyth,1,0.02
1782719100,0x6efebcbfa5826cd50ff5fa84c10756723388bec4a582961561990a8007f89cdd,YES,0.96,285,0.22,0,59959.57120206,59997.39000000,YES,pyth,1,0.04
1782719700,0x093066a72eff5afd9db360434a7f25dda9e11768421715967ff08a462582a443,NO,0.95,240,0.00,0,59988.35557513,59932.85899271,NO ,pyth,1,0.05
1782720000,0x6a7b3b98eaa4c1e2c6f876ce172f1091687636e33b1ee55763896040a2618641,YES,0.95,286,0.35,0,59932.78499999,59988.79716231,YES,pyth,1,0.05
1782720300,0x3370d2dd4d1c739087da13561d1d2b9e81bfb352039718e81ab936d61fbded2a,NO,0.99,240,0.00,0,59979.32831668,59897.69022982,NO ,pyth,1,0.01
1782720600,0x9203d169d8709e87deaa49fc662ed21233ff52468dfe4b69f9a26a62f60a3f25,NO,0.95,251,0.19,0,59897.63575848,59866.42000000,NO ,pyth,1,0.05
1782720900,0xa0f89bec64f18540ab65981df167d655af65752bcd1b3976549ad1b6d3cf5b78,YES,0.99,248,-0.01,1,59866.49349173,59899.36394178,YES,pyth,1,0.01
1782721200,0x363ade4c4a2ae8a7c1a185c54bfae462e898b72c5af36444ce7782ab23c8d6e2,NO,0.99,257,-0.01,1,59898.06374584,59824.39500000,NO ,pyth,1,0.01
1782721500,0x1cc770fa3012aad4ab49dffc5905a8a9585c87cb8513688ec8f75f4918dadb02,NO,0.97,240,-0.01,1,59824.39500000,59743.05421312,NO ,pyth,1,0.03
1782721800,0xb95d9644a1b93b5a7426c75440dd1c17df49d3578a036cc83b02683b2434c30a,YES,0.95,282,0.112,0,59739.81963259,59793.44819315,YES,pm,1,0.05
1782722400,0xbc6871b074d187171d567777c620014183c3359a503b8585ddd773ea7c4f66c2,NO,0.95,254,0.17,0,59799.38208128,59776.55739373,NO ,pyth,1,0.05
1782722700,0x89d315f021cec83598ed9eef4135a75a5bbf8fd5d36155336cba6976a19b9996,YES,0.98,240,0.00,0,59776.15182367,59819.44559623,YES,pm,1,0.02
1782723000,0x52a634e99d98629b5d89d41f5ddedbd286ef25d46400214a4fcc29f7adfa932e,NO,0.95,268,0.20,0,59823.07000000,59793.07185068,NO ,pyth,1,0.05
1782723300,0x1fd510208d589bf66abb2cc84be73b57dfc98d575f89713d75ae3da33d2a9e37,NO,0.95,260,0.10,0,59792.60766192,59747.12131655,NO ,pyth,1,0.05
1782723600,0x36da2ca80f8546a0c137f2662804dafe0c96678fa03572a61089c69dfb3e0bc9,YES,0.96,251,0.33,0,59745.09430193,59782.66000000,YES,pm,1,0.04
1782724200,0xcf90529d32d4fd05696ed052584b5ffa7898ec5641a36abcd729699aff0746b9,YES,0.95,240,0.08,0,59792.00503001,59856.21749667,YES,pyth,1,0.05
1782724500,0x7bd187bbebdc755447afaf5da7e023a3603caf5fe38c1291750c5c69eb584766,YES,0.99,285,-0.01,1,59855.60000000,59894.23725015,YES,pm,1,0.01
1782724800,0x0847050c951c32a065678b5fb79324d525ed9481017cc799ecd6c6ad29fbbfb8,NO,0.95,246,0.12,0,59900.40170859,59795.76750000,NO ,pm,1,0.05
1782725100,0x69304d0e7a5b3086e65c60930a66317b3da83ade8fb39e36c7287331448a1dca,YES,0.95,240,-0.02,1,59803.13808936,59839.79724187,YES,pyth,1,0.05
1782725400,0x81f7692835d6a33e19983dc1ce674edc7aade8f4f6c978c4f66fa0ddf750b731,YES,0.96,259,-0.03,1,59843.06000000,59887.28249999,YES,pm,1,0.04
1782725700,0x597458972fa8537f5ce4baae0ded701d8105b000e1d54330691ede99fefe8f79,NO,0.95,240,0.04,0,59885.93388410,59857.85503007,NO ,pyth,1,0.05
1782726000,0xce7ac7176b2fd0b553e1d597db8bed915a347526d578d4506186dc11d29a8490,YES,0.97,240,0.02,0,59855.62000000,59879.73000000,YES,pyth,1,0.03
1782726300,0xd1e2d93f893130e88a8fd80f53b97bb993267c461260ab275fd52312d3a3a4dc,YES,0.95,245,0.00,0,59879.61500000,59940.22836306,YES,pm,1,0.05
1782726600,0xca3668edd29582d13d55eeedf3a3fbb1b8dfd38a3e49ce3b19647d20fd00f543,NO,0.95,246,0.05,0,59940.16036010,59916.58750000,NO ,pyth,1,0.05
1782726900,0xd394fd7d3427945c6c8004313451fd8ea175e4dc37778108f8f5eb364821a2e0,YES,0.95,268,0.02,0,59917.07048737,59971.16142299,YES,pyth,1,0.05
1782727500,0x4bfd7015a227995bb7d403dd329c42e803c5ae4e53e3597d6b948f8da27f0713,YES,0.95,256,0.19,0,60061.47000000,60191.39710311,YES,pyth,1,0.05
1782727800,0x899fb079fa37658c5ba02d90a2c8843df76e17f27bc1f632af08d8cf37cb0996,NO,0.95,247,0.06,0,60190.80033825,60142.80000000,NO ,pyth,1,0.05
1782728100,0x456c4ba034e2c6b0bd69fc83f1d4739c3ef19d5fc0b38dad5886dda8da9b87bc,YES,0.96,240,-0.01,1,60142.81545795,60214.45532575,YES,pm,1,0.04
1782728400,0x721a8a11f76dc1d20f2a72c0ee4a606475014b696f8e31aa527f5911e2a6f604,NO,0.99,240,0.03,0,60214.44106385,60157.31000000,NO ,pyth,1,0.01
1782728700,0x491afbc1eae16f78070698cae8c87de7d5020f623e8c898e62a1a7dd943705c6,NO,0.95,246,0.09,0,60157.10000000,60128.39251502,NO ,pyth,1,0.05
1782729000,0xf57cd0c0f2688f538db24c55f3079986bd6fdb851725dc02e566c3dd12121dee,NO,0.98,240,0.01,0,60128.39251500,60073.70740687,NO ,pm,1,0.02
1782729300,0x9c80d17ce6d559633f53912ffb60bfdb4859d1a6e8863dbdde49d0ba61f09cd3,NO,0.95,249,-0.04,1,60073.83055361,60030.72500000,NO ,pyth,1,0.05
1782729600,0x3f1eee3a2f8585dab3d8818a3e6b526fe6f1fa204dccd501cfcc02462520a789,YES,0.95,284,0.08,0,60032.11630989,60045.26500000,YES,pyth,1,0.05
1782729900,0xf5eb4ee409011a65c073827c45770fc192ee98a0d138c6b6df2b97aeeec68c04,NO,0.95,240,0.02,0,60045.26000000,60015.03437490,NO ,pm,1,0.05
1782730200,0x402f08484686cfb7edf30bd1ec4ccc4215903ca447af44b7538e3bca9ddbc764,NO,0.95,275,0.19,0,60014.81773492,59998.09202182,NO ,pyth,1,0.05
1782730500,0x9ce6e7438e2335691c9ca2d034f98297923f038d3cf3befe3a4ed8256d798a9d,YES,0.95,282,0.51,0,59997.65977811,60003.67499999,YES,pyth,1,0.05
1782730800,0x1f7cf1663d3b1b50a37ed2b234a8311c488648cc2247d78d08957a4d9cba47ec,NO,0.99,240,0.00,0,60003.67499999,59954.29949931,NO ,pyth,1,0.01
1782731100,0x47b80118f698b0995f3bc99fd6c6df3287b8891217dac6b1f1b6f87351d2d41a,NO,0.95,263,0.03,0,59954.05968211,59938.59362508,NO ,pyth,1,0.05
1782731400,0x8c87863cb931e7a68b9c39d852e947dde0c1c0073fb2b48a32f20ce23387c356,NO,0.99,240,0.01,0,59937.85965051,59862.43251503,NO ,pyth,1,0.01
1782731700,0xde14d27c886343b7499d39a81be93168f1dec2ec28722d0642a7332bd70f1b8c,NO,0.96,240,0.02,0,59862.30406097,59823.20243240,NO ,pm,1,0.04
1782732000,0x80325a273f3552c578b1c1b9159cecef5c7c76a911a00123a423223561aece1f,YES,0.95,282,0.18,0,59822.77370784,59834.10335283,YES,pyth,1,0.05
1782732300,0x958302016aac6b780f3fe3bf6dd147b7ef57f05755aed3fe0f703a0cf442cb89,YES,0.99,240,0.01,0,59834.69500000,59907.89750000,YES,pyth,1,0.01
1782732600,0xf02bab221ca0d79467d69c5bd4365c23f1dade637fae2aa54357c0eb7aa31314,NO,0.96,286,0.11,0,59907.90000000,59884.29499998,NO ,pm,1,0.04
1782732900,0xcba4f65865f1eae73e4367fd1a88ca974ecec10090342703ad4b50e40e53d941,NO,0.98,240,0.02,0,59884.29500000,59750.93000000,NO ,pyth,1,0.02
1782733200,0x0804944f4c8f8ec445140443e4d658f2ca321cddd0358ed38b3422007fc7ffe7,YES,0.97,240,0.01,0,59750.92500000,59779.41788130,YES,pyth,1,0.03
1782733500,0xf51232acd29a0b9716003ace2bbd2f76cfb4bda4144ebe0edaec429fb806a81b,NO,0.95,283,0.29,0,59778.29317900,59724.48683763,NO ,pm,1,0.05
1782734700,0x69d03408f60d9c0bdc0110cf0c4a22806fb946bae7cad482f25a8c95d7a4af4f,YES,0.952,240,-0.013,1,60245.87369257,60398.29434425,YES,pyth,1,0.048
1782735000,0x2b9b525c3b91d04d3a31a55d250bac8b9a1b8741fd166ba00b2c299c6eee0d3c,YES,0.99,240,0.01,0,60394.10000000,60590.68920273,YES,pyth,1,0.01
1782735300,0x25f4ba8a4abbc3347d9c5bbeb36c3fd74df0cff7f3cf6d8d4e8d629f8589a277,YES,0.95,266,0.24,0,60592.62000000,60643.47124661,YES,pyth,1,0.05
1782735900,0xed5b90c55d76bbd720fe80b76295dac272bc0b7b80edb2311b33b6266eb1f436,YES,0.95,289,0.10,0,60341.83232198,60355.67250000,YES,pyth,1,0.05
1782736200,0x4692346831c4aa04e1cd6e84e17a0f609e86008cc03c00bbfdddbb9659f6bd9d,NO,0.95,243,0.01,0,60355.67500001,60287.11153134,NO ,pyth,1,0.05
1782736800,0x3351f37050e809a2e6baa9711f9d7066c6bc61c34160ba950daef3c9193fcf57,YES,0.95,276,0.03,0,59817.59056969,59867.62467210,YES,pyth,1,0.05
1782738300,0x699ed23eac79e03e945195cd66f9d8ac0e363c3e98da7d66ca74d0f6a16b650d,NO,0.95,285,0.05,0,60031.15750000,60001.87000000,NO ,pyth,1,0.05
1782738900,0x56b72cec4230c6d092941fdb457990e332539ea45dcac161ee45d48661535184,YES,0.95,240,0.03,0,60125.48500000,60180.78040385,YES,pm,1,0.05
1782739500,0xa88e2b50ec88939cbefc16c5d54c152f385c69b42ee4a3cdf9ad7cee0ee80503,NO,0.95,249,0.01,0,59974.97249999,59898.17675373,NO ,pyth,1,0.05
1782739800,0x2d67165ba2cfbb99ef056fdfc566318a6c6516d39fcb6b6b7e63b8fb73b74fb9,YES,0.95,262,0.17,0,59894.77345571,60007.60250000,YES,pyth,1,0.05
1782740700,0xb9cac2bd66161e5c1e54b6a63b85d93cc1528924ae450f39f6a7ec5fb1c7713e,NO,0.95,277,-0.04,1,59369.13000000,59299.29718012,NO ,pyth,1,0.05
1782741000,0xe8f6b684d8d96d3524cc1e0ac98882bbdc9515c834a380bbbdcd65ef36c007bd,YES,0.95,242,0.00,0,59292.60503001,59352.79500000,YES,pyth,1,0.05
1782741300,0x7402955a012b4a372d476d9fdbd7ee76aca043394cdbe40016ea408cf0997c0d,YES,0.95,254,0.04,0,59355.34327590,59470.01179972,YES,pyth,1,0.05
1782741600,0x80a331ef6bfb793f3e8424ee40f70fc435ea50314097cec12f11062bbad30e50,NO,0.97,240,0.04,0,59476.63770324,59389.12500000,NO ,pm,1,0.03
1782741900,0x6c0f02e193d0ea613554906838b14806bd6b0de7cb95e066140e698a2865fcb5,NO,0.99,245,-0.01,1,59383.02291903,59169.19000000,NO ,pyth,1,0.01
1782742200,0x67aa0e43de75219f3853da9986d26f81fc66e2734a6428b1a86ac79fa1bdc4a6,NO,0.99,240,0.01,0,59167.61792586,59007.99725852,NO ,pyth,1,0.01
1782742500,0x6e654a61b519cced677f3e540d7766b0451607f625169f82f5a8ab7f1ea5f5fd,YES,0.95,254,0.12,0,58984.30207420,59069.03000000,YES,pm,1,0.05
1782742800,0x3e4a1f3a1e73fee3d6ca1f36ae4379133c9236ce10c593c043a01525011097a2,YES,0.95,286,0.10,0,59049.88855815,59162.21103584,YES,pm,1,0.05
1782743400,0xf6cd6079f32cb051d37cbacae47627a9778ddab3fc529552c86adba7b992f2c6,YES,0.98,240,0.01,0,59402.68492484,59485.89500000,YES,pyth,1,0.02
1782744300,0xf225ee6e8739e8c4c18572d58ddc45e302a0d2502b33a614fedfeb80e8c88c09,NO,0.95,256,0.14,0,59217.03660482,59244.62000000,YES,pyth,0,-0.95
1782744600,0xefed84007ef581b5dd1a6eca246adb4cf4f20e9c8f144a790431e6b6474b6253,YES,0.99,240,0.01,0,59258.78143159,59493.83442243,YES,pm,1,0.01
1782745500,0x5a3af7418eecea35fe9fcbdd2dff3589be4609241b5889902fadc8e9335913d6,YES,0.96,281,0.11,0,59113.25639500,59141.84500000,YES,pyth,1,0.04
1782746100,0xc8b68bee05336bc7d1472ea250f49fb314ebfb4c2730d5e9f916887b4d40e528,YES,0.98,240,0.02,0,59147.53822965,59277.37853020,YES,pyth,1,0.02
1782747900,0x759e6cd5c54858ba5d8c6d113cbfc8e6b9aa866cb532b0f16dd4fdab742d70db,YES,0.95,240,0.00,0,59718.64100414,59806.78851457,YES,pyth,1,0.05
1782748200,0xd35f22a6f0fadcdd596bca176b3651e5f6d6cb9a87892ef62286d4893801de6b,NO,0.96,279,-0.03,1,59809.05488546,59797.83432028,NO ,pyth,1,0.04
1782748500,0x5062b62f75fda628258a477cd9679af0e33912046f712aa5472b9ddc486cad87,NO,0.95,240,0.01,0,59798.43432028,59719.90000000,NO ,pyth,1,0.05
1782748800,0xcf93bbd8394ea9ea267201e1d674f14f2ca5acfa52f7ef42289b8d1e0a464a92,NO,0.95,261,0.17,0,59722.02370650,59699.77803749,NO ,pm,1,0.05
1782749400,0x4f6f4f48587ab50c1246a83815f5d617176de540a1078e5b95b4606075fffb34,NO,0.95,240,0.09,0,59692.90543990,59627.92018278,NO ,pyth,1,0.05
1782749700,0x0d1313b88c96d798e1fec593feb8581a467792a437ce483ba322b01ca2bbdd57,YES,0.95,275,0.06,0,59628.07131631,59672.99879612,YES,pm,1,0.05
1782750000,0xe95846241311cb5c2a4e372770caed55f83f71d9b8803b2732958458bf87b50c,NO,0.98,240,0.00,0,59674.55985876,59585.61000000,NO ,pyth,1,0.02
1782750300,0xfc146e9603f246f212a4b3beffa849bd2ffd7157e91e69a442b87eaeeb5fc30a,NO,0.99,240,0.01,0,59582.76000000,59507.84651193,NO ,pyth,1,0.01
1782750600,0x904070b975c59bebf8436ab60b0ab3d0411f73c69349a05bf0916d731bc6e1fb,YES,0.95,241,-0.02,1,59505.67603378,59591.99055910,YES,pm,1,0.05
1782750900,0x5587e5288c11bb2daa797a9cfb2b79b91ac121509970e1004e5b78bf0c625fdc,YES,0.98,240,0.03,0,59594.51323576,59731.36332465,YES,pyth,1,0.02
1782751200,0x64df60f209af152ab65d85feb6ade533b85d606116fb16f9d3ffbf6c64ace356,YES,0.95,240,0.02,0,59729.29878555,59773.03430627,YES,pyth,1,0.05
1782751500,0xfd3fc89725fd17137aee852bcb8fa7be904f02d21a1b0cdc6b820c31849efe38,YES,0.95,249,0.02,0,59773.12353530,59857.39682298,YES,pm,1,0.05
1782752100,0x24e87a89021dafd2f95ee4b889038e08e140120afaa51d4307a9fd124dcfe33a,YES,0.95,278,0.02,0,59770.96049991,59798.00178580,YES,pyth,1,0.05
1782752700,0xbfba8cd724f857bcbbec03a967a571fe18813b4591be2a4687c730980dd401c1,YES,0.95,281,0.14,0,60062.51664181,60111.20499999,YES,pyth,1,0.05
1782753300,0x6c57866426b2d630d04b39711742d121a0acecc6fa375b9b792bb0db4f5ac1b0,YES,0.99,240,0.00,0,60367.04276984,60503.02397651,YES,pyth,1,0.01
1782753900,0x8e9082560e3a5b3cdeb47b2c33054eb833346b00d641a3d6e8df20fc236a5bf5,YES,0.98,240,0.03,0,60343.47599766,60458.62128536,YES,pyth,1,0.02
1782754200,0x16148ba1849d2d06fda778ab72a23ad091e71dfcf24c5b73fc6a6438d560d102,NO,0.95,258,0.09,0,60457.60409952,60411.93503005,NO ,pm,1,0.05
1782754500,0xc9f512fa0926e8cc8f147a4f1e639fb791bb80021d83710905feb017f38b68d2,NO,0.99,259,-0.01,1,60413.50149289,60344.75777599,NO ,pyth,1,0.01
1782754800,0xe0b310cf4c57cb3be180c80dbb7263d16da8c63189b0d1b48a89eec0057fc0aa,YES,0.99,240,0.00,0,60345.11761908,60541.06000000,YES,pyth,1,0.01
1782755100,0xa8a810acef5f40e2a6c71e2100e2c238f446ce3b04002aab8349a80db75eea30,NO,0.98,240,0.01,0,60530.10004879,60497.83869262,NO ,pm,1,0.02
1782755400,0xf1cd6472c01202bc02e66c27d792aa9bfa92149f9b60ef70fb8d03a03f759bcb,NO,0.95,253,0.14,0,60492.60500000,60414.07007646,NO ,pyth,1,0.05
1782755700,0xca513734639f312bcc64fb59215ac3584e850d579e63c342b9c3af7f43496820,NO,0.99,240,0.01,0,60414.07007646,60318.74623432,NO ,pyth,1,0.01
1782756000,0xbe743207bbcdf830c33f14277f379730bc5eab0a6385dc9847a7ca4f8daccb9e,YES,0.95,289,0.30,0,60319.35002144,60336.75871752,YES,pm,1,0.05
1782756300,0x22d13206a6ef3cb00eae41167450b2e9ad6ed3c17ecfce199d0d8cc7e02452f4,YES,0.95,241,-0.01,1,60336.71883044,60371.08914685,YES,pyth,1,0.05
1782756900,0x54d3e3d468cfb38da2b5263f6409270156d7b731032244d31df300e5a0779def,NO,0.99,254,-0.01,1,60430.04572193,60379.59651988,NO ,pm,1,0.01
1782757200,0x1efd7e8ed2a97f78c4408e49667d50ae70a673e54a9197d83bb2635a05632b2e,NO,0.95,271,0.14,0,60377.84735497,60348.51686580,NO ,pyth,1,0.05
1782757800,0xf744abb7c01952633d0e9a7d257e21de36ae14f9215d91edd5b66322ae5a49ba,NO,0.95,283,-0.04,1,60182.94026922,60159.12514980,NO ,pm,1,0.05
1782759000,0x0ab3a03150857d3177cea678ff70a2ebb62773cfcbdf748fbd3f92811458e091,NO,0.95,264,0.11,0,60175.28499999,60153.54556677,NO ,pyth,1,0.05
1782759300,0xc476dd6b88594cf1a8fdc463cc4f5d0bfd4c83fc24996faefef6b943d2f8dcd3,YES,0.95,256,0.06,0,60146.07970651,60203.39319048,YES,pyth,1,0.05
1782759900,0xdb6f29cbd89b96a54a08604d78bda444f21280fcda96e11557c450f149ce2066,YES,0.95,279,0.28,0,60096.55000000,60119.93440878,YES,pyth,1,0.05
1782760500,0xbc81a791ff00116e680884cbf7d679dde9785a34483c7d26cd71e1fbda12c649,YES,0.95,254,0.11,0,60108.48500000,60189.21000000,YES,pyth,1,0.05
1782761100,0xd39d062b17d20e3e95183e43cf01ada4d29c864aef3ef111d9a29cfef2d43639,YES,0.99,240,0.18,0,60307.40167875,60369.82250000,YES,pyth,1,0.01
1782761700,0x4119c6622fce373ec77528f99c68085d01210df56df2e72995aa8abde8b265c5,YES,0.95,240,-0.01,1,60239.19996338,60273.28534822,YES,pyth,1,0.05
1782762000,0xdc10dfa03c53e62f19dce8edcf3aca7e82758f3b382e737c2d7ab289a510ec91,YES,0.95,248,0.19,0,60274.93982077,60377.06000000,YES,pyth,1,0.05
1782762300,0xf85515a1f434d6e2ab76036d3cce20af72b58134269b7ebcf4418ab2a92fc372,YES,0.95,273,0.16,0,60377.06503008,60424.11457582,YES,pyth,1,0.05
1782762600,0x892801b1b151005896fab2268d81c179a533a9e997c85a701c9a2ebd4588b5a7,NO,0.97,250,0.74,0,60422.08835554,60378.57000000,NO ,pyth,1,0.03
1782762900,0x7d88d3581325a53eb73a7106d9793f7a1db6c2db94da32fc5f6179b669aceafc,NO,0.95,269,0.24,0,60378.57500000,60339.59000000,NO ,pyth,1,0.05
1782763500,0x5f9197b8d902acce01a49681726a57c6a1fcc1820089ca71bb9c40fccdf43bd1,NO,0.95,250,0.07,0,60409.15499999,60373.55481920,NO ,pyth,1,0.05
1782763800,0x62282527be9672b9b46ad3d8d725ff6971d84719e02aec388984221993d23b9f,NO,0.95,270,0.12,0,60363.33500000,60346.18000000,NO ,pyth,1,0.05
1782764100,0x78acf6006bd0ac4cbd3924de1587d17cae891f45c8428c61588e16473153f87e,NO,0.99,240,0.00,0,60345.06000000,60277.45430575,NO ,pyth,1,0.01
1782764400,0xd7ccf958cd24c1ff76ae585614f9b516bf6892d862cf78d891d9252d68608a19,YES,0.99,240,0.01,0,60282.90500000,60336.26266166,YES,pyth,1,0.01
1782764700,0x2ea5b2f17ce913acaa51b08e90fd9640975e7a40b7d4c292d9db2a3d7393666d,NO,0.96,272,0.07,0,60334.52584080,60304.68503007,NO ,pyth,1,0.04
1782765000,0x7639dc440d8cb4b4ef3070e2f60d7082b91e12d0ba6cd41f6720545a817e25f7,YES,0.96,240,0.01,0,60308.17751504,60374.19878730,YES,pm,1,0.04
1782765300,0xb211b384100c3ce510339a83f53383613bc0f9558a478416cad3f96336317363,NO,0.95,247,0.12,0,60374.50000000,60376.45424986,YES,pyth,0,-0.95
1782765600,0xd3be12208bd7533e68dab00ea7f1507830c86d0fecaca655aa482b72d28518b2,NO,0.95,240,0.07,0,60376.45255017,60324.44000000,NO ,pyth,1,0.05
1782765900,0x539845b2b3ac7c6b0ffade783781a58ca67f1ed15ed1bffbf94f434c7db5fef0,NO,0.95,264,0.04,0,60324.44500000,60308.33503007,NO ,pyth,1,0.05
1782766200,0x62bea64d191f596902b9e76df3c5cd43dbb24d849712875fb62e7e46288a0853,NO,0.98,240,0.01,0,60308.09379668,60219.07208501,NO ,pyth,1,0.02
1782766500,0xec77c128019c70e0afdc23a7ff56d000e69d3a9fced73f6290163894101a3bf9,NO,0.95,275,0.17,0,60218.65164746,60203.29000000,NO ,pyth,1,0.05
1782766800,0xc632ac359f8f6f56672e93be8444741aa331f48e258470c2fee6ff267ba607f1,NO,0.95,280,0.62,0,60203.45000000,60198.42000000,NO ,pm,1,0.05
1782767100,0x6740b2408ff60876144fdf5f8f8493030ee3222a52c9c51a89de88a5d8737e99,YES,0.99,240,0.02,0,60198.50250000,60235.91720072,YES,pyth,1,0.01
1782768000,0x1bc5063d4607d8f9b61cd0a725ef6c3a700a359f0ce459cce6817ab07d4c76a7,NO,0.95,289,0.26,0,60231.80726693,60218.19500000,NO ,pm,1,0.05
1782768300,0xc8e108a50981065813d1654400c3b0838913de685ba6745e3c9546fdaf29c390,YES,0.95,262,0.17,0,60218.19500000,60258.44140064,YES,pyth,1,0.05
1782768600,0x29a10283f092d03a5cd1b1a6ca538466321d082a6f458840d5451b4a390777f0,YES,0.99,240,0.00,0,60258.62217633,60319.59324934,YES,pyth,1,0.01
1782768900,0x7a1eafe8bfe2338b97a6b6390ade006e2ed335f9522c26ea8c6f0d797b9d66dc,YES,0.98,245,0.18,0,60319.50688270,60377.82250000,YES,pyth,1,0.02
1782769200,0x25dc3fee2d007fcebb1abb97ca8f0165ad67aa12d00423a19e6c0c4522f51b3b,NO,0.96,270,0.21,0,60377.56585788,60374.17500000,NO ,pyth,1,0.04
1782769500,0x2bd54a977dedb62ddc7e19a572dbbe26340d57e415349087bf4f2964d30ca0dd,YES,0.95,244,0.02,0,60374.17500000,60418.76249356,YES,pm,1,0.05
1782769800,0xd08f7a270452c7ab5af7bebf1c8b2744ea5c1e8a83edaef81a2de9fc235aa477,YES,0.95,253,0.08,0,60419.90853679,60496.91596020,YES,pyth,1,0.05
1782770700,0x62187497fd311b7ca08b6dd3fb07fc7d68449ae0ada8b360eec3086bd54bb241,NO,0.96,240,0.02,0,60380.52124094,60354.54000000,NO ,pyth,1,0.04
1782771300,0x49194172f680f6cb15fbeb921a56787692997c3fbe38c8958eae55425005fe5f,YES,0.95,283,0.62,0,60361.08000000,60397.61750000,YES,pyth,1,0.05
1782771600,0xa61097e8377fbb7cf41e81b6adb9ea82f66b334cf5e4d07fd54427bea8b3519d,NO,0.95,258,0.04,0,60397.76849403,60355.37500001,NO ,pm,1,0.05
1782772200,0x956fa7cf5b48ff3e964c2edae4e44190e313697b43b53fc04193852a2d0a2235,NO,0.96,240,0.01,0,60353.87535033,60305.64944916,NO ,pyth,1,0.04
1782772500,0xe8ac5687e73b752f46266eda4300a244813d1cf2e7247ee4df2b432f1f8d1e5c,NO,0.95,257,0.07,0,60305.21031218,60275.81499998,NO ,pm,1,0.05
1782773700,0x4547c065886fbd031c87b3dd6711343e2ef20988c8f45f4ca1e0a681eefd81ca,NO,0.95,240,0.01,0,60340.20241078,60266.40693708,NO ,pyth,1,0.05
1782774000,0xe5d2f8486dc9c728f6a67a8a1557f01c220c56864ead8e05d6ac3b39b8325a92,YES,0.95,288,0.11,0,60266.05893544,60269.95260280,YES,pm,1,0.05
1782774300,0x6a5074fd6eb0505bc0e768d265cda417a31868f925d86308d547209bf5d7dfa4,NO,0.95,289,0.13,0,60270.50421247,60261.92748127,NO ,pyth,1,0.05
