window_start_ts,condition_id,offset_s,side,yes_bid,yes_bid_size,yes_ask,yes_ask_size,yes_last,no_bid,no_bid_size,no_ask,no_ask_size,no_last,book_tightness,btc_median,btc_target,btc_delta,btc_slope_30s,btc_vol_30s,n_cex_trades_30s,final_pyth,resolved_side,won,pnl_if_entered
1781654400,0x73f9c42c0d2c56ac8930293ba539c0a46547b95c87b14fb326b3775a8811054f,180,YES,0.93,17070.98,0.94,12476.61,0.94,0.06,12476.61,0.07,17070.98,0.07,0.01,65661.3150,65612.85500000,48.46000000,-0.072851,3.169143,123,65640.91371791,YES,1,0.06
1781654400,0x73f9c42c0d2c56ac8930293ba539c0a46547b95c87b14fb326b3775a8811054f,180,NO,0.93,17070.98,0.94,12476.61,0.94,0.06,12476.61,0.07,17070.98,0.07,0.01,65661.3150,65612.85500000,48.46000000,-0.072851,3.169143,123,65640.91371791,YES,0,-0.07
1781654400,0x73f9c42c0d2c56ac8930293ba539c0a46547b95c87b14fb326b3775a8811054f,181,YES,0.95,16795.97,0.96,12355.17,0.96,0.04,12355.17,0.05,16795.97,0.07,0.01,65670.89,65612.85500000,58.03500000,0.441041,4.284785,128,65640.91371791,YES,1,0.04
1781654400,0x73f9c42c0d2c56ac8930293ba539c0a46547b95c87b14fb326b3775a8811054f,181,NO,0.95,16795.97,0.96,12355.17,0.96,0.04,12355.17,0.05,16795.97,0.07,0.01,65670.89,65612.85500000,58.03500000,0.441041,4.284785,128,65640.91371791,YES,0,-0.05
1781654400,0x73f9c42c0d2c56ac8930293ba539c0a46547b95c87b14fb326b3775a8811054f,182,YES,0.95,16455.97,0.96,12615.17,0.96,0.04,12615.17,0.05,16455.97,0.05,0.01,65670.89,65612.85500000,58.03500000,0.458763,5.160715,127,65640.91371791,YES,1,0.04
1781654400,0x73f9c42c0d2c56ac8930293ba539c0a46547b95c87b14fb326b3775a8811054f,182,NO,0.95,16455.97,0.96,12615.17,0.96,0.04,12615.17,0.05,16455.97,0.05,0.01,65670.89,65612.85500000,58.03500000,0.458763,5.160715,127,65640.91371791,YES,0,-0.05
1781654400,0x73f9c42c0d2c56ac8930293ba539c0a46547b95c87b14fb326b3775a8811054f,183,YES,0.95,16940.94,0.96,12495.17,0.96,0.04,12495.17,0.05,16940.94,0.05,0.01,65670.90,65612.85500000,58.04500000,0.444018,5.700907,129,65640.91371791,YES,1,0.04
1781654400,0x73f9c42c0d2c56ac8930293ba539c0a46547b95c87b14fb326b3775a8811054f,183,NO,0.95,16940.94,0.96,12495.17,0.96,0.04,12495.17,0.05,16940.94,0.05,0.01,65670.90,65612.85500000,58.04500000,0.444018,5.700907,129,65640.91371791,YES,0,-0.05
1781654400,0x73f9c42c0d2c56ac8930293ba539c0a46547b95c87b14fb326b3775a8811054f,184,YES,0.95,16930.94,0.96,12485.17,0.96,0.04,12485.17,0.05,16930.94,0.05,0.01,65670.90,65612.85500000,58.04500000,0.477179,6.145642,130,65640.91371791,YES,1,0.04
1781654400,0x73f9c42c0d2c56ac8930293ba539c0a46547b95c87b14fb326b3775a8811054f,184,NO,0.95,16930.94,0.96,12485.17,0.96,0.04,12485.17,0.05,16930.94,0.05,0.01,65670.90,65612.85500000,58.04500000,0.477179,6.145642,130,65640.91371791,YES,0,-0.05
1781654400,0x73f9c42c0d2c56ac8930293ba539c0a46547b95c87b14fb326b3775a8811054f,185,YES,0.95,16430.98,0.96,12515.17,0.96,0.04,12515.17,0.05,16430.98,0.05,0.01,65670.90,65612.85500000,58.04500000,0.442727,6.517245,127,65640.91371791,YES,1,0.04
1781654400,0x73f9c42c0d2c56ac8930293ba539c0a46547b95c87b14fb326b3775a8811054f,185,NO,0.95,16430.98,0.96,12515.17,0.96,0.04,12515.17,0.05,16430.98,0.05,0.01,65670.90,65612.85500000,58.04500000,0.442727,6.517245,127,65640.91371791,YES,0,-0.05
1781654400,0x73f9c42c0d2c56ac8930293ba539c0a46547b95c87b14fb326b3775a8811054f,186,YES,0.95,16415.97,0.96,12416.17,0.95,0.04,12416.17,0.05,16415.97,0.05,0.01,65670.90,65612.85500000,58.04500000,0.428080,6.695677,122,65640.91371791,YES,1,0.04
1781654400,0x73f9c42c0d2c56ac8930293ba539c0a46547b95c87b14fb326b3775a8811054f,186,NO,0.95,16415.97,0.96,12416.17,0.95,0.04,12416.17,0.05,16415.97,0.05,0.01,65670.90,65612.85500000,58.04500000,0.428080,6.695677,122,65640.91371791,YES,0,-0.05
1781654400,0x73f9c42c0d2c56ac8930293ba539c0a46547b95c87b14fb326b3775a8811054f,187,YES,0.95,16910.95,0.96,12114.43,0.96,0.04,12114.43,0.05,16910.95,0.05,0.01,65670.90,65612.85500000,58.04500000,0.428104,6.873573,126,65640.91371791,YES,1,0.04
1781654400,0x73f9c42c0d2c56ac8930293ba539c0a46547b95c87b14fb326b3775a8811054f,187,NO,0.95,16910.95,0.96,12114.43,0.96,0.04,12114.43,0.05,16910.95,0.05,0.01,65670.90,65612.85500000,58.04500000,0.428104,6.873573,126,65640.91371791,YES,0,-0.05
1781654400,0x73f9c42c0d2c56ac8930293ba539c0a46547b95c87b14fb326b3775a8811054f,188,YES,0.95,16410.95,0.96,11073.32,0.96,0.04,11073.32,0.05,16410.95,0.05,0.01,65670.1950,65612.85500000,57.34000000,0.418378,7.003319,123,65640.91371791,YES,1,0.04
1781654400,0x73f9c42c0d2c56ac8930293ba539c0a46547b95c87b14fb326b3775a8811054f,188,NO,0.95,16410.95,0.96,11073.32,0.96,0.04,11073.32,0.05,16410.95,0.05,0.01,65670.1950,65612.85500000,57.34000000,0.418378,7.003319,123,65640.91371791,YES,0,-0.05
1781654400,0x73f9c42c0d2c56ac8930293ba539c0a46547b95c87b14fb326b3775a8811054f,189,YES,0.95,16895.97,0.96,11411.14,0.96,0.04,11411.14,0.05,16895.97,0.05,0.01,65670.90,65612.85500000,58.04500000,0.428032,7.039579,125,65640.91371791,YES,1,0.04
1781654400,0x73f9c42c0d2c56ac8930293ba539c0a46547b95c87b14fb326b3775a8811054f,189,NO,0.95,16895.97,0.96,11411.14,0.96,0.04,11411.14,0.05,16895.97,0.05,0.01,65670.90,65612.85500000,58.04500000,0.428032,7.039579,125,65640.91371791,YES,0,-0.05
1781654400,0x73f9c42c0d2c56ac8930293ba539c0a46547b95c87b14fb326b3775a8811054f,190,YES,0.95,16405.94,0.96,11481.14,0.96,0.04,11481.14,0.05,16405.94,0.05,0.01,65672.95,65612.85500000,60.09500000,0.513473,7.219297,138,65640.91371791,YES,1,0.04
1781654400,0x73f9c42c0d2c56ac8930293ba539c0a46547b95c87b14fb326b3775a8811054f,190,NO,0.95,16405.94,0.96,11481.14,0.96,0.04,11481.14,0.05,16405.94,0.05,0.01,65672.95,65612.85500000,60.09500000,0.513473,7.219297,138,65640.91371791,YES,0,-0.05
1781654400,0x73f9c42c0d2c56ac8930293ba539c0a46547b95c87b14fb326b3775a8811054f,191,YES,0.95,16405.94,0.96,11481.14,0.96,0.04,11481.14,0.05,16405.94,0.05,0.01,65672.95,65612.85500000,60.09500000,0.496341,7.291389,138,65640.91371791,YES,1,0.04
1781654400,0x73f9c42c0d2c56ac8930293ba539c0a46547b95c87b14fb326b3775a8811054f,191,NO,0.95,16405.94,0.96,11481.14,0.96,0.04,11481.14,0.05,16405.94,0.05,0.01,65672.95,65612.85500000,60.09500000,0.496341,7.291389,138,65640.91371791,YES,0,-0.05
1781654400,0x73f9c42c0d2c56ac8930293ba539c0a46547b95c87b14fb326b3775a8811054f,192,YES,0.95,16395.97,0.96,11481.14,0.96,0.04,11481.14,0.05,16395.97,0.05,0.01,65672.95,65612.85500000,60.09500000,0.496340,7.345851,148,65640.91371791,YES,1,0.04
1781654400,0x73f9c42c0d2c56ac8930293ba539c0a46547b95c87b14fb326b3775a8811054f,192,NO,0.95,16395.97,0.96,11481.14,0.96,0.04,11481.14,0.05,16395.97,0.05,0.01,65672.95,65612.85500000,60.09500000,0.496340,7.345851,148,65640.91371791,YES,0,-0.05
1781654400,0x73f9c42c0d2c56ac8930293ba539c0a46547b95c87b14fb326b3775a8811054f,193,YES,0.96,16415.94,0.97,6473.46,0.97,0.03,6473.46,0.04,16415.94,0.05,0.01,65674.4,65612.85500000,61.54500000,0.453895,7.432426,161,65640.91371791,YES,1,0.03
1781654400,0x73f9c42c0d2c56ac8930293ba539c0a46547b95c87b14fb326b3775a8811054f,193,NO,0.96,16415.94,0.97,6473.46,0.97,0.03,6473.46,0.04,16415.94,0.05,0.01,65674.4,65612.85500000,61.54500000,0.453895,7.432426,161,65640.91371791,YES,0,-0.04
1781654400,0x73f9c42c0d2c56ac8930293ba539c0a46547b95c87b14fb326b3775a8811054f,194,YES,0.96,16410.94,0.97,6127.31,0.97,0.03,6127.31,0.04,16410.94,0.05,0.01,65674.4,65612.85500000,61.54500000,0.469534,7.567509,163,65640.91371791,YES,1,0.03
1781654400,0x73f9c42c0d2c56ac8930293ba539c0a46547b95c87b14fb326b3775a8811054f,194,NO,0.96,16410.94,0.97,6127.31,0.97,0.03,6127.31,0.04,16410.94,0.05,0.01,65674.4,65612.85500000,61.54500000,0.469534,7.567509,163,65640.91371791,YES,0,-0.04
1781654400,0x73f9c42c0d2c56ac8930293ba539c0a46547b95c87b14fb326b3775a8811054f,195,YES,0.96,16395.95,0.97,6098.46,0.97,0.03,6098.46,0.04,16395.95,0.04,0.01,65675.57,65612.85500000,62.71500000,0.492856,7.641389,163,65640.91371791,YES,1,0.03
1781654400,0x73f9c42c0d2c56ac8930293ba539c0a46547b95c87b14fb326b3775a8811054f,195,NO,0.96,16395.95,0.97,6098.46,0.97,0.03,6098.46,0.04,16395.95,0.04,0.01,65675.57,65612.85500000,62.71500000,0.492856,7.641389,163,65640.91371791,YES,0,-0.04
1781654400,0x73f9c42c0d2c56ac8930293ba539c0a46547b95c87b14fb326b3775a8811054f,196,YES,0.96,17095.94,0.97,7321.34,0.97,0.01,7321.34,0.99,17095.94,0.04,0.03,65675.0750,65612.85500000,62.22000000,0.840385,7.660602,139,65640.91371791,YES,1,0.03
1781654400,0x73f9c42c0d2c56ac8930293ba539c0a46547b95c87b14fb326b3775a8811054f,196,NO,0.96,17095.94,0.97,7321.34,0.97,0.01,7321.34,0.99,17095.94,0.04,0.03,65675.0750,65612.85500000,62.22000000,0.840385,7.660602,139,65640.91371791,YES,0,-0.99
1781654400,0x73f9c42c0d2c56ac8930293ba539c0a46547b95c87b14fb326b3775a8811054f,197,YES,0.92,17110.97,0.97,6685.97,0.97,0.03,6685.97,0.08,17110.97,0.04,0.05,65675.9150,65612.85500000,63.06000000,0.840557,7.694425,138,65640.91371791,YES,1,0.03
1781654400,0x73f9c42c0d2c56ac8930293ba539c0a46547b95c87b14fb326b3775a8811054f,197,NO,0.92,17110.97,0.97,6685.97,0.97,0.03,6685.97,0.08,17110.97,0.04,0.05,65675.9150,65612.85500000,63.06000000,0.840557,7.694425,138,65640.91371791,YES,0,-0.08
1781654400,0x73f9c42c0d2c56ac8930293ba539c0a46547b95c87b14fb326b3775a8811054f,198,YES,0.95,16620.98,0.97,6352.23,0.96,0.03,6352.23,0.05,16620.98,0.04,0.02,65675.96,65612.85500000,63.10500000,0.870881,7.018268,136,65640.91371791,YES,1,0.03
1781654400,0x73f9c42c0d2c56ac8930293ba539c0a46547b95c87b14fb326b3775a8811054f,198,NO,0.95,16620.98,0.97,6352.23,0.96,0.03,6352.23,0.05,16620.98,0.04,0.02,65675.96,65612.85500000,63.10500000,0.870881,7.018268,136,65640.91371791,YES,0,-0.05
1781654400,0x73f9c42c0d2c56ac8930293ba539c0a46547b95c87b14fb326b3775a8811054f,199,YES,0.01,16910.97,0.99,6247.61,0.97,0.01,6247.61,0.99,16910.97,0.05,0.98,65675.96,65612.85500000,63.10500000,0.722811,6.596563,134,65640.91371791,YES,1,0.01
1781654400,0x73f9c42c0d2c56ac8930293ba539c0a46547b95c87b14fb326b3775a8811054f,199,NO,0.01,16910.97,0.99,6247.61,0.97,0.01,6247.61,0.99,16910.97,0.05,0.98,65675.96,65612.85500000,63.10500000,0.722811,6.596563,134,65640.91371791,YES,0,-0.99
1781654400,0x73f9c42c0d2c56ac8930293ba539c0a46547b95c87b14fb326b3775a8811054f,200,YES,0.97,16385.98,0.98,6317.6,0.98,0.02,6317.6,0.03,16385.98,0.03,0.01,65675.9650,65612.85500000,63.11000000,0.698921,6.593447,136,65640.91371791,YES,1,0.02
1781654400,0x73f9c42c0d2c56ac8930293ba539c0a46547b95c87b14fb326b3775a8811054f,200,NO,0.97,16385.98,0.98,6317.6,0.98,0.02,6317.6,0.03,16385.98,0.03,0.01,65675.9650,65612.85500000,63.11000000,0.698921,6.593447,136,65640.91371791,YES,0,-0.03
1781654400,0x73f9c42c0d2c56ac8930293ba539c0a46547b95c87b14fb326b3775a8811054f,201,YES,0.97,16780.97,0.98,6287.6,0.98,0.02,6287.6,0.03,16780.97,0.03,0.01,65677.46,65612.85500000,64.60500000,0.740042,6.376668,123,65640.91371791,YES,1,0.02
1781654400,0x73f9c42c0d2c56ac8930293ba539c0a46547b95c87b14fb326b3775a8811054f,201,NO,0.97,16780.97,0.98,6287.6,0.98,0.02,6287.6,0.03,16780.97,0.03,0.01,65677.46,65612.85500000,64.60500000,0.740042,6.376668,123,65640.91371791,YES,0,-0.03
1781654400,0x73f9c42c0d2c56ac8930293ba539c0a46547b95c87b14fb326b3775a8811054f,202,YES,0.97,16800.97,0.98,7307.18,0.98,0.02,7307.18,0.03,16800.97,0.02,0.01,65677.4650,65612.85500000,64.61000000,0.740233,6.122680,126,65640.91371791,YES,1,0.02
1781654400,0x73f9c42c0d2c56ac8930293ba539c0a46547b95c87b14fb326b3775a8811054f,202,NO,0.97,16800.97,0.98,7307.18,0.98,0.02,7307.18,0.03,16800.97,0.02,0.01,65677.4650,65612.85500000,64.61000000,0.740233,6.122680,126,65640.91371791,YES,0,-0.03
1781654400,0x73f9c42c0d2c56ac8930293ba539c0a46547b95c87b14fb326b3775a8811054f,203,YES,0.97,16305.94,0.98,7307.18,0.98,0.02,7307.18,0.03,16305.94,0.03,0.01,65679.9150,65612.85500000,67.06000000,0.821974,5.931702,126,65640.91371791,YES,1,0.02
1781654400,0x73f9c42c0d2c56ac8930293ba539c0a46547b95c87b14fb326b3775a8811054f,203,NO,0.97,16305.94,0.98,7307.18,0.98,0.02,7307.18,0.03,16305.94,0.03,0.01,65679.9150,65612.85500000,67.06000000,0.821974,5.931702,126,65640.91371791,YES,0,-0.03
1781654400,0x73f9c42c0d2c56ac8930293ba539c0a46547b95c87b14fb326b3775a8811054f,204,YES,0.97,16275.98,0.98,7377.06,0.98,0.02,7377.06,0.03,16275.98,0.03,0.01,65675.49,65612.85500000,62.63500000,0.608515,5.231055,135,65640.91371791,YES,1,0.02
1781654400,0x73f9c42c0d2c56ac8930293ba539c0a46547b95c87b14fb326b3775a8811054f,204,NO,0.97,16275.98,0.98,7377.06,0.98,0.02,7377.06,0.03,16275.98,0.03,0.01,65675.49,65612.85500000,62.63500000,0.608515,5.231055,135,65640.91371791,YES,0,-0.03
1781654400,0x73f9c42c0d2c56ac8930293ba539c0a46547b95c87b14fb326b3775a8811054f,205,YES,0.97,16780.97,0.98,7164.35,0.98,0.02,7164.35,0.03,16780.97,0.03,0.01,65678.13,65612.85500000,65.27500000,0.676334,5.260794,136,65640.91371791,YES,1,0.02
1781654400,0x73f9c42c0d2c56ac8930293ba539c0a46547b95c87b14fb326b3775a8811054f,205,NO,0.97,16780.97,0.98,7164.35,0.98,0.02,7164.35,0.03,16780.97,0.03,0.01,65678.13,65612.85500000,65.27500000,0.676334,5.260794,136,65640.91371791,YES,0,-0.03
1781654400,0x73f9c42c0d2c56ac8930293ba539c0a46547b95c87b14fb326b3775a8811054f,206,YES,0.97,16280.95,0.98,7464.34,0.98,0.02,7464.34,0.03,16280.95,0.03,0.01,65678.13,65612.85500000,65.27500000,0.601391,4.599032,140,65640.91371791,YES,1,0.02
1781654400,0x73f9c42c0d2c56ac8930293ba539c0a46547b95c87b14fb326b3775a8811054f,206,NO,0.97,16280.95,0.98,7464.34,0.98,0.02,7464.34,0.03,16280.95,0.03,0.01,65678.13,65612.85500000,65.27500000,0.601391,4.599032,140,65640.91371791,YES,0,-0.03
1781654400,0x73f9c42c0d2c56ac8930293ba539c0a46547b95c87b14fb326b3775a8811054f,207,YES,0.97,16270.98,0.98,6591.35,0.98,0.02,6591.35,0.03,16270.98,0.02,0.01,65678.13,65612.85500000,65.27500000,0.581388,4.617431,138,65640.91371791,YES,1,0.02
1781654400,0x73f9c42c0d2c56ac8930293ba539c0a46547b95c87b14fb326b3775a8811054f,207,NO,0.97,16270.98,0.98,6591.35,0.98,0.02,6591.35,0.03,16270.98,0.02,0.01,65678.13,65612.85500000,65.27500000,0.581388,4.617431,138,65640.91371791,YES,0,-0.03
1781654400,0x73f9c42c0d2c56ac8930293ba539c0a46547b95c87b14fb326b3775a8811054f,208,YES,0.97,16100.98,0.98,6596.45,0.98,0.02,6596.45,0.03,16100.98,0.02,0.01,65678.13,65612.85500000,65.27500000,0.601082,4.075366,137,65640.91371791,YES,1,0.02
1781654400,0x73f9c42c0d2c56ac8930293ba539c0a46547b95c87b14fb326b3775a8811054f,208,NO,0.97,16100.98,0.98,6596.45,0.98,0.02,6596.45,0.03,16100.98,0.02,0.01,65678.13,65612.85500000,65.27500000,0.601082,4.075366,137,65640.91371791,YES,0,-0.03
1781654400,0x73f9c42c0d2c56ac8930293ba539c0a46547b95c87b14fb326b3775a8811054f,209,YES,0.97,16065.94,0.98,6699.44,0.97,0.02,6699.44,0.03,16065.94,0.02,0.01,65676.7750,65612.85500000,63.92000000,0.535907,4.045369,140,65640.91371791,YES,1,0.02
1781654400,0x73f9c42c0d2c56ac8930293ba539c0a46547b95c87b14fb326b3775a8811054f,209,NO,0.97,16065.94,0.98,6699.44,0.97,0.02,6699.44,0.03,16065.94,0.02,0.01,65676.7750,65612.85500000,63.92000000,0.535907,4.045369,140,65640.91371791,YES,0,-0.03
1781654400,0x73f9c42c0d2c56ac8930293ba539c0a46547b95c87b14fb326b3775a8811054f,210,YES,0.97,16065.95,0.98,6778.14,0.98,0.02,6778.14,0.03,16065.95,0.02,0.01,65675.3,65612.85500000,62.44500000,0.152060,2.862622,140,65640.91371791,YES,1,0.02
1781654400,0x73f9c42c0d2c56ac8930293ba539c0a46547b95c87b14fb326b3775a8811054f,210,NO,0.97,16065.95,0.98,6778.14,0.98,0.02,6778.14,0.03,16065.95,0.02,0.01,65675.3,65612.85500000,62.44500000,0.152060,2.862622,140,65640.91371791,YES,0,-0.03
1781654400,0x73f9c42c0d2c56ac8930293ba539c0a46547b95c87b14fb326b3775a8811054f,211,YES,0.97,16805.94,0.98,7472.44,0.98,0.02,7472.44,0.03,16805.94,0.03,0.01,65675.33,65612.85500000,62.47500000,0.148016,2.820075,130,65640.91371791,YES,1,0.02
1781654400,0x73f9c42c0d2c56ac8930293ba539c0a46547b95c87b14fb326b3775a8811054f,211,NO,0.97,16805.94,0.98,7472.44,0.98,0.02,7472.44,0.03,16805.94,0.03,0.01,65675.33,65612.85500000,62.47500000,0.148016,2.820075,130,65640.91371791,YES,0,-0.03
1781654400,0x73f9c42c0d2c56ac8930293ba539c0a46547b95c87b14fb326b3775a8811054f,212,YES,0.97,16245.97,0.98,7292.14,0.98,0.02,7292.14,0.03,16245.97,0.03,0.01,65676.14,65612.85500000,63.28500000,0.175074,2.754643,129,65640.91371791,YES,1,0.02
1781654400,0x73f9c42c0d2c56ac8930293ba539c0a46547b95c87b14fb326b3775a8811054f,212,NO,0.97,16245.97,0.98,7292.14,0.98,0.02,7292.14,0.03,16245.97,0.03,0.01,65676.14,65612.85500000,63.28500000,0.175074,2.754643,129,65640.91371791,YES,0,-0.03
1781654400,0x73f9c42c0d2c56ac8930293ba539c0a46547b95c87b14fb326b3775a8811054f,213,YES,0.97,16255.94,0.98,7262.14,0.98,0.02,7262.14,0.03,16255.94,0.03,0.01,65676.14,65612.85500000,63.28500000,0.180692,2.620776,125,65640.91371791,YES,1,0.02
1781654400,0x73f9c42c0d2c56ac8930293ba539c0a46547b95c87b14fb326b3775a8811054f,213,NO,0.97,16255.94,0.98,7262.14,0.98,0.02,7262.14,0.03,16255.94,0.03,0.01,65676.14,65612.85500000,63.28500000,0.180692,2.620776,125,65640.91371791,YES,0,-0.03
1781654400,0x73f9c42c0d2c56ac8930293ba539c0a46547b95c87b14fb326b3775a8811054f,214,YES,0.97,16255.94,0.98,7107.14,0.98,0.02,7107.14,0.03,16255.94,0.03,0.01,65676.29,65612.85500000,63.43500000,0.185831,2.517818,127,65640.91371791,YES,1,0.02
1781654400,0x73f9c42c0d2c56ac8930293ba539c0a46547b95c87b14fb326b3775a8811054f,214,NO,0.97,16255.94,0.98,7107.14,0.98,0.02,7107.14,0.03,16255.94,0.03,0.01,65676.29,65612.85500000,63.43500000,0.185831,2.517818,127,65640.91371791,YES,0,-0.03
1781654400,0x73f9c42c0d2c56ac8930293ba539c0a46547b95c87b14fb326b3775a8811054f,215,YES,0.98,16250.98,0.99,5917.45,0.99,0.01,5917.45,0.02,16250.98,0.02,0.01,65680.85,65612.85500000,67.99500000,0.342948,2.589511,140,65640.91371791,YES,1,0.01
1781654400,0x73f9c42c0d2c56ac8930293ba539c0a46547b95c87b14fb326b3775a8811054f,215,NO,0.98,16250.98,0.99,5917.45,0.99,0.01,5917.45,0.02,16250.98,0.02,0.01,65680.85,65612.85500000,67.99500000,0.342948,2.589511,140,65640.91371791,YES,0,-0.02
1781654400,0x73f9c42c0d2c56ac8930293ba539c0a46547b95c87b14fb326b3775a8811054f,216,YES,0.98,16060.94,0.99,6004.74,0.98,0.01,6004.74,0.02,16060.94,0.02,0.01,65687.12,65612.85500000,74.26500000,0.559338,3.196999,143,65640.91371791,YES,1,0.01
1781654400,0x73f9c42c0d2c56ac8930293ba539c0a46547b95c87b14fb326b3775a8811054f,216,NO,0.98,16060.94,0.99,6004.74,0.98,0.01,6004.74,0.02,16060.94,0.02,0.01,65687.12,65612.85500000,74.26500000,0.559338,3.196999,143,65640.91371791,YES,0,-0.02
1781654400,0x73f9c42c0d2c56ac8930293ba539c0a46547b95c87b14fb326b3775a8811054f,217,YES,0.98,16080.95,0.99,5382.15,0.99,0.01,5382.15,0.02,16080.95,0.02,0.01,65685.6550,65612.85500000,72.80000000,0.491849,3.575389,137,65640.91371791,YES,1,0.01
1781654400,0x73f9c42c0d2c56ac8930293ba539c0a46547b95c87b14fb326b3775a8811054f,217,NO,0.98,16080.95,0.99,5382.15,0.99,0.01,5382.15,0.02,16080.95,0.02,0.01,65685.6550,65612.85500000,72.80000000,0.491849,3.575389,137,65640.91371791,YES,0,-0.02
1781654400,0x73f9c42c0d2c56ac8930293ba539c0a46547b95c87b14fb326b3775a8811054f,218,YES,0.98,16760.97,0.99,4909.32,0.99,0.01,4909.32,0.02,16760.97,0.01,0.01,65685.2650,65612.85500000,72.41000000,0.495157,3.626590,139,65640.91371791,YES,1,0.01
1781654400,0x73f9c42c0d2c56ac8930293ba539c0a46547b95c87b14fb326b3775a8811054f,218,NO,0.98,16760.97,0.99,4909.32,0.99,0.01,4909.32,0.02,16760.97,0.01,0.01,65685.2650,65612.85500000,72.41000000,0.495157,3.626590,139,65640.91371791,YES,0,-0.02
1781654400,0x73f9c42c0d2c56ac8930293ba539c0a46547b95c87b14fb326b3775a8811054f,219,YES,0.98,16050.98,0.99,5369.95,0.99,0.01,5369.95,0.02,16050.98,0.02,0.01,65683.98,65612.85500000,71.12500000,0.380307,3.650356,140,65640.91371791,YES,1,0.01
1781654400,0x73f9c42c0d2c56ac8930293ba539c0a46547b95c87b14fb326b3775a8811054f,219,NO,0.98,16050.98,0.99,5369.95,0.99,0.01,5369.95,0.02,16050.98,0.02,0.01,65683.98,65612.85500000,71.12500000,0.380307,3.650356,140,65640.91371791,YES,0,-0.02
1781654400,0x73f9c42c0d2c56ac8930293ba539c0a46547b95c87b14fb326b3775a8811054f,220,YES,0.98,16760.97,0.99,5336.6,0.99,0.01,5336.6,0.02,16760.97,0.02,0.01,65683.98,65612.85500000,71.12500000,0.380257,3.732181,125,65640.91371791,YES,1,0.01
1781654400,0x73f9c42c0d2c56ac8930293ba539c0a46547b95c87b14fb326b3775a8811054f,220,NO,0.98,16760.97,0.99,5336.6,0.99,0.01,5336.6,0.02,16760.97,0.02,0.01,65683.98,65612.85500000,71.12500000,0.380257,3.732181,125,65640.91371791,YES,0,-0.02
1781654400,0x73f9c42c0d2c56ac8930293ba539c0a46547b95c87b14fb326b3775a8811054f,221,YES,0.98,16755.94,0.99,5223.89,0.99,0.01,5223.89,0.02,16755.94,0.02,0.01,65683.98,65612.85500000,71.12500000,0.367678,3.829046,129,65640.91371791,YES,1,0.01
1781654400,0x73f9c42c0d2c56ac8930293ba539c0a46547b95c87b14fb326b3775a8811054f,221,NO,0.98,16755.94,0.99,5223.89,0.99,0.01,5223.89,0.02,16755.94,0.02,0.01,65683.98,65612.85500000,71.12500000,0.367678,3.829046,129,65640.91371791,YES,0,-0.02
1781654400,0x73f9c42c0d2c56ac8930293ba539c0a46547b95c87b14fb326b3775a8811054f,222,YES,0.98,16045.94,0.99,4684.41,0.99,0.01,4684.41,0.02,16045.94,0.02,0.01,65683.98,65612.85500000,71.12500000,0.330264,3.785004,118,65640.91371791,YES,1,0.01
1781654400,0x73f9c42c0d2c56ac8930293ba539c0a46547b95c87b14fb326b3775a8811054f,222,NO,0.98,16045.94,0.99,4684.41,0.99,0.01,4684.41,0.02,16045.94,0.02,0.01,65683.98,65612.85500000,71.12500000,0.330264,3.785004,118,65640.91371791,YES,0,-0.02
1781654400,0x73f9c42c0d2c56ac8930293ba539c0a46547b95c87b14fb326b3775a8811054f,223,YES,0.98,16720.44,0.99,1129.93,0.99,0.01,1129.93,0.02,16720.44,0.02,0.01,65680.1150,65612.85500000,67.26000000,0.197059,3.713852,117,65640.91371791,YES,1,0.01
1781654400,0x73f9c42c0d2c56ac8930293ba539c0a46547b95c87b14fb326b3775a8811054f,223,NO,0.98,16720.44,0.99,1129.93,0.99,0.01,1129.93,0.02,16720.44,0.02,0.01,65680.1150,65612.85500000,67.26000000,0.197059,3.713852,117,65640.91371791,YES,0,-0.02
1781654400,0x73f9c42c0d2c56ac8930293ba539c0a46547b95c87b14fb326b3775a8811054f,224,YES,0.98,16730.47,0.99,908.25,0.99,0.01,908.25,0.02,16730.47,0.02,0.01,65678.5,65612.85500000,65.64500000,0.101024,3.625533,113,65640.91371791,YES,1,0.01
1781654400,0x73f9c42c0d2c56ac8930293ba539c0a46547b95c87b14fb326b3775a8811054f,224,NO,0.98,16730.47,0.99,908.25,0.99,0.01,908.25,0.02,16730.47,0.02,0.01,65678.5,65612.85500000,65.64500000,0.101024,3.625533,113,65640.91371791,YES,0,-0.02
1781654400,0x73f9c42c0d2c56ac8930293ba539c0a46547b95c87b14fb326b3775a8811054f,225,YES,0.98,16200.44,0.99,273.12,0.99,0.01,273.12,0.02,16200.44,0.02,0.01,65682.2450,65612.85500000,69.39000000,0.222509,3.615507,117,65640.91371791,YES,1,0.01
1781654400,0x73f9c42c0d2c56ac8930293ba539c0a46547b95c87b14fb326b3775a8811054f,225,NO,0.98,16200.44,0.99,273.12,0.99,0.01,273.12,0.02,16200.44,0.02,0.01,65682.2450,65612.85500000,69.39000000,0.222509,3.615507,117,65640.91371791,YES,0,-0.02
1781654400,0x73f9c42c0d2c56ac8930293ba539c0a46547b95c87b14fb326b3775a8811054f,226,YES,0.98,16205.44,0.99,604.17,0.99,0.01,604.17,0.02,16205.44,0.02,0.01,65682.09,65612.85500000,69.23500000,0.233916,3.599578,118,65640.91371791,YES,1,0.01
1781654400,0x73f9c42c0d2c56ac8930293ba539c0a46547b95c87b14fb326b3775a8811054f,226,NO,0.98,16205.44,0.99,604.17,0.99,0.01,604.17,0.02,16205.44,0.02,0.01,65682.09,65612.85500000,69.23500000,0.233916,3.599578,118,65640.91371791,YES,0,-0.02
1781654400,0x73f9c42c0d2c56ac8930293ba539c0a46547b95c87b14fb326b3775a8811054f,227,YES,0.98,16715.47,0.99,587.9,0.99,0.01,587.9,0.02,16715.47,0.02,0.01,65682.13,65612.85500000,69.27500000,0.212771,3.552936,119,65640.91371791,YES,1,0.01
1781654400,0x73f9c42c0d2c56ac8930293ba539c0a46547b95c87b14fb326b3775a8811054f,227,NO,0.98,16715.47,0.99,587.9,0.99,0.01,587.9,0.02,16715.47,0.02,0.01,65682.13,65612.85500000,69.27500000,0.212771,3.552936,119,65640.91371791,YES,0,-0.02
1781654400,0x73f9c42c0d2c56ac8930293ba539c0a46547b95c87b14fb326b3775a8811054f,228,YES,0.98,16720.47,1,161.81,0.99,0,161.81,0.02,16720.47,0.01,0.02,65682.13,65612.85500000,69.27500000,0.212682,3.517380,120,65640.91371791,YES,1,0
1781654400,0x73f9c42c0d2c56ac8930293ba539c0a46547b95c87b14fb326b3775a8811054f,228,NO,0.98,16720.47,1,161.81,0.99,0,161.81,0.02,16720.47,0.01,0.02,65682.13,65612.85500000,69.27500000,0.212682,3.517380,120,65640.91371791,YES,0,-0.02
1781654400,0x73f9c42c0d2c56ac8930293ba539c0a46547b95c87b14fb326b3775a8811054f,229,YES,0.99,16200.44,1,,0.99,0,,0.01,16200.44,0.01,0.01,65683.99,65612.85500000,71.13500000,0.267679,3.540014,122,65640.91371791,YES,1,0
1781654400,0x73f9c42c0d2c56ac8930293ba539c0a46547b95c87b14fb326b3775a8811054f,229,NO,0.99,16200.44,1,,0.99,0,,0.01,16200.44,0.01,0.01,65683.99,65612.85500000,71.13500000,0.267679,3.540014,122,65640.91371791,YES,0,-0.01
1781654400,0x73f9c42c0d2c56ac8930293ba539c0a46547b95c87b14fb326b3775a8811054f,230,YES,0.99,15995.44,1,,0.99,0,,0.01,15995.44,0.01,0.01,65683.99,65612.85500000,71.13500000,0.267508,3.536354,127,65640.91371791,YES,1,0
1781654400,0x73f9c42c0d2c56ac8930293ba539c0a46547b95c87b14fb326b3775a8811054f,230,NO,0.99,15995.44,1,,0.99,0,,0.01,15995.44,0.01,0.01,65683.99,65612.85500000,71.13500000,0.267508,3.536354,127,65640.91371791,YES,0,-0.01
1781654400,0x73f9c42c0d2c56ac8930293ba539c0a46547b95c87b14fb326b3775a8811054f,231,YES,0.99,16205.44,1,,0.99,0,,0.01,16205.44,0.01,0.01,65683.99,65612.85500000,71.13500000,0.217670,3.513849,134,65640.91371791,YES,1,0
1781654400,0x73f9c42c0d2c56ac8930293ba539c0a46547b95c87b14fb326b3775a8811054f,231,NO,0.99,16205.44,1,,0.99,0,,0.01,16205.44,0.01,0.01,65683.99,65612.85500000,71.13500000,0.217670,3.513849,134,65640.91371791,YES,0,-0.01
1781654400,0x73f9c42c0d2c56ac8930293ba539c0a46547b95c87b14fb326b3775a8811054f,232,YES,0.99,16205.44,1,,0.99,0,,0.01,16205.44,0.01,0.01,65679.88,65612.85500000,67.02500000,0.080512,3.474025,129,65640.91371791,YES,1,0
1781654400,0x73f9c42c0d2c56ac8930293ba539c0a46547b95c87b14fb326b3775a8811054f,232,NO,0.99,16205.44,1,,0.99,0,,0.01,16205.44,0.01,0.01,65679.88,65612.85500000,67.02500000,0.080512,3.474025,129,65640.91371791,YES,0,-0.01
1781654400,0x73f9c42c0d2c56ac8930293ba539c0a46547b95c87b14fb326b3775a8811054f,233,YES,0.99,16215.44,1,,0.99,0,,0.01,16215.44,0.01,0.01,65679.8850,65612.85500000,67.03000000,-0.001000,3.432077,131,65640.91371791,YES,1,0
1781654400,0x73f9c42c0d2c56ac8930293ba539c0a46547b95c87b14fb326b3775a8811054f,233,NO,0.99,16215.44,1,,0.99,0,,0.01,16215.44,0.01,0.01,65679.8850,65612.85500000,67.03000000,-0.001000,3.432077,131,65640.91371791,YES,0,-0.01
1781654400,0x73f9c42c0d2c56ac8930293ba539c0a46547b95c87b14fb326b3775a8811054f,234,YES,0.99,16215.44,1,,0.99,0,,0.01,16215.44,0.01,0.01,65675.17,65612.85500000,62.31500000,-0.010668,3.561233,118,65640.91371791,YES,1,0
1781654400,0x73f9c42c0d2c56ac8930293ba539c0a46547b95c87b14fb326b3775a8811054f,234,NO,0.99,16215.44,1,,0.99,0,,0.01,16215.44,0.01,0.01,65675.17,65612.85500000,62.31500000,-0.010668,3.561233,118,65640.91371791,YES,0,-0.01
1781654400,0x73f9c42c0d2c56ac8930293ba539c0a46547b95c87b14fb326b3775a8811054f,235,YES,0.99,16215.44,1,,0.99,0,,0.01,16215.44,0.01,0.01,65677.7950,65612.85500000,64.94000000,-0.011553,3.511056,118,65640.91371791,YES,1,0
1781654400,0x73f9c42c0d2c56ac8930293ba539c0a46547b95c87b14fb326b3775a8811054f,235,NO,0.99,16215.44,1,,0.99,0,,0.01,16215.44,0.01,0.01,65677.7950,65612.85500000,64.94000000,-0.011553,3.511056,118,65640.91371791,YES,0,-0.01
1781654400,0x73f9c42c0d2c56ac8930293ba539c0a46547b95c87b14fb326b3775a8811054f,236,YES,0.99,16010.44,1,,0.99,0,,0.01,16010.44,0.01,0.01,65677.7950,65612.85500000,64.94000000,-0.011549,3.519320,117,65640.91371791,YES,1,0
1781654400,0x73f9c42c0d2c56ac8930293ba539c0a46547b95c87b14fb326b3775a8811054f,236,NO,0.99,16010.44,1,,0.99,0,,0.01,16010.44,0.01,0.01,65677.7950,65612.85500000,64.94000000,-0.011549,3.519320,117,65640.91371791,YES,0,-0.01
1781654400,0x73f9c42c0d2c56ac8930293ba539c0a46547b95c87b14fb326b3775a8811054f,237,YES,0.99,16010.44,1,,0.99,0,,0.01,16010.44,0.01,0.01,65677.80,65612.85500000,64.94500000,-0.011379,3.527399,118,65640.91371791,YES,1,0
1781654400,0x73f9c42c0d2c56ac8930293ba539c0a46547b95c87b14fb326b3775a8811054f,237,NO,0.99,16010.44,1,,0.99,0,,0.01,16010.44,0.01,0.01,65677.80,65612.85500000,64.94500000,-0.011379,3.527399,118,65640.91371791,YES,0,-0.01
1781654400,0x73f9c42c0d2c56ac8930293ba539c0a46547b95c87b14fb326b3775a8811054f,238,YES,0.99,16720.44,1,,0.99,0,,0.01,16720.44,0.02,0.01,65677.7950,65612.85500000,64.94000000,-0.011169,3.503948,119,65640.91371791,YES,1,0
1781654400,0x73f9c42c0d2c56ac8930293ba539c0a46547b95c87b14fb326b3775a8811054f,238,NO,0.99,16720.44,1,,0.99,0,,0.01,16720.44,0.02,0.01,65677.7950,65612.85500000,64.94000000,-0.011169,3.503948,119,65640.91371791,YES,0,-0.01
1781654400,0x73f9c42c0d2c56ac8930293ba539c0a46547b95c87b14fb326b3775a8811054f,239,YES,0.99,16720.44,1,,0.99,0,,0.01,16720.44,0.02,0.01,65677.5350,65612.85500000,64.68000000,0.025336,3.518251,120,65640.91371791,YES,1,0
1781654400,0x73f9c42c0d2c56ac8930293ba539c0a46547b95c87b14fb326b3775a8811054f,239,NO,0.99,16720.44,1,,0.99,0,,0.01,16720.44,0.02,0.01,65677.5350,65612.85500000,64.68000000,0.025336,3.518251,120,65640.91371791,YES,0,-0.01
1781654400,0x73f9c42c0d2c56ac8930293ba539c0a46547b95c87b14fb326b3775a8811054f,240,YES,0.99,16720.44,1,,0.99,0,,0.01,16720.44,0.02,0.01,65677.54,65612.85500000,64.68500000,0.074674,3.495069,118,65640.91371791,YES,1,0
1781654400,0x73f9c42c0d2c56ac8930293ba539c0a46547b95c87b14fb326b3775a8811054f,240,NO,0.99,16720.44,1,,0.99,0,,0.01,16720.44,0.02,0.01,65677.54,65612.85500000,64.68500000,0.074674,3.495069,118,65640.91371791,YES,0,-0.01
1781654400,0x73f9c42c0d2c56ac8930293ba539c0a46547b95c87b14fb326b3775a8811054f,241,YES,0.99,16720.44,1,,0.99,0,,0.01,16720.44,0.02,0.01,65677.54,65612.85500000,64.68500000,0.048273,3.328626,119,65640.91371791,YES,1,0
1781654400,0x73f9c42c0d2c56ac8930293ba539c0a46547b95c87b14fb326b3775a8811054f,241,NO,0.99,16720.44,1,,0.99,0,,0.01,16720.44,0.02,0.01,65677.54,65612.85500000,64.68500000,0.048273,3.328626,119,65640.91371791,YES,0,-0.01
1781654400,0x73f9c42c0d2c56ac8930293ba539c0a46547b95c87b14fb326b3775a8811054f,242,YES,0.01,16555.44,,,0.99,,,0.99,16555.44,0.02,,65677.5350,65612.85500000,64.68000000,0.048108,3.273754,120,65640.91371791,YES,,
1781654400,0x73f9c42c0d2c56ac8930293ba539c0a46547b95c87b14fb326b3775a8811054f,242,NO,0.01,16555.44,,,0.99,,,0.99,16555.44,0.02,,65677.5350,65612.85500000,64.68000000,0.048108,3.273754,120,65640.91371791,YES,0,-0.99
1781654400,0x73f9c42c0d2c56ac8930293ba539c0a46547b95c87b14fb326b3775a8811054f,243,YES,0.99,16555.44,1,,0.99,0,,0.01,16555.44,0.02,0.01,65677.5350,65612.85500000,64.68000000,0.042943,3.217274,122,65640.91371791,YES,1,0
1781654400,0x73f9c42c0d2c56ac8930293ba539c0a46547b95c87b14fb326b3775a8811054f,243,NO,0.99,16555.44,1,,0.99,0,,0.01,16555.44,0.02,0.01,65677.5350,65612.85500000,64.68000000,0.042943,3.217274,122,65640.91371791,YES,0,-0.01
1781654400,0x73f9c42c0d2c56ac8930293ba539c0a46547b95c87b14fb326b3775a8811054f,244,YES,0.99,16565.44,1,,0.99,0,,0.01,16565.44,0.01,0.01,65677.5350,65612.85500000,64.68000000,0.041515,3.217191,119,65640.91371791,YES,1,0
1781654400,0x73f9c42c0d2c56ac8930293ba539c0a46547b95c87b14fb326b3775a8811054f,244,NO,0.99,16565.44,1,,0.99,0,,0.01,16565.44,0.01,0.01,65677.5350,65612.85500000,64.68000000,0.041515,3.217191,119,65640.91371791,YES,0,-0.01
1781654400,0x73f9c42c0d2c56ac8930293ba539c0a46547b95c87b14fb326b3775a8811054f,245,YES,0.99,15860.44,1,,0.99,0,,0.01,15860.44,0.01,0.01,65679.6,65612.85500000,66.74500000,-0.041685,3.122682,107,65640.91371791,YES,1,0
1781654400,0x73f9c42c0d2c56ac8930293ba539c0a46547b95c87b14fb326b3775a8811054f,245,NO,0.99,15860.44,1,,0.99,0,,0.01,15860.44,0.01,0.01,65679.6,65612.85500000,66.74500000,-0.041685,3.122682,107,65640.91371791,YES,0,-0.01
1781654400,0x73f9c42c0d2c56ac8930293ba539c0a46547b95c87b14fb326b3775a8811054f,246,YES,0.99,15860.44,1,,0.99,0,,0.01,15860.44,0.01,0.01,65679.91,65612.85500000,67.05500000,-0.198061,2.952053,104,65640.91371791,YES,1,0
1781654400,0x73f9c42c0d2c56ac8930293ba539c0a46547b95c87b14fb326b3775a8811054f,246,NO,0.99,15860.44,1,,0.99,0,,0.01,15860.44,0.01,0.01,65679.91,65612.85500000,67.05500000,-0.198061,2.952053,104,65640.91371791,YES,0,-0.01
1781654400,0x73f9c42c0d2c56ac8930293ba539c0a46547b95c87b14fb326b3775a8811054f,247,YES,0.99,16055.44,1,,0.99,0,,0.01,16055.44,0.01,0.01,65677.88,65612.85500000,65.02500000,-0.254742,2.832450,105,65640.91371791,YES,1,0
1781654400,0x73f9c42c0d2c56ac8930293ba539c0a46547b95c87b14fb326b3775a8811054f,247,NO,0.99,16055.44,1,,0.99,0,,0.01,16055.44,0.01,0.01,65677.88,65612.85500000,65.02500000,-0.254742,2.832450,105,65640.91371791,YES,0,-0.01
1781654400,0x73f9c42c0d2c56ac8930293ba539c0a46547b95c87b14fb326b3775a8811054f,248,YES,0.99,16055.44,1,,0.99,0,,0.01,16055.44,0.01,0.01,65677.8850,65612.85500000,65.03000000,-0.246080,2.818957,105,65640.91371791,YES,1,0
1781654400,0x73f9c42c0d2c56ac8930293ba539c0a46547b95c87b14fb326b3775a8811054f,248,NO,0.99,16055.44,1,,0.99,0,,0.01,16055.44,0.01,0.01,65677.8850,65612.85500000,65.03000000,-0.246080,2.818957,105,65640.91371791,YES,0,-0.01
1781654400,0x73f9c42c0d2c56ac8930293ba539c0a46547b95c87b14fb326b3775a8811054f,249,YES,0.99,16055.44,1,,0.99,0,,0.01,16055.44,0.01,0.01,65677.8850,65612.85500000,65.03000000,-0.210199,2.634305,107,65640.91371791,YES,1,0
1781654400,0x73f9c42c0d2c56ac8930293ba539c0a46547b95c87b14fb326b3775a8811054f,249,NO,0.99,16055.44,1,,0.99,0,,0.01,16055.44,0.01,0.01,65677.8850,65612.85500000,65.03000000,-0.210199,2.634305,107,65640.91371791,YES,0,-0.01
1781654400,0x73f9c42c0d2c56ac8930293ba539c0a46547b95c87b14fb326b3775a8811054f,250,YES,0.99,16055.44,1,,0.99,0,,0.01,16055.44,0.01,0.01,65677.8850,65612.85500000,65.03000000,-0.203223,2.614715,108,65640.91371791,YES,1,0
1781654400,0x73f9c42c0d2c56ac8930293ba539c0a46547b95c87b14fb326b3775a8811054f,250,NO,0.99,16055.44,1,,0.99,0,,0.01,16055.44,0.01,0.01,65677.8850,65612.85500000,65.03000000,-0.203223,2.614715,108,65640.91371791,YES,0,-0.01
1781654400,0x73f9c42c0d2c56ac8930293ba539c0a46547b95c87b14fb326b3775a8811054f,251,YES,0.99,16070.45,1,,0.99,0,,0.01,16070.45,0.01,0.01,65679.91,65612.85500000,67.05500000,-0.140348,2.412294,107,65640.91371791,YES,1,0
1781654400,0x73f9c42c0d2c56ac8930293ba539c0a46547b95c87b14fb326b3775a8811054f,251,NO,0.99,16070.45,1,,0.99,0,,0.01,16070.45,0.01,0.01,65679.91,65612.85500000,67.05500000,-0.140348,2.412294,107,65640.91371791,YES,0,-0.01
1781654400,0x73f9c42c0d2c56ac8930293ba539c0a46547b95c87b14fb326b3775a8811054f,252,YES,0.99,16070.45,1,,0.99,0,,0.01,16070.45,0.01,0.01,65677.54,65612.85500000,64.68500000,-0.214707,2.398591,109,65640.91371791,YES,1,0
1781654400,0x73f9c42c0d2c56ac8930293ba539c0a46547b95c87b14fb326b3775a8811054f,252,NO,0.99,16070.45,1,,0.99,0,,0.01,16070.45,0.01,0.01,65677.54,65612.85500000,64.68500000,-0.214707,2.398591,109,65640.91371791,YES,0,-0.01
1781654400,0x73f9c42c0d2c56ac8930293ba539c0a46547b95c87b14fb326b3775a8811054f,253,YES,0.99,16070.45,1,,0.99,0,,0.01,16070.45,0.01,0.01,65677.54,65612.85500000,64.68500000,-0.085838,2.272972,100,65640.91371791,YES,1,0
1781654400,0x73f9c42c0d2c56ac8930293ba539c0a46547b95c87b14fb326b3775a8811054f,253,NO,0.99,16070.45,1,,0.99,0,,0.01,16070.45,0.01,0.01,65677.54,65612.85500000,64.68500000,-0.085838,2.272972,100,65640.91371791,YES,0,-0.01
1781654400,0x73f9c42c0d2c56ac8930293ba539c0a46547b95c87b14fb326b3775a8811054f,254,YES,0.99,16050.44,1,,0.99,0,,0.01,16050.44,0.01,0.01,65679.92,65612.85500000,67.06500000,0.047338,2.270820,111,65640.91371791,YES,1,0
1781654400,0x73f9c42c0d2c56ac8930293ba539c0a46547b95c87b14fb326b3775a8811054f,254,NO,0.99,16050.44,1,,0.99,0,,0.01,16050.44,0.01,0.01,65679.92,65612.85500000,67.06500000,0.047338,2.270820,111,65640.91371791,YES,0,-0.01
1781654400,0x73f9c42c0d2c56ac8930293ba539c0a46547b95c87b14fb326b3775a8811054f,255,YES,0.99,16050.44,1,,0.99,0,,0.01,16050.44,0.01,0.01,65677.5450,65612.85500000,64.69000000,-0.156690,2.255415,118,65640.91371791,YES,1,0
1781654400,0x73f9c42c0d2c56ac8930293ba539c0a46547b95c87b14fb326b3775a8811054f,255,NO,0.99,16050.44,1,,0.99,0,,0.01,16050.44,0.01,0.01,65677.5450,65612.85500000,64.69000000,-0.156690,2.255415,118,65640.91371791,YES,0,-0.01
1781654400,0x73f9c42c0d2c56ac8930293ba539c0a46547b95c87b14fb326b3775a8811054f,256,YES,0.99,16050.44,1,,0.99,0,,0.01,16050.44,0.01,0.01,65677.54,65612.85500000,64.68500000,-0.158306,2.201960,123,65640.91371791,YES,1,0
1781654400,0x73f9c42c0d2c56ac8930293ba539c0a46547b95c87b14fb326b3775a8811054f,256,NO,0.99,16050.44,1,,0.99,0,,0.01,16050.44,0.01,0.01,65677.54,65612.85500000,64.68500000,-0.158306,2.201960,123,65640.91371791,YES,0,-0.01
1781654400,0x73f9c42c0d2c56ac8930293ba539c0a46547b95c87b14fb326b3775a8811054f,257,YES,0.99,16050.44,1,,0.99,0,,0.01,16050.44,0.01,0.01,65679.92,65612.85500000,67.06500000,-0.073669,2.172872,121,65640.91371791,YES,1,0
1781654400,0x73f9c42c0d2c56ac8930293ba539c0a46547b95c87b14fb326b3775a8811054f,257,NO,0.99,16050.44,1,,0.99,0,,0.01,16050.44,0.01,0.01,65679.92,65612.85500000,67.06500000,-0.073669,2.172872,121,65640.91371791,YES,0,-0.01
1781654400,0x73f9c42c0d2c56ac8930293ba539c0a46547b95c87b14fb326b3775a8811054f,258,YES,0.99,16050.44,1,,0.99,0,,0.01,16050.44,0.01,0.01,65678.2,65612.85500000,65.34500000,-0.131063,2.099065,119,65640.91371791,YES,1,0
1781654400,0x73f9c42c0d2c56ac8930293ba539c0a46547b95c87b14fb326b3775a8811054f,258,NO,0.99,16050.44,1,,0.99,0,,0.01,16050.44,0.01,0.01,65678.2,65612.85500000,65.34500000,-0.131063,2.099065,119,65640.91371791,YES,0,-0.01
1781654400,0x73f9c42c0d2c56ac8930293ba539c0a46547b95c87b14fb326b3775a8811054f,259,YES,0.99,16050.44,1,,0.99,0,,0.01,16050.44,0.01,0.01,65676.68,65612.85500000,63.82500000,-0.243669,2.045203,118,65640.91371791,YES,1,0
1781654400,0x73f9c42c0d2c56ac8930293ba539c0a46547b95c87b14fb326b3775a8811054f,259,NO,0.99,16050.44,1,,0.99,0,,0.01,16050.44,0.01,0.01,65676.68,65612.85500000,63.82500000,-0.243669,2.045203,118,65640.91371791,YES,0,-0.01
1781654400,0x73f9c42c0d2c56ac8930293ba539c0a46547b95c87b14fb326b3775a8811054f,260,YES,0.99,16050.44,1,,0.99,0,,0.01,16050.44,0.01,0.01,65678.3,65612.85500000,65.44500000,-0.196139,1.521389,138,65640.91371791,YES,1,0
1781654400,0x73f9c42c0d2c56ac8930293ba539c0a46547b95c87b14fb326b3775a8811054f,260,NO,0.99,16050.44,1,,0.99,0,,0.01,16050.44,0.01,0.01,65678.3,65612.85500000,65.44500000,-0.196139,1.521389,138,65640.91371791,YES,0,-0.01
1781654400,0x73f9c42c0d2c56ac8930293ba539c0a46547b95c87b14fb326b3775a8811054f,261,YES,0.99,16050.44,1,,0.99,0,,0.01,16050.44,0.01,0.01,65671.9,65612.85500000,59.04500000,-0.275133,1.565558,140,65640.91371791,YES,1,0
1781654400,0x73f9c42c0d2c56ac8930293ba539c0a46547b95c87b14fb326b3775a8811054f,261,NO,0.99,16050.44,1,,0.99,0,,0.01,16050.44,0.01,0.01,65671.9,65612.85500000,59.04500000,-0.275133,1.565558,140,65640.91371791,YES,0,-0.01
1781654400,0x73f9c42c0d2c56ac8930293ba539c0a46547b95c87b14fb326b3775a8811054f,262,YES,0.99,16050.44,1,,0.99,0,,0.01,16050.44,0.01,0.01,65671.9,65612.85500000,59.04500000,-0.275340,1.859106,141,65640.91371791,YES,1,0
1781654400,0x73f9c42c0d2c56ac8930293ba539c0a46547b95c87b14fb326b3775a8811054f,262,NO,0.99,16050.44,1,,0.99,0,,0.01,16050.44,0.01,0.01,65671.9,65612.85500000,59.04500000,-0.275340,1.859106,141,65640.91371791,YES,0,-0.01
1781654400,0x73f9c42c0d2c56ac8930293ba539c0a46547b95c87b14fb326b3775a8811054f,263,YES,0.99,16050.44,1,,0.99,0,,0.01,16050.44,0.01,0.01,65671.9,65612.85500000,59.04500000,-0.112750,2.078276,139,65640.91371791,YES,1,0
1781654400,0x73f9c42c0d2c56ac8930293ba539c0a46547b95c87b14fb326b3775a8811054f,263,NO,0.99,16050.44,1,,0.99,0,,0.01,16050.44,0.01,0.01,65671.9,65612.85500000,59.04500000,-0.112750,2.078276,139,65640.91371791,YES,0,-0.01
1781654400,0x73f9c42c0d2c56ac8930293ba539c0a46547b95c87b14fb326b3775a8811054f,264,YES,0.99,16050.44,1,,0.99,0,,0.01,16050.44,0.01,0.01,65671.9,65612.85500000,59.04500000,-0.203211,2.268407,137,65640.91371791,YES,1,0
1781654400,0x73f9c42c0d2c56ac8930293ba539c0a46547b95c87b14fb326b3775a8811054f,264,NO,0.99,16050.44,1,,0.99,0,,0.01,16050.44,0.01,0.01,65671.9,65612.85500000,59.04500000,-0.203211,2.268407,137,65640.91371791,YES,0,-0.01
1781654400,0x73f9c42c0d2c56ac8930293ba539c0a46547b95c87b14fb326b3775a8811054f,265,YES,0.99,16050.44,1,,0.99,0,,0.01,16050.44,0.01,0.01,65671.9,65612.85500000,59.04500000,-0.196515,2.424953,140,65640.91371791,YES,1,0
1781654400,0x73f9c42c0d2c56ac8930293ba539c0a46547b95c87b14fb326b3775a8811054f,265,NO,0.99,16050.44,1,,0.99,0,,0.01,16050.44,0.01,0.01,65671.9,65612.85500000,59.04500000,-0.196515,2.424953,140,65640.91371791,YES,0,-0.01
1781654400,0x73f9c42c0d2c56ac8930293ba539c0a46547b95c87b14fb326b3775a8811054f,266,YES,0.99,16050.44,1,,0.99,0,,0.01,16050.44,0.01,0.01,65657.4,65612.85500000,44.54500000,-0.680047,4.236588,141,65640.91371791,YES,1,0
1781654400,0x73f9c42c0d2c56ac8930293ba539c0a46547b95c87b14fb326b3775a8811054f,266,NO,0.99,16050.44,1,,0.99,0,,0.01,16050.44,0.01,0.01,65657.4,65612.85500000,44.54500000,-0.680047,4.236588,141,65640.91371791,YES,0,-0.01
1781654400,0x73f9c42c0d2c56ac8930293ba539c0a46547b95c87b14fb326b3775a8811054f,267,YES,0.99,16050.44,1,,0.99,0,,0.01,16050.44,0.01,0.01,65660.9,65612.85500000,48.04500000,-0.563434,5.038138,141,65640.91371791,YES,1,0
1781654400,0x73f9c42c0d2c56ac8930293ba539c0a46547b95c87b14fb326b3775a8811054f,267,NO,0.99,16050.44,1,,0.99,0,,0.01,16050.44,0.01,0.01,65660.9,65612.85500000,48.04500000,-0.563434,5.038138,141,65640.91371791,YES,0,-0.01
1781654400,0x73f9c42c0d2c56ac8930293ba539c0a46547b95c87b14fb326b3775a8811054f,268,YES,0.99,16050.44,1,,0.99,0,,0.01,16050.44,0.01,0.01,65660.9,65612.85500000,48.04500000,-0.573628,5.752420,146,65640.91371791,YES,1,0
1781654400,0x73f9c42c0d2c56ac8930293ba539c0a46547b95c87b14fb326b3775a8811054f,268,NO,0.99,16050.44,1,,0.99,0,,0.01,16050.44,0.01,0.01,65660.9,65612.85500000,48.04500000,-0.573628,5.752420,146,65640.91371791,YES,0,-0.01
1781654400,0x73f9c42c0d2c56ac8930293ba539c0a46547b95c87b14fb326b3775a8811054f,269,YES,0.99,16550.44,1,,0.99,0,,0.01,16550.44,0.01,0.01,65651.45,65612.85500000,38.59500000,-0.899330,7.146611,152,65640.91371791,YES,1,0
1781654400,0x73f9c42c0d2c56ac8930293ba539c0a46547b95c87b14fb326b3775a8811054f,269,NO,0.99,16550.44,1,,0.99,0,,0.01,16550.44,0.01,0.01,65651.45,65612.85500000,38.59500000,-0.899330,7.146611,152,65640.91371791,YES,0,-0.01
1781654400,0x73f9c42c0d2c56ac8930293ba539c0a46547b95c87b14fb326b3775a8811054f,270,YES,0.98,16485.45,1,,0.99,0,,0.02,16485.45,0.01,0.02,65651.45,65612.85500000,38.59500000,-0.899597,8.218539,151,65640.91371791,YES,1,0
1781654400,0x73f9c42c0d2c56ac8930293ba539c0a46547b95c87b14fb326b3775a8811054f,270,NO,0.98,16485.45,1,,0.99,0,,0.02,16485.45,0.01,0.02,65651.45,65612.85500000,38.59500000,-0.899597,8.218539,151,65640.91371791,YES,0,-0.02
1781654400,0x73f9c42c0d2c56ac8930293ba539c0a46547b95c87b14fb326b3775a8811054f,271,YES,0.98,15775.44,0.99,338.26,0.99,0.01,338.26,0.02,15775.44,0.02,0.01,65651.45,65612.85500000,38.59500000,-0.899405,9.083065,151,65640.91371791,YES,1,0.01
1781654400,0x73f9c42c0d2c56ac8930293ba539c0a46547b95c87b14fb326b3775a8811054f,271,NO,0.98,15775.44,0.99,338.26,0.99,0.01,338.26,0.02,15775.44,0.02,0.01,65651.45,65612.85500000,38.59500000,-0.899405,9.083065,151,65640.91371791,YES,0,-0.02
1781654400,0x73f9c42c0d2c56ac8930293ba539c0a46547b95c87b14fb326b3775a8811054f,272,YES,0.98,16440.44,0.99,181.43,0.99,0.01,181.43,0.02,16440.44,0.01,0.01,65651.45,65612.85500000,38.59500000,-0.869511,9.689382,157,65640.91371791,YES,1,0.01
1781654400,0x73f9c42c0d2c56ac8930293ba539c0a46547b95c87b14fb326b3775a8811054f,272,NO,0.98,16440.44,0.99,181.43,0.99,0.01,181.43,0.02,16440.44,0.01,0.01,65651.45,65612.85500000,38.59500000,-0.869511,9.689382,157,65640.91371791,YES,0,-0.02
1781654400,0x73f9c42c0d2c56ac8930293ba539c0a46547b95c87b14fb326b3775a8811054f,273,YES,0.98,15940.44,0.99,120.67,0.99,0.01,120.67,0.02,15940.44,0.01,0.01,65653.23,65612.85500000,40.37500000,-0.810205,10.178796,157,65640.91371791,YES,1,0.01
1781654400,0x73f9c42c0d2c56ac8930293ba539c0a46547b95c87b14fb326b3775a8811054f,273,NO,0.98,15940.44,0.99,120.67,0.99,0.01,120.67,0.02,15940.44,0.01,0.01,65653.23,65612.85500000,40.37500000,-0.810205,10.178796,157,65640.91371791,YES,0,-0.02
1781654400,0x73f9c42c0d2c56ac8930293ba539c0a46547b95c87b14fb326b3775a8811054f,274,YES,0.99,16250.44,1,13.78,0.99,0,13.78,0.01,16250.44,0.02,0.01,65658.7650,65612.85500000,45.91000000,-0.718382,10.431947,157,65640.91371791,YES,1,0
1781654400,0x73f9c42c0d2c56ac8930293ba539c0a46547b95c87b14fb326b3775a8811054f,274,NO,0.99,16250.44,1,13.78,0.99,0,13.78,0.01,16250.44,0.02,0.01,65658.7650,65612.85500000,45.91000000,-0.718382,10.431947,157,65640.91371791,YES,0,-0.01
1781654400,0x73f9c42c0d2c56ac8930293ba539c0a46547b95c87b14fb326b3775a8811054f,275,YES,0.98,15755.44,0.99,78.98,0.99,0.01,78.98,0.02,15755.44,0.02,0.01,65658.38350,65612.85500000,45.52850000,-0.742442,10.500137,156,65640.91371791,YES,1,0.01
1781654400,0x73f9c42c0d2c56ac8930293ba539c0a46547b95c87b14fb326b3775a8811054f,275,NO,0.98,15755.44,0.99,78.98,0.99,0.01,78.98,0.02,15755.44,0.02,0.01,65658.38350,65612.85500000,45.52850000,-0.742442,10.500137,156,65640.91371791,YES,0,-0.02
1781654400,0x73f9c42c0d2c56ac8930293ba539c0a46547b95c87b14fb326b3775a8811054f,276,YES,0.96,15735.84,0.97,569.88,0.97,0.03,569.88,0.04,15735.84,0.04,0.01,65653.13,65612.85500000,40.27500000,-0.853270,10.725636,155,65640.91371791,YES,1,0.03
1781654400,0x73f9c42c0d2c56ac8930293ba539c0a46547b95c87b14fb326b3775a8811054f,276,NO,0.96,15735.84,0.97,569.88,0.97,0.03,569.88,0.04,15735.84,0.04,0.01,65653.13,65612.85500000,40.27500000,-0.853270,10.725636,155,65640.91371791,YES,0,-0.04
1781654400,0x73f9c42c0d2c56ac8930293ba539c0a46547b95c87b14fb326b3775a8811054f,277,YES,0.97,15740.84,0.98,641.93,0.97,0.02,641.93,0.03,15740.84,0.04,0.01,65646.68,65612.85500000,33.82500000,-1.075999,11.288262,159,65640.91371791,YES,1,0.02
1781654400,0x73f9c42c0d2c56ac8930293ba539c0a46547b95c87b14fb326b3775a8811054f,277,NO,0.97,15740.84,0.98,641.93,0.97,0.02,641.93,0.03,15740.84,0.04,0.01,65646.68,65612.85500000,33.82500000,-1.075999,11.288262,159,65640.91371791,YES,0,-0.03
1781654400,0x73f9c42c0d2c56ac8930293ba539c0a46547b95c87b14fb326b3775a8811054f,278,YES,0.97,15730.84,0.98,637.93,0.98,0.02,637.93,0.03,15730.84,0.03,0.01,65646.68,65612.85500000,33.82500000,-1.040186,11.710112,156,65640.91371791,YES,1,0.02
1781654400,0x73f9c42c0d2c56ac8930293ba539c0a46547b95c87b14fb326b3775a8811054f,278,NO,0.97,15730.84,0.98,637.93,0.98,0.02,637.93,0.03,15730.84,0.03,0.01,65646.68,65612.85500000,33.82500000,-1.040186,11.710112,156,65640.91371791,YES,0,-0.03
1781654400,0x73f9c42c0d2c56ac8930293ba539c0a46547b95c87b14fb326b3775a8811054f,279,YES,0.98,15535.84,0.99,521.4,0.99,0.01,521.4,0.02,15535.84,0.03,0.01,65654.99,65612.85500000,42.13500000,-0.763221,11.724565,152,65640.91371791,YES,1,0.01
1781654400,0x73f9c42c0d2c56ac8930293ba539c0a46547b95c87b14fb326b3775a8811054f,279,NO,0.98,15535.84,0.99,521.4,0.99,0.01,521.4,0.02,15535.84,0.03,0.01,65654.99,65612.85500000,42.13500000,-0.763221,11.724565,152,65640.91371791,YES,0,-0.02
1781654400,0x73f9c42c0d2c56ac8930293ba539c0a46547b95c87b14fb326b3775a8811054f,280,YES,0.97,15740.84,0.98,496.4,0.98,0.02,496.4,0.03,15740.84,0.02,0.01,65654.1850,65612.85500000,41.33000000,-0.887164,11.687737,156,65640.91371791,YES,1,0.02
1781654400,0x73f9c42c0d2c56ac8930293ba539c0a46547b95c87b14fb326b3775a8811054f,280,NO,0.97,15740.84,0.98,496.4,0.98,0.02,496.4,0.03,15740.84,0.02,0.01,65654.1850,65612.85500000,41.33000000,-0.887164,11.687737,156,65640.91371791,YES,0,-0.03
1781654400,0x73f9c42c0d2c56ac8930293ba539c0a46547b95c87b14fb326b3775a8811054f,281,YES,0.98,16040.84,0.99,495.12,0.99,0.01,495.12,0.02,16040.84,0.02,0.01,65651.44,65612.85500000,38.58500000,-0.949183,11.749036,153,65640.91371791,YES,1,0.01
1781654400,0x73f9c42c0d2c56ac8930293ba539c0a46547b95c87b14fb326b3775a8811054f,281,NO,0.98,16040.84,0.99,495.12,0.99,0.01,495.12,0.02,16040.84,0.02,0.01,65651.44,65612.85500000,38.58500000,-0.949183,11.749036,153,65640.91371791,YES,0,-0.02
1781654400,0x73f9c42c0d2c56ac8930293ba539c0a46547b95c87b14fb326b3775a8811054f,282,YES,0.97,15707.84,0.98,54.63,0.98,0.02,54.63,0.03,15707.84,0.03,0.01,65651.44,65612.85500000,38.58500000,-0.870052,11.634807,152,65640.91371791,YES,1,0.02
1781654400,0x73f9c42c0d2c56ac8930293ba539c0a46547b95c87b14fb326b3775a8811054f,282,NO,0.97,15707.84,0.98,54.63,0.98,0.02,54.63,0.03,15707.84,0.03,0.01,65651.44,65612.85500000,38.58500000,-0.870052,11.634807,152,65640.91371791,YES,0,-0.03
1781654400,0x73f9c42c0d2c56ac8930293ba539c0a46547b95c87b14fb326b3775a8811054f,283,YES,0.98,15497.84,0.99,62.92,0.99,0.01,62.92,0.02,15497.84,0.02,0.01,65649.7,65612.85500000,36.84500000,-1.042138,11.484383,152,65640.91371791,YES,1,0.01
1781654400,0x73f9c42c0d2c56ac8930293ba539c0a46547b95c87b14fb326b3775a8811054f,283,NO,0.98,15497.84,0.99,62.92,0.99,0.01,62.92,0.02,15497.84,0.02,0.01,65649.7,65612.85500000,36.84500000,-1.042138,11.484383,152,65640.91371791,YES,0,-0.02
1781654400,0x73f9c42c0d2c56ac8930293ba539c0a46547b95c87b14fb326b3775a8811054f,284,YES,0.99,15482.85,1,,0.99,0,,0.01,15482.85,0.02,0.01,65649.7,65612.85500000,36.84500000,-1.007336,11.517430,140,65640.91371791,YES,1,0
1781654400,0x73f9c42c0d2c56ac8930293ba539c0a46547b95c87b14fb326b3775a8811054f,284,NO,0.99,15482.85,1,,0.99,0,,0.01,15482.85,0.02,0.01,65649.7,65612.85500000,36.84500000,-1.007336,11.517430,140,65640.91371791,YES,0,-0.01
1781654400,0x73f9c42c0d2c56ac8930293ba539c0a46547b95c87b14fb326b3775a8811054f,285,YES,0.99,15482.84,1,,0.99,0,,0.01,15482.84,0.02,0.01,65649.7,65612.85500000,36.84500000,-0.928208,11.231870,131,65640.91371791,YES,1,0
1781654400,0x73f9c42c0d2c56ac8930293ba539c0a46547b95c87b14fb326b3775a8811054f,285,NO,0.99,15482.84,1,,0.99,0,,0.01,15482.84,0.02,0.01,65649.7,65612.85500000,36.84500000,-0.928208,11.231870,131,65640.91371791,YES,0,-0.01
1781654400,0x73f9c42c0d2c56ac8930293ba539c0a46547b95c87b14fb326b3775a8811054f,286,YES,0.99,15546.54,1,,0.99,0,,0.01,15546.54,0.01,0.01,65648.19,65612.85500000,35.33500000,-1.094269,10.733881,130,65640.91371791,YES,1,0
1781654400,0x73f9c42c0d2c56ac8930293ba539c0a46547b95c87b14fb326b3775a8811054f,286,NO,0.99,15546.54,1,,0.99,0,,0.01,15546.54,0.01,0.01,65648.19,65612.85500000,35.33500000,-1.094269,10.733881,130,65640.91371791,YES,0,-0.01
1781654400,0x73f9c42c0d2c56ac8930293ba539c0a46547b95c87b14fb326b3775a8811054f,287,YES,0.96,15836.54,0.97,80,0.98,0.03,80,0.04,15836.54,0.03,0.01,65651.45,65612.85500000,38.59500000,-0.949063,10.653764,135,65640.91371791,YES,1,0.03
1781654400,0x73f9c42c0d2c56ac8930293ba539c0a46547b95c87b14fb326b3775a8811054f,287,NO,0.96,15836.54,0.97,80,0.98,0.03,80,0.04,15836.54,0.03,0.01,65651.45,65612.85500000,38.59500000,-0.949063,10.653764,135,65640.91371791,YES,0,-0.04
1781654400,0x73f9c42c0d2c56ac8930293ba539c0a46547b95c87b14fb326b3775a8811054f,288,YES,0.96,15351.54,0.97,110.26,0.97,0.03,110.26,0.04,15351.54,0.03,0.01,65649.0650,65612.85500000,36.21000000,-0.952309,9.571387,136,65640.91371791,YES,1,0.03
1781654400,0x73f9c42c0d2c56ac8930293ba539c0a46547b95c87b14fb326b3775a8811054f,288,NO,0.96,15351.54,0.97,110.26,0.97,0.03,110.26,0.04,15351.54,0.03,0.01,65649.0650,65612.85500000,36.21000000,-0.952309,9.571387,136,65640.91371791,YES,0,-0.04
1781654400,0x73f9c42c0d2c56ac8930293ba539c0a46547b95c87b14fb326b3775a8811054f,289,YES,0.99,16036.54,1,5,0.99,0,5,0.01,16036.54,0.03,0.01,65649.0650,65612.85500000,36.21000000,-1.008340,8.997084,137,65640.91371791,YES,1,0
1781654400,0x73f9c42c0d2c56ac8930293ba539c0a46547b95c87b14fb326b3775a8811054f,289,NO,0.99,16036.54,1,5,0.99,0,5,0.01,16036.54,0.03,0.01,65649.0650,65612.85500000,36.21000000,-1.008340,8.997084,137,65640.91371791,YES,0,-0.01
1781654400,0x73f9c42c0d2c56ac8930293ba539c0a46547b95c87b14fb326b3775a8811054f,290,YES,0.99,16036.54,1,5,0.99,0,5,0.01,16036.54,0.03,0.01,65649.07,65612.85500000,36.21500000,-0.974485,8.950736,110,65640.91371791,YES,1,0
1781654400,0x73f9c42c0d2c56ac8930293ba539c0a46547b95c87b14fb326b3775a8811054f,290,NO,0.99,16036.54,1,5,0.99,0,5,0.01,16036.54,0.03,0.01,65649.07,65612.85500000,36.21500000,-0.974485,8.950736,110,65640.91371791,YES,0,-0.01
1781654400,0x73f9c42c0d2c56ac8930293ba539c0a46547b95c87b14fb326b3775a8811054f,291,YES,0.01,9447.54,0.99,55,0.93,0.07,55,0.08,9447.54,0.07,0.92,65649.8,65612.85500000,36.94500000,-0.736776,8.072215,119,65640.91371791,YES,1,0.01
1781654400,0x73f9c42c0d2c56ac8930293ba539c0a46547b95c87b14fb326b3775a8811054f,291,NO,0.01,9447.54,0.99,55,0.93,0.07,55,0.08,9447.54,0.07,0.92,65649.8,65612.85500000,36.94500000,-0.736776,8.072215,119,65640.91371791,YES,0,-0.08
1781654400,0x73f9c42c0d2c56ac8930293ba539c0a46547b95c87b14fb326b3775a8811054f,292,YES,0.9,10037.54,0.91,45,0.91,0.09,45,0.1,10037.54,0.1,0.01,65649.8,65612.85500000,36.94500000,-0.761903,6.980233,118,65640.91371791,YES,1,0.09
1781654400,0x73f9c42c0d2c56ac8930293ba539c0a46547b95c87b14fb326b3775a8811054f,292,NO,0.9,10037.54,0.91,45,0.91,0.09,45,0.1,10037.54,0.1,0.01,65649.8,65612.85500000,36.94500000,-0.761903,6.980233,118,65640.91371791,YES,0,-0.1
1781654400,0x73f9c42c0d2c56ac8930293ba539c0a46547b95c87b14fb326b3775a8811054f,293,YES,0.94,10257.55,0.95,275,0.95,0.05,275,0.06,10257.55,0.09,0.01,65649.8,65612.85500000,36.94500000,-0.762231,6.192110,124,65640.91371791,YES,1,0.05
1781654400,0x73f9c42c0d2c56ac8930293ba539c0a46547b95c87b14fb326b3775a8811054f,293,NO,0.94,10257.55,0.95,275,0.95,0.05,275,0.06,10257.55,0.09,0.01,65649.8,65612.85500000,36.94500000,-0.762231,6.192110,124,65640.91371791,YES,0,-0.06
1781654400,0x73f9c42c0d2c56ac8930293ba539c0a46547b95c87b14fb326b3775a8811054f,294,YES,0.95,9557.54,0.96,299.89,0.96,0.04,299.89,0.05,9557.54,0.04,0.01,65649.8,65612.85500000,36.94500000,-0.736867,6.125191,125,65640.91371791,YES,1,0.04
1781654400,0x73f9c42c0d2c56ac8930293ba539c0a46547b95c87b14fb326b3775a8811054f,294,NO,0.95,9557.54,0.96,299.89,0.96,0.04,299.89,0.05,9557.54,0.04,0.01,65649.8,65612.85500000,36.94500000,-0.736867,6.125191,125,65640.91371791,YES,0,-0.05
1781654400,0x73f9c42c0d2c56ac8930293ba539c0a46547b95c87b14fb326b3775a8811054f,295,YES,0.95,9567.55,0.96,299.89,0.96,0.04,299.89,0.05,9567.55,0.04,0.01,65649.8,65612.85500000,36.94500000,-0.261990,3.784615,128,65640.91371791,YES,1,0.04
1781654400,0x73f9c42c0d2c56ac8930293ba539c0a46547b95c87b14fb326b3775a8811054f,295,NO,0.95,9567.55,0.96,299.89,0.96,0.04,299.89,0.05,9567.55,0.04,0.01,65649.8,65612.85500000,36.94500000,-0.261990,3.784615,128,65640.91371791,YES,0,-0.05
1781654400,0x73f9c42c0d2c56ac8930293ba539c0a46547b95c87b14fb326b3775a8811054f,296,YES,0.98,9552.54,0.99,144.75,0.99,0.01,144.75,0.02,9552.54,0.02,0.01,65639.7650,65612.85500000,26.91000000,-0.728802,4.236870,126,65640.91371791,YES,1,0.01
1781654400,0x73f9c42c0d2c56ac8930293ba539c0a46547b95c87b14fb326b3775a8811054f,296,NO,0.98,9552.54,0.99,144.75,0.99,0.01,144.75,0.02,9552.54,0.02,0.01,65639.7650,65612.85500000,26.91000000,-0.728802,4.236870,126,65640.91371791,YES,0,-0.02
1781654400,0x73f9c42c0d2c56ac8930293ba539c0a46547b95c87b14fb326b3775a8811054f,297,YES,0.99,9557.54,1,,0.99,0,,0.01,9557.54,0.02,0.01,65631.32,65612.85500000,18.46500000,-1.019905,5.230682,124,65640.91371791,YES,1,0
1781654400,0x73f9c42c0d2c56ac8930293ba539c0a46547b95c87b14fb326b3775a8811054f,297,NO,0.99,9557.54,1,,0.99,0,,0.01,9557.54,0.02,0.01,65631.32,65612.85500000,18.46500000,-1.019905,5.230682,124,65640.91371791,YES,0,-0.01
1781654400,0x73f9c42c0d2c56ac8930293ba539c0a46547b95c87b14fb326b3775a8811054f,298,YES,0.99,9542.54,1,,0.99,0,,0.01,9542.54,0.02,0.01,65640.56,65612.85500000,27.70500000,-0.678029,5.430738,117,65640.91371791,YES,1,0
1781654400,0x73f9c42c0d2c56ac8930293ba539c0a46547b95c87b14fb326b3775a8811054f,298,NO,0.99,9542.54,1,,0.99,0,,0.01,9542.54,0.02,0.01,65640.56,65612.85500000,27.70500000,-0.678029,5.430738,117,65640.91371791,YES,0,-0.01
1781654400,0x73f9c42c0d2c56ac8930293ba539c0a46547b95c87b14fb326b3775a8811054f,299,YES,0.99,9257.54,1,,0.99,0,,0.01,9257.54,0.02,0.01,65640.7950,65612.85500000,27.94000000,-0.355247,5.297680,108,65640.91371791,YES,1,0
1781654400,0x73f9c42c0d2c56ac8930293ba539c0a46547b95c87b14fb326b3775a8811054f,299,NO,0.99,9257.54,1,,0.99,0,,0.01,9257.54,0.02,0.01,65640.7950,65612.85500000,27.94000000,-0.355247,5.297680,108,65640.91371791,YES,0,-0.01
1781654700,0x8c04de989b843b6817b72b92f920734e94a726a60feaf1c2f0e063747fc5021b,180,YES,0.69,19149.52,0.7,20821.53,0.7,0.3,20821.53,0.31,19149.52,0.31,0.01,65649.38,65640.97935895,8.40064105,-0.375507,4.720559,95,,,,
1781654700,0x8c04de989b843b6817b72b92f920734e94a726a60feaf1c2f0e063747fc5021b,180,NO,0.69,19149.52,0.7,20821.53,0.7,0.3,20821.53,0.31,19149.52,0.31,0.01,65649.38,65640.97935895,8.40064105,-0.375507,4.720559,95,,,,
1781654700,0x8c04de989b843b6817b72b92f920734e94a726a60feaf1c2f0e063747fc5021b,181,YES,0.69,18764.55,0.7,20541.53,0.7,0.3,20541.53,0.31,18759.55,0.31,0.01,65649.65,65640.97935895,8.67064105,-0.354011,4.780700,99,,,,
1781654700,0x8c04de989b843b6817b72b92f920734e94a726a60feaf1c2f0e063747fc5021b,181,NO,0.69,18764.55,0.7,20541.53,0.7,0.3,20541.53,0.31,18759.55,0.31,0.01,65649.65,65640.97935895,8.67064105,-0.354011,4.780700,99,,,,
1781654700,0x8c04de989b843b6817b72b92f920734e94a726a60feaf1c2f0e063747fc5021b,182,YES,0.73,18944.55,0.74,20336.53,0.74,0.26,20336.53,0.27,18944.55,0.31,0.01,65656.67,65640.97935895,15.69064105,-0.124194,4.619396,99,,,,
1781654700,0x8c04de989b843b6817b72b92f920734e94a726a60feaf1c2f0e063747fc5021b,182,NO,0.73,18944.55,0.74,20336.53,0.74,0.26,20336.53,0.27,18944.55,0.31,0.01,65656.67,65640.97935895,15.69064105,-0.124194,4.619396,99,,,,
1781654700,0x8c04de989b843b6817b72b92f920734e94a726a60feaf1c2f0e063747fc5021b,183,YES,0.73,18529.52,0.74,20541.53,0.74,0.26,20541.53,0.27,18529.52,0.31,0.01,65656.67,65640.97935895,15.69064105,-0.120042,4.504467,102,,,,
1781654700,0x8c04de989b843b6817b72b92f920734e94a726a60feaf1c2f0e063747fc5021b,183,NO,0.73,18529.52,0.74,20541.53,0.74,0.26,20541.53,0.27,18529.52,0.31,0.01,65656.67,65640.97935895,15.69064105,-0.120042,4.504467,102,,,,
1781654700,0x8c04de989b843b6817b72b92f920734e94a726a60feaf1c2f0e063747fc5021b,184,YES,0.73,18639.52,0.74,20536.53,0.74,0.26,20536.53,0.27,18639.52,0.27,0.01,65656.67,65640.97935895,15.69064105,-0.161038,4.371076,101,,,,
1781654700,0x8c04de989b843b6817b72b92f920734e94a726a60feaf1c2f0e063747fc5021b,184,NO,0.73,18639.52,0.74,20536.53,0.74,0.26,20536.53,0.27,18639.52,0.27,0.01,65656.67,65640.97935895,15.69064105,-0.161038,4.371076,101,,,,
1781654700,0x8c04de989b843b6817b72b92f920734e94a726a60feaf1c2f0e063747fc5021b,185,YES,0.73,18680.56,0.74,20237.53,0.74,0.26,20237.53,0.27,18680.56,0.27,0.01,65656.67,65640.97935895,15.69064105,-0.161004,4.193005,100,,,,
1781654700,0x8c04de989b843b6817b72b92f920734e94a726a60feaf1c2f0e063747fc5021b,185,NO,0.73,18680.56,0.74,20237.53,0.74,0.26,20237.53,0.27,18680.56,0.27,0.01,65656.67,65640.97935895,15.69064105,-0.161004,4.193005,100,,,,
1781654700,0x8c04de989b843b6817b72b92f920734e94a726a60feaf1c2f0e063747fc5021b,186,YES,0.73,18845.52,0.74,20227.53,0.73,0.26,20227.53,0.27,18845.52,0.27,0.01,65656.67,65640.97935895,15.69064105,-0.388990,3.912037,100,,,,
1781654700,0x8c04de989b843b6817b72b92f920734e94a726a60feaf1c2f0e063747fc5021b,186,NO,0.73,18845.52,0.74,20227.53,0.73,0.26,20227.53,0.27,18845.52,0.27,0.01,65656.67,65640.97935895,15.69064105,-0.388990,3.912037,100,,,,
1781654700,0x8c04de989b843b6817b72b92f920734e94a726a60feaf1c2f0e063747fc5021b,187,YES,0.73,18265.55,0.74,20242.53,0.74,0.26,20242.53,0.27,18265.55,0.27,0.01,65655.26,65640.97935895,14.28064105,-0.423135,3.813245,100,,,,
1781654700,0x8c04de989b843b6817b72b92f920734e94a726a60feaf1c2f0e063747fc5021b,187,NO,0.73,18265.55,0.74,20242.53,0.74,0.26,20242.53,0.27,18265.55,0.27,0.01,65655.26,65640.97935895,14.28064105,-0.423135,3.813245,100,,,,
1781654700,0x8c04de989b843b6817b72b92f920734e94a726a60feaf1c2f0e063747fc5021b,188,YES,0.74,18345.52,0.75,20227.53,0.74,0.25,20227.53,0.26,18345.52,0.27,0.01,65655.26,65640.97935895,14.28064105,-0.079670,3.109533,86,,,,
1781654700,0x8c04de989b843b6817b72b92f920734e94a726a60feaf1c2f0e063747fc5021b,188,NO,0.74,18345.52,0.75,20227.53,0.74,0.25,20227.53,0.26,18345.52,0.27,0.01,65655.26,65640.97935895,14.28064105,-0.079670,3.109533,86,,,,
1781654700,0x8c04de989b843b6817b72b92f920734e94a726a60feaf1c2f0e063747fc5021b,189,YES,0.81,18268.61,0.82,20222.53,0.81,0.18,20222.53,0.19,18268.61,0.2,0.01,65653.7,65640.97935895,12.72064105,-0.131691,3.028288,94,,,,
1781654700,0x8c04de989b843b6817b72b92f920734e94a726a60feaf1c2f0e063747fc5021b,189,NO,0.81,18268.61,0.82,20222.53,0.81,0.18,20222.53,0.19,18268.61,0.2,0.01,65653.7,65640.97935895,12.72064105,-0.131691,3.028288,94,,,,
1781654700,0x8c04de989b843b6817b72b92f920734e94a726a60feaf1c2f0e063747fc5021b,190,YES,0.82,18468.6,0.83,20222.53,0.82,0.17,20222.53,0.18,18468.6,0.19,0.01,65658.55,65640.97935895,17.57064105,0.031036,3.083659,88,,,,
1781654700,0x8c04de989b843b6817b72b92f920734e94a726a60feaf1c2f0e063747fc5021b,190,NO,0.82,18468.6,0.83,20222.53,0.82,0.17,20222.53,0.18,18468.6,0.19,0.01,65658.55,65640.97935895,17.57064105,0.031036,3.083659,88,,,,
1781654700,0x8c04de989b843b6817b72b92f920734e94a726a60feaf1c2f0e063747fc5021b,191,YES,0.88,18728.55,0.89,13232.53,0.89,0.11,13232.53,0.12,18728.55,0.13,0.01,65663.3050,65640.97935895,22.32564105,0.188531,3.563196,99,,,,
1781654700,0x8c04de989b843b6817b72b92f920734e94a726a60feaf1c2f0e063747fc5021b,191,NO,0.88,18728.55,0.89,13232.53,0.89,0.11,13232.53,0.12,18728.55,0.13,0.01,65663.3050,65640.97935895,22.32564105,0.188531,3.563196,99,,,,
1781654700,0x8c04de989b843b6817b72b92f920734e94a726a60feaf1c2f0e063747fc5021b,192,YES,0.81,18743.56,0.82,15227.53,0.82,0.18,15227.53,0.19,18743.56,0.18,0.01,65663.31,65640.97935895,22.33064105,0.345133,3.959972,104,,,,
1781654700,0x8c04de989b843b6817b72b92f920734e94a726a60feaf1c2f0e063747fc5021b,192,NO,0.81,18743.56,0.82,15227.53,0.82,0.18,15227.53,0.19,18743.56,0.18,0.01,65663.31,65640.97935895,22.33064105,0.345133,3.959972,104,,,,
1781654700,0x8c04de989b843b6817b72b92f920734e94a726a60feaf1c2f0e063747fc5021b,193,YES,0.8,18258.55,0.81,15823.53,0.81,0.19,15823.53,0.2,18258.55,0.19,0.01,65663.3050,65640.97935895,22.32564105,0.344638,4.274149,102,,,,
1781654700,0x8c04de989b843b6817b72b92f920734e94a726a60feaf1c2f0e063747fc5021b,193,NO,0.8,18258.55,0.81,15823.53,0.81,0.19,15823.53,0.2,18258.55,0.19,0.01,65663.3050,65640.97935895,22.32564105,0.344638,4.274149,102,,,,
1781654700,0x8c04de989b843b6817b72b92f920734e94a726a60feaf1c2f0e063747fc5021b,194,YES,0.8,18463.55,0.81,15323.53,0.81,0.19,15323.53,0.2,18463.55,0.19,0.01,65661.09,65640.97935895,20.11064105,0.259340,4.340471,102,,,,
1781654700,0x8c04de989b843b6817b72b92f920734e94a726a60feaf1c2f0e063747fc5021b,194,NO,0.8,18463.55,0.81,15323.53,0.81,0.19,15323.53,0.2,18463.55,0.19,0.01,65661.09,65640.97935895,20.11064105,0.259340,4.340471,102,,,,
1781654700,0x8c04de989b843b6817b72b92f920734e94a726a60feaf1c2f0e063747fc5021b,195,YES,0.81,18433.52,0.82,13528.53,0.82,0.18,13528.53,0.19,18433.52,0.19,0.01,65661.1,65640.97935895,20.12064105,0.259704,4.419239,102,,,,
1781654700,0x8c04de989b843b6817b72b92f920734e94a726a60feaf1c2f0e063747fc5021b,195,NO,0.81,18433.52,0.82,13528.53,0.82,0.18,13528.53,0.19,18433.52,0.19,0.01,65661.1,65640.97935895,20.12064105,0.259704,4.419239,102,,,,
1781654700,0x8c04de989b843b6817b72b92f920734e94a726a60feaf1c2f0e063747fc5021b,196,YES,0.81,18933.55,0.82,13523.53,0.82,0.18,13523.53,0.19,18933.55,0.19,0.01,65660.950,65640.97935895,19.97064105,0.203267,4.497567,103,,,,
1781654700,0x8c04de989b843b6817b72b92f920734e94a726a60feaf1c2f0e063747fc5021b,196,NO,0.81,18933.55,0.82,13523.53,0.82,0.18,13523.53,0.19,18933.55,0.19,0.01,65660.950,65640.97935895,19.97064105,0.203267,4.497567,103,,,,
1781654700,0x8c04de989b843b6817b72b92f920734e94a726a60feaf1c2f0e063747fc5021b,197,YES,0.87,18338.53,0.88,13563.53,0.88,0.12,13563.53,0.13,18338.53,0.13,0.01,65660.950,65640.97935895,19.97064105,0.203432,4.545662,105,,,,
1781654700,0x8c04de989b843b6817b72b92f920734e94a726a60feaf1c2f0e063747fc5021b,197,NO,0.87,18338.53,0.88,13563.53,0.88,0.12,13563.53,0.13,18338.53,0.13,0.01,65660.950,65640.97935895,19.97064105,0.203432,4.545662,105,,,,
1781654700,0x8c04de989b843b6817b72b92f920734e94a726a60feaf1c2f0e063747fc5021b,198,YES,0.87,18543.55,0.88,13558.53,0.88,0.12,13558.53,0.13,18543.55,0.13,0.01,65660.950,65640.97935895,19.97064105,0.196669,4.540731,105,,,,
1781654700,0x8c04de989b843b6817b72b92f920734e94a726a60feaf1c2f0e063747fc5021b,198,NO,0.87,18543.55,0.88,13558.53,0.88,0.12,13558.53,0.13,18543.55,0.13,0.01,65660.950,65640.97935895,19.97064105,0.196669,4.540731,105,,,,
1781654700,0x8c04de989b843b6817b72b92f920734e94a726a60feaf1c2f0e063747fc5021b,199,YES,0.87,18243.52,0.88,13558.53,0.88,0.12,13558.53,0.13,18243.52,0.13,0.01,65660.9450,65640.97935895,19.96564105,0.142926,4.612673,109,,,,
1781654700,0x8c04de989b843b6817b72b92f920734e94a726a60feaf1c2f0e063747fc5021b,199,NO,0.87,18243.52,0.88,13558.53,0.88,0.12,13558.53,0.13,18243.52,0.13,0.01,65660.9450,65640.97935895,19.96564105,0.142926,4.612673,109,,,,
1781654700,0x8c04de989b843b6817b72b92f920734e94a726a60feaf1c2f0e063747fc5021b,200,YES,0.87,18208.52,0.88,13533.53,0.88,0.12,13533.53,0.13,18208.52,0.13,0.01,65660.9450,65640.97935895,19.96564105,0.142886,4.636888,108,,,,
1781654700,0x8c04de989b843b6817b72b92f920734e94a726a60feaf1c2f0e063747fc5021b,200,NO,0.87,18208.52,0.88,13533.53,0.88,0.12,13533.53,0.13,18208.52,0.13,0.01,65660.9450,65640.97935895,19.96564105,0.142886,4.636888,108,,,,
1781654700,0x8c04de989b843b6817b72b92f920734e94a726a60feaf1c2f0e063747fc5021b,201,YES,0.87,18603.52,0.88,13633.53,0.87,0.12,13633.53,0.13,18603.52,0.13,0.01,65661.1,65640.97935895,20.12064105,0.212010,4.659697,112,,,,
1781654700,0x8c04de989b843b6817b72b92f920734e94a726a60feaf1c2f0e063747fc5021b,201,NO,0.87,18603.52,0.88,13633.53,0.87,0.12,13633.53,0.13,18603.52,0.13,0.01,65661.1,65640.97935895,20.12064105,0.212010,4.659697,112,,,,
1781654700,0x8c04de989b843b6817b72b92f920734e94a726a60feaf1c2f0e063747fc5021b,202,YES,0.89,18118.56,0.9,12988.53,0.89,0.1,12988.53,0.11,18118.56,0.11,0.01,65664.72,65640.97935895,23.74064105,0.336952,4.824043,122,,,,
1781654700,0x8c04de989b843b6817b72b92f920734e94a726a60feaf1c2f0e063747fc5021b,202,NO,0.89,18118.56,0.9,12988.53,0.89,0.1,12988.53,0.11,18118.56,0.11,0.01,65664.72,65640.97935895,23.74064105,0.336952,4.824043,122,,,,
1781654700,0x8c04de989b843b6817b72b92f920734e94a726a60feaf1c2f0e063747fc5021b,203,YES,0.89,17398.52,0.9,12892.53,0.89,0.1,12892.53,0.11,17398.52,0.11,0.01,65668.86,65640.97935895,27.88064105,0.463692,5.193317,125,,,,
1781654700,0x8c04de989b843b6817b72b92f920734e94a726a60feaf1c2f0e063747fc5021b,203,NO,0.89,17398.52,0.9,12892.53,0.89,0.1,12892.53,0.11,17398.52,0.11,0.01,65668.86,65640.97935895,27.88064105,0.463692,5.193317,125,,,,
1781654700,0x8c04de989b843b6817b72b92f920734e94a726a60feaf1c2f0e063747fc5021b,204,YES,0.9,17623.55,0.91,13022.53,0.91,0.09,13022.53,0.1,17623.55,0.1,0.01,65667.61,65640.97935895,26.63064105,0.613524,5.436275,127,,,,
1781654700,0x8c04de989b843b6817b72b92f920734e94a726a60feaf1c2f0e063747fc5021b,204,NO,0.9,17623.55,0.91,13022.53,0.91,0.09,13022.53,0.1,17623.55,0.1,0.01,65667.61,65640.97935895,26.63064105,0.613524,5.436275,127,,,,
1781654700,0x8c04de989b843b6817b72b92f920734e94a726a60feaf1c2f0e063747fc5021b,205,YES,0.9,17423.56,0.91,13022.53,0.91,0.09,13022.53,0.1,17423.56,0.1,0.01,65668.69,65640.97935895,27.71064105,0.671986,5.476438,128,,,,
1781654700,0x8c04de989b843b6817b72b92f920734e94a726a60feaf1c2f0e063747fc5021b,205,NO,0.9,17423.56,0.91,13022.53,0.91,0.09,13022.53,0.1,17423.56,0.1,0.01,65668.69,65640.97935895,27.71064105,0.671986,5.476438,128,,,,
1781654700,0x8c04de989b843b6817b72b92f920734e94a726a60feaf1c2f0e063747fc5021b,206,YES,0.9,17613.55,0.91,13048.08,0.91,0.09,13048.08,0.1,17613.55,0.1,0.01,65668.83,65640.97935895,27.85064105,0.676916,5.560884,128,,,,
1781654700,0x8c04de989b843b6817b72b92f920734e94a726a60feaf1c2f0e063747fc5021b,206,NO,0.9,17613.55,0.91,13048.08,0.91,0.09,13048.08,0.1,17613.55,0.1,0.01,65668.83,65640.97935895,27.85064105,0.676916,5.560884,128,,,,
1781654700,0x8c04de989b843b6817b72b92f920734e94a726a60feaf1c2f0e063747fc5021b,207,YES,0.9,18098.52,0.91,12958.08,0.9,0.09,12958.08,0.1,18098.52,0.1,0.01,65669.24,65640.97935895,28.26064105,0.690547,5.618816,131,,,,
1781654700,0x8c04de989b843b6817b72b92f920734e94a726a60feaf1c2f0e063747fc5021b,207,NO,0.9,18098.52,0.91,12958.08,0.9,0.09,12958.08,0.1,18098.52,0.1,0.01,65669.24,65640.97935895,28.26064105,0.690547,5.618816,131,,,,
1781654700,0x8c04de989b843b6817b72b92f920734e94a726a60feaf1c2f0e063747fc5021b,208,YES,0.92,18113.55,0.93,12138.07,0.93,0.07,12138.07,0.08,18113.55,0.08,0.01,65669.23,65640.97935895,28.25064105,0.685797,5.629733,126,,,,
1781654700,0x8c04de989b843b6817b72b92f920734e94a726a60feaf1c2f0e063747fc5021b,208,NO,0.92,18113.55,0.93,12138.07,0.93,0.07,12138.07,0.08,18113.55,0.08,0.01,65669.23,65640.97935895,28.25064105,0.685797,5.629733,126,,,,
1781654700,0x8c04de989b843b6817b72b92f920734e94a726a60feaf1c2f0e063747fc5021b,209,YES,0.92,18103.55,0.93,12068.07,0.93,0.07,12068.07,0.08,18103.55,0.08,0.01,65669.5,65640.97935895,28.52064105,0.672008,5.763640,126,,,,
1781654700,0x8c04de989b843b6817b72b92f920734e94a726a60feaf1c2f0e063747fc5021b,209,NO,0.92,18103.55,0.93,12068.07,0.93,0.07,12068.07,0.08,18103.55,0.08,0.01,65669.5,65640.97935895,28.52064105,0.672008,5.763640,126,,,,
1781654700,0x8c04de989b843b6817b72b92f920734e94a726a60feaf1c2f0e063747fc5021b,210,YES,0.92,17608.52,0.93,12063.07,0.93,0.07,12063.07,0.08,17608.52,0.08,0.01,65668.74,65640.97935895,27.76064105,0.645357,5.692389,127,,,,
1781654700,0x8c04de989b843b6817b72b92f920734e94a726a60feaf1c2f0e063747fc5021b,210,NO,0.92,17608.52,0.93,12063.07,0.93,0.07,12063.07,0.08,17608.52,0.08,0.01,65668.74,65640.97935895,27.76064105,0.645357,5.692389,127,,,,
1781654700,0x8c04de989b843b6817b72b92f920734e94a726a60feaf1c2f0e063747fc5021b,211,YES,0.93,18048.55,0.94,11813.07,0.94,0.06,11813.07,0.07,18048.55,0.07,0.01,65667.99,65640.97935895,27.01064105,0.390202,4.981681,122,,,,
1781654700,0x8c04de989b843b6817b72b92f920734e94a726a60feaf1c2f0e063747fc5021b,211,NO,0.93,18048.55,0.94,11813.07,0.94,0.06,11813.07,0.07,18048.55,0.07,0.01,65667.99,65640.97935895,27.01064105,0.390202,4.981681,122,,,,
1781654700,0x8c04de989b843b6817b72b92f920734e94a726a60feaf1c2f0e063747fc5021b,212,YES,0.93,17558.56,0.94,11818.07,0.94,0.06,11818.07,0.07,17558.56,0.07,0.01,65667.99,65640.97935895,27.01064105,0.390367,4.973494,124,,,,
1781654700,0x8c04de989b843b6817b72b92f920734e94a726a60feaf1c2f0e063747fc5021b,212,NO,0.93,17558.56,0.94,11818.07,0.94,0.06,11818.07,0.07,17558.56,0.07,0.01,65667.99,65640.97935895,27.01064105,0.390367,4.973494,124,,,,
1781654700,0x8c04de989b843b6817b72b92f920734e94a726a60feaf1c2f0e063747fc5021b,213,YES,0.93,17568.52,0.94,11813.07,0.94,0.06,11813.07,0.07,17568.52,0.07,0.01,65667.99,65640.97935895,27.01064105,0.390298,4.936535,124,,,,
1781654700,0x8c04de989b843b6817b72b92f920734e94a726a60feaf1c2f0e063747fc5021b,213,NO,0.93,17568.52,0.94,11813.07,0.94,0.06,11813.07,0.07,17568.52,0.07,0.01,65667.99,65640.97935895,27.01064105,0.390298,4.936535,124,,,,
1781654700,0x8c04de989b843b6817b72b92f920734e94a726a60feaf1c2f0e063747fc5021b,214,YES,0.93,17548.55,0.94,12008.07,0.93,0.06,12008.07,0.07,17548.55,0.07,0.01,65667.99,65640.97935895,27.01064105,0.390313,4.870149,126,,,,
1781654700,0x8c04de989b843b6817b72b92f920734e94a726a60feaf1c2f0e063747fc5021b,214,NO,0.93,17548.55,0.94,12008.07,0.93,0.06,12008.07,0.07,17548.55,0.07,0.01,65667.99,65640.97935895,27.01064105,0.390313,4.870149,126,,,,
1781654700,0x8c04de989b843b6817b72b92f920734e94a726a60feaf1c2f0e063747fc5021b,215,YES,0.93,18068.55,0.94,11823.07,0.94,0.06,11823.07,0.07,18068.55,0.07,0.01,65665.1450,65640.97935895,24.16564105,0.292260,4.716018,127,,,,
1781654700,0x8c04de989b843b6817b72b92f920734e94a726a60feaf1c2f0e063747fc5021b,215,NO,0.93,18068.55,0.94,11823.07,0.94,0.06,11823.07,0.07,18068.55,0.07,0.01,65665.1450,65640.97935895,24.16564105,0.292260,4.716018,127,,,,
1781654700,0x8c04de989b843b6817b72b92f920734e94a726a60feaf1c2f0e063747fc5021b,216,YES,0.92,17853.55,0.93,12013.07,0.93,0.07,12013.07,0.08,17853.55,0.08,0.01,65669.49,65640.97935895,28.51064105,0.490550,4.643192,128,,,,
1781654700,0x8c04de989b843b6817b72b92f920734e94a726a60feaf1c2f0e063747fc5021b,216,NO,0.92,17853.55,0.93,12013.07,0.93,0.07,12013.07,0.08,17853.55,0.08,0.01,65669.49,65640.97935895,28.51064105,0.490550,4.643192,128,,,,
1781654700,0x8c04de989b843b6817b72b92f920734e94a726a60feaf1c2f0e063747fc5021b,217,YES,0.92,17353.55,0.93,11818.07,0.93,0.07,11818.07,0.08,17353.55,0.08,0.01,65669.49,65640.97935895,28.51064105,0.490560,4.439163,126,,,,
1781654700,0x8c04de989b843b6817b72b92f920734e94a726a60feaf1c2f0e063747fc5021b,217,NO,0.92,17353.55,0.93,11818.07,0.93,0.07,11818.07,0.08,17353.55,0.08,0.01,65669.49,65640.97935895,28.51064105,0.490560,4.439163,126,,,,
1781654700,0x8c04de989b843b6817b72b92f920734e94a726a60feaf1c2f0e063747fc5021b,218,YES,0.93,17553.56,0.94,12013.07,0.94,0.06,12013.07,0.07,17553.56,0.07,0.01,65669.49,65640.97935895,28.51064105,0.544422,4.171705,128,,,,
1781654700,0x8c04de989b843b6817b72b92f920734e94a726a60feaf1c2f0e063747fc5021b,218,NO,0.93,17553.56,0.94,12013.07,0.94,0.06,12013.07,0.07,17553.56,0.07,0.01,65669.49,65640.97935895,28.51064105,0.544422,4.171705,128,,,,
1781654700,0x8c04de989b843b6817b72b92f920734e94a726a60feaf1c2f0e063747fc5021b,219,YES,0.93,17848.52,0.94,11913.07,0.94,0.06,11913.07,0.07,17848.52,0.07,0.01,65669.49,65640.97935895,28.51064105,0.377242,3.674212,121,,,,
1781654700,0x8c04de989b843b6817b72b92f920734e94a726a60feaf1c2f0e063747fc5021b,219,NO,0.93,17848.52,0.94,11913.07,0.94,0.06,11913.07,0.07,17848.52,0.07,0.01,65669.49,65640.97935895,28.51064105,0.377242,3.674212,121,,,,
1781654700,0x8c04de989b843b6817b72b92f920734e94a726a60feaf1c2f0e063747fc5021b,220,YES,0.93,18048.55,0.94,12118.07,0.94,0.06,12118.07,0.07,18048.55,0.07,0.01,65669.49,65640.97935895,28.51064105,0.213244,3.498454,121,,,,
1781654700,0x8c04de989b843b6817b72b92f920734e94a726a60feaf1c2f0e063747fc5021b,220,NO,0.93,18048.55,0.94,12118.07,0.94,0.06,12118.07,0.07,18048.55,0.07,0.01,65669.49,65640.97935895,28.51064105,0.213244,3.498454,121,,,,
1781654700,0x8c04de989b843b6817b72b92f920734e94a726a60feaf1c2f0e063747fc5021b,221,YES,0.93,17358.56,0.94,12168.91,0.94,0.06,12168.91,0.07,17358.56,0.07,0.01,65669.49,65640.97935895,28.51064105,0.213143,3.519815,112,,,,
1781654700,0x8c04de989b843b6817b72b92f920734e94a726a60feaf1c2f0e063747fc5021b,221,NO,0.93,17358.56,0.94,12168.91,0.94,0.06,12168.91,0.07,17358.56,0.07,0.01,65669.49,65640.97935895,28.51064105,0.213143,3.519815,112,,,,
1781654700,0x8c04de989b843b6817b72b92f920734e94a726a60feaf1c2f0e063747fc5021b,222,YES,0.93,17568.55,0.94,12168.91,0.94,0.06,12168.91,0.07,17568.55,0.07,0.01,65671.4450,65640.97935895,30.46564105,0.271206,3.587339,108,,,,
1781654700,0x8c04de989b843b6817b72b92f920734e94a726a60feaf1c2f0e063747fc5021b,222,NO,0.93,17568.55,0.94,12168.91,0.94,0.06,12168.91,0.07,17568.55,0.07,0.01,65671.4450,65640.97935895,30.46564105,0.271206,3.587339,108,,,,
1781654700,0x8c04de989b843b6817b72b92f920734e94a726a60feaf1c2f0e063747fc5021b,223,YES,0.93,17853.55,0.94,12163.91,0.94,0.06,12163.91,0.07,17853.55,0.07,0.01,65671.4450,65640.97935895,30.46564105,0.357024,3.665976,110,,,,
1781654700,0x8c04de989b843b6817b72b92f920734e94a726a60feaf1c2f0e063747fc5021b,223,NO,0.93,17853.55,0.94,12163.91,0.94,0.06,12163.91,0.07,17853.55,0.07,0.01,65671.4450,65640.97935895,30.46564105,0.357024,3.665976,110,,,,
1781654700,0x8c04de989b843b6817b72b92f920734e94a726a60feaf1c2f0e063747fc5021b,224,YES,0.93,17848.53,0.94,12373.91,0.93,0.06,12373.91,0.07,17848.53,0.07,0.01,65671.4450,65640.97935895,30.46564105,0.356741,3.610515,111,,,,
1781654700,0x8c04de989b843b6817b72b92f920734e94a726a60feaf1c2f0e063747fc5021b,224,NO,0.93,17848.53,0.94,12373.91,0.93,0.06,12373.91,0.07,17848.53,0.07,0.01,65671.4450,65640.97935895,30.46564105,0.356741,3.610515,111,,,,
1781654700,0x8c04de989b843b6817b72b92f920734e94a726a60feaf1c2f0e063747fc5021b,225,YES,0.93,17358.55,0.94,12168.91,0.94,0.06,12168.91,0.07,17358.55,0.07,0.01,65671.4450,65640.97935895,30.46564105,0.344886,3.636658,113,,,,
1781654700,0x8c04de989b843b6817b72b92f920734e94a726a60feaf1c2f0e063747fc5021b,225,NO,0.93,17358.55,0.94,12168.91,0.94,0.06,12168.91,0.07,17358.55,0.07,0.01,65671.4450,65640.97935895,30.46564105,0.344886,3.636658,113,,,,
1781654700,0x8c04de989b843b6817b72b92f920734e94a726a60feaf1c2f0e063747fc5021b,226,YES,0.93,17848.52,0.94,12163.91,0.94,0.06,12163.91,0.07,17848.52,0.07,0.01,65671.4450,65640.97935895,30.46564105,0.361843,3.384638,114,,,,
1781654700,0x8c04de989b843b6817b72b92f920734e94a726a60feaf1c2f0e063747fc5021b,226,NO,0.93,17848.52,0.94,12163.91,0.94,0.06,12163.91,0.07,17848.52,0.07,0.01,65671.4450,65640.97935895,30.46564105,0.361843,3.384638,114,,,,
1781654700,0x8c04de989b843b6817b72b92f920734e94a726a60feaf1c2f0e063747fc5021b,227,YES,0.93,17853.55,0.94,12163.91,0.93,0.06,12163.91,0.07,17853.55,0.07,0.01,65668.7350,65640.97935895,27.75564105,0.259510,3.334432,112,,,,
1781654700,0x8c04de989b843b6817b72b92f920734e94a726a60feaf1c2f0e063747fc5021b,227,NO,0.93,17853.55,0.94,12163.91,0.93,0.06,12163.91,0.07,17853.55,0.07,0.01,65668.7350,65640.97935895,27.75564105,0.259510,3.334432,112,,,,
1781654700,0x8c04de989b843b6817b72b92f920734e94a726a60feaf1c2f0e063747fc5021b,228,YES,0.93,18073.59,0.94,12168.91,0.94,0.06,12168.91,0.07,18073.59,0.07,0.01,65668.7350,65640.97935895,27.75564105,0.268577,2.863609,110,,,,
1781654700,0x8c04de989b843b6817b72b92f920734e94a726a60feaf1c2f0e063747fc5021b,228,NO,0.93,18073.59,0.94,12168.91,0.94,0.06,12168.91,0.07,18073.59,0.07,0.01,65668.7350,65640.97935895,27.75564105,0.268577,2.863609,110,,,,
1781654700,0x8c04de989b843b6817b72b92f920734e94a726a60feaf1c2f0e063747fc5021b,229,YES,0.93,17848.52,0.94,12163.91,0.93,0.06,12163.91,0.07,17848.52,0.07,0.01,65668.7350,65640.97935895,27.75564105,0.259680,2.818410,107,,,,
1781654700,0x8c04de989b843b6817b72b92f920734e94a726a60feaf1c2f0e063747fc5021b,229,NO,0.93,17848.52,0.94,12163.91,0.93,0.06,12163.91,0.07,17848.52,0.07,0.01,65668.7350,65640.97935895,27.75564105,0.259680,2.818410,107,,,,
1781654700,0x8c04de989b843b6817b72b92f920734e94a726a60feaf1c2f0e063747fc5021b,230,YES,0.93,17353.52,0.94,12168.91,0.93,0.06,12168.91,0.07,17353.52,0.07,0.01,65668.74,65640.97935895,27.76064105,0.259901,2.482816,104,,,,
1781654700,0x8c04de989b843b6817b72b92f920734e94a726a60feaf1c2f0e063747fc5021b,230,NO,0.93,17353.52,0.94,12168.91,0.93,0.06,12168.91,0.07,17353.52,0.07,0.01,65668.74,65640.97935895,27.76064105,0.259901,2.482816,104,,,,
1781654700,0x8c04de989b843b6817b72b92f920734e94a726a60feaf1c2f0e063747fc5021b,231,YES,0.94,18053.52,0.95,12173.91,0.95,0.05,12173.91,0.06,18053.52,0.05,0.01,65669.49,65640.97935895,28.51064105,0.164433,1.544577,99,,,,
1781654700,0x8c04de989b843b6817b72b92f920734e94a726a60feaf1c2f0e063747fc5021b,231,NO,0.94,18053.52,0.95,12173.91,0.95,0.05,12173.91,0.06,18053.52,0.05,0.01,65669.49,65640.97935895,28.51064105,0.164433,1.544577,99,,,,
1781654700,0x8c04de989b843b6817b72b92f920734e94a726a60feaf1c2f0e063747fc5021b,232,YES,0.94,17853.55,0.95,12173.91,0.95,0.05,12173.91,0.06,17853.55,0.05,0.01,65671.0450,65640.97935895,30.06564105,0.075337,1.361706,81,,,,
1781654700,0x8c04de989b843b6817b72b92f920734e94a726a60feaf1c2f0e063747fc5021b,232,NO,0.94,17853.55,0.95,12173.91,0.95,0.05,12173.91,0.06,17853.55,0.05,0.01,65671.0450,65640.97935895,30.06564105,0.075337,1.361706,81,,,,
1781654700,0x8c04de989b843b6817b72b92f920734e94a726a60feaf1c2f0e063747fc5021b,233,YES,0.94,17558.52,0.95,12435.47,0.95,0.05,12435.47,0.06,17558.52,0.05,0.01,65671.0450,65640.97935895,30.06564105,0.118405,1.396965,79,,,,
1781654700,0x8c04de989b843b6817b72b92f920734e94a726a60feaf1c2f0e063747fc5021b,233,NO,0.94,17558.52,0.95,12435.47,0.95,0.05,12435.47,0.06,17558.52,0.05,0.01,65671.0450,65640.97935895,30.06564105,0.118405,1.396965,79,,,,
1781654700,0x8c04de989b843b6817b72b92f920734e94a726a60feaf1c2f0e063747fc5021b,234,YES,0.94,17558.52,0.95,12435.47,0.95,0.05,12435.47,0.06,17558.52,0.05,0.01,65671.0450,65640.97935895,30.06564105,0.081211,1.392785,82,,,,
1781654700,0x8c04de989b843b6817b72b92f920734e94a726a60feaf1c2f0e063747fc5021b,234,NO,0.94,17558.52,0.95,12435.47,0.95,0.05,12435.47,0.06,17558.52,0.05,0.01,65671.0450,65640.97935895,30.06564105,0.081211,1.392785,82,,,,
1781654700,0x8c04de989b843b6817b72b92f920734e94a726a60feaf1c2f0e063747fc5021b,235,YES,0.94,17553.52,0.95,12184.91,0.95,0.05,12184.91,0.06,17553.52,0.06,0.01,65671.0450,65640.97935895,30.06564105,0.078500,1.399331,81,,,,
1781654700,0x8c04de989b843b6817b72b92f920734e94a726a60feaf1c2f0e063747fc5021b,235,NO,0.94,17553.52,0.95,12184.91,0.95,0.05,12184.91,0.06,17553.52,0.06,0.01,65671.0450,65640.97935895,30.06564105,0.078500,1.399331,81,,,,
1781654700,0x8c04de989b843b6817b72b92f920734e94a726a60feaf1c2f0e063747fc5021b,236,YES,0.94,17563.55,0.95,12100.91,0.95,0.05,12100.91,0.06,17563.55,0.06,0.01,65671.0450,65640.97935895,30.06564105,0.062251,1.434764,81,,,,
1781654700,0x8c04de989b843b6817b72b92f920734e94a726a60feaf1c2f0e063747fc5021b,236,NO,0.94,17563.55,0.95,12100.91,0.95,0.05,12100.91,0.06,17563.55,0.06,0.01,65671.0450,65640.97935895,30.06564105,0.062251,1.434764,81,,,,
1781654700,0x8c04de989b843b6817b72b92f920734e94a726a60feaf1c2f0e063747fc5021b,237,YES,0.95,17558.56,0.96,12732.47,0.95,0.04,12732.47,0.05,17558.56,0.06,0.01,65669.49,65640.97935895,28.51064105,0.008335,1.411539,77,,,,
1781654700,0x8c04de989b843b6817b72b92f920734e94a726a60feaf1c2f0e063747fc5021b,237,NO,0.95,17558.56,0.96,12732.47,0.95,0.04,12732.47,0.05,17558.56,0.06,0.01,65669.49,65640.97935895,28.51064105,0.008335,1.411539,77,,,,
1781654700,0x8c04de989b843b6817b72b92f920734e94a726a60feaf1c2f0e063747fc5021b,238,YES,0.95,17553.56,0.96,12526.47,0.96,0.04,12526.47,0.05,17553.56,0.04,0.01,65669.48,65640.97935895,28.50064105,0.008334,1.410284,88,,,,
1781654700,0x8c04de989b843b6817b72b92f920734e94a726a60feaf1c2f0e063747fc5021b,238,NO,0.95,17553.56,0.96,12526.47,0.96,0.04,12526.47,0.05,17553.56,0.04,0.01,65669.48,65640.97935895,28.50064105,0.008334,1.410284,88,,,,
1781654700,0x8c04de989b843b6817b72b92f920734e94a726a60feaf1c2f0e063747fc5021b,239,YES,0.95,17548.56,0.96,12712.47,0.96,0.04,12712.47,0.05,17548.56,0.05,0.01,65671.04,65640.97935895,30.06064105,0.051337,1.431374,85,,,,
1781654700,0x8c04de989b843b6817b72b92f920734e94a726a60feaf1c2f0e063747fc5021b,239,NO,0.95,17548.56,0.96,12712.47,0.96,0.04,12712.47,0.05,17548.56,0.05,0.01,65671.04,65640.97935895,30.06064105,0.051337,1.431374,85,,,,
1781654700,0x8c04de989b843b6817b72b92f920734e94a726a60feaf1c2f0e063747fc5021b,240,YES,0.95,17523.53,0.96,12570.91,0.95,0.04,12570.91,0.05,17523.53,0.05,0.01,65671.04,65640.97935895,30.06064105,0.076669,1.451850,86,,,,
1781654700,0x8c04de989b843b6817b72b92f920734e94a726a60feaf1c2f0e063747fc5021b,240,NO,0.95,17523.53,0.96,12570.91,0.95,0.04,12570.91,0.05,17523.53,0.05,0.01,65671.04,65640.97935895,30.06064105,0.076669,1.451850,86,,,,
1781654700,0x8c04de989b843b6817b72b92f920734e94a726a60feaf1c2f0e063747fc5021b,241,YES,0.96,17300.53,0.97,12252.02,0.97,0.03,12252.02,0.04,17300.53,0.05,0.01,65669.48,65640.97935895,28.50064105,0.049667,1.441909,85,,,,
1781654700,0x8c04de989b843b6817b72b92f920734e94a726a60feaf1c2f0e063747fc5021b,241,NO,0.96,17300.53,0.97,12252.02,0.97,0.03,12252.02,0.04,17300.53,0.05,0.01,65669.48,65640.97935895,28.50064105,0.049667,1.441909,85,,,,
1781654700,0x8c04de989b843b6817b72b92f920734e94a726a60feaf1c2f0e063747fc5021b,242,YES,0.96,17985.55,0.97,12262.02,0.97,0.03,12262.02,0.04,17985.55,0.04,0.01,65669.48,65640.97935895,28.50064105,0.051381,1.392219,84,,,,
1781654700,0x8c04de989b843b6817b72b92f920734e94a726a60feaf1c2f0e063747fc5021b,242,NO,0.96,17985.55,0.97,12262.02,0.97,0.03,12262.02,0.04,17985.55,0.04,0.01,65669.48,65640.97935895,28.50064105,0.051381,1.392219,84,,,,
1781654700,0x8c04de989b843b6817b72b92f920734e94a726a60feaf1c2f0e063747fc5021b,243,YES,0.96,18480.52,0.97,12345.02,0.97,0.03,12345.02,0.04,18480.52,0.04,0.01,65669.48,65640.97935895,28.50064105,0.049667,1.370991,80,,,,
1781654700,0x8c04de989b843b6817b72b92f920734e94a726a60feaf1c2f0e063747fc5021b,243,NO,0.96,18480.52,0.97,12345.02,0.97,0.03,12345.02,0.04,18480.52,0.04,0.01,65669.48,65640.97935895,28.50064105,0.049667,1.370991,80,,,,
1781654700,0x8c04de989b843b6817b72b92f920734e94a726a60feaf1c2f0e063747fc5021b,244,YES,0.96,18500.52,0.97,12344.02,0.97,0.03,12344.02,0.04,18500.52,0.03,0.01,65669.48,65640.97935895,28.50064105,0.049670,1.331520,79,,,,
1781654700,0x8c04de989b843b6817b72b92f920734e94a726a60feaf1c2f0e063747fc5021b,244,NO,0.96,18500.52,0.97,12344.02,0.97,0.03,12344.02,0.04,18500.52,0.03,0.01,65669.48,65640.97935895,28.50064105,0.049670,1.331520,79,,,,
1781654700,0x8c04de989b843b6817b72b92f920734e94a726a60feaf1c2f0e063747fc5021b,245,YES,0.96,18360.52,0.97,11998.02,0.97,0.03,11998.02,0.04,18360.52,0.03,0.01,65669.48,65640.97935895,28.50064105,0.144528,1.289051,79,,,,
1781654700,0x8c04de989b843b6817b72b92f920734e94a726a60feaf1c2f0e063747fc5021b,245,NO,0.96,18360.52,0.97,11998.02,0.97,0.03,11998.02,0.04,18360.52,0.03,0.01,65669.48,65640.97935895,28.50064105,0.144528,1.289051,79,,,,
1781654700,0x8c04de989b843b6817b72b92f920734e94a726a60feaf1c2f0e063747fc5021b,246,YES,0.96,17865.55,0.97,11998.02,0.97,0.03,11998.02,0.04,17865.55,0.04,0.01,65670.99,65640.97935895,30.01064105,0.050013,0.963715,77,,,,
1781654700,0x8c04de989b843b6817b72b92f920734e94a726a60feaf1c2f0e063747fc5021b,246,NO,0.96,17865.55,0.97,11998.02,0.97,0.03,11998.02,0.04,17865.55,0.04,0.01,65670.99,65640.97935895,30.01064105,0.050013,0.963715,77,,,,
1781654700,0x8c04de989b843b6817b72b92f920734e94a726a60feaf1c2f0e063747fc5021b,247,YES,0.96,18325.52,0.97,11798.02,0.97,0.03,11798.02,0.04,18325.52,0.04,0.01,65672.29,65640.97935895,31.31064105,0.093363,1.030697,79,,,,
1781654700,0x8c04de989b843b6817b72b92f920734e94a726a60feaf1c2f0e063747fc5021b,247,NO,0.96,18325.52,0.97,11798.02,0.97,0.03,11798.02,0.04,18325.52,0.04,0.01,65672.29,65640.97935895,31.31064105,0.093363,1.030697,79,,,,
1781654700,0x8c04de989b843b6817b72b92f920734e94a726a60feaf1c2f0e063747fc5021b,248,YES,0.96,18360.52,0.97,11743.02,0.97,0.03,11743.02,0.04,18360.52,0.04,0.01,65672.2950,65640.97935895,31.31564105,0.093508,1.086397,79,,,,
1781654700,0x8c04de989b843b6817b72b92f920734e94a726a60feaf1c2f0e063747fc5021b,248,NO,0.96,18360.52,0.97,11743.02,0.97,0.03,11743.02,0.04,18360.52,0.04,0.01,65672.2950,65640.97935895,31.31564105,0.093508,1.086397,79,,,,
1781654700,0x8c04de989b843b6817b72b92f920734e94a726a60feaf1c2f0e063747fc5021b,249,YES,0.96,17855.52,0.97,11753.02,0.97,0.03,11753.02,0.04,17855.52,0.04,0.01,65672.29,65640.97935895,31.31064105,0.096544,1.138783,77,,,,
1781654700,0x8c04de989b843b6817b72b92f920734e94a726a60feaf1c2f0e063747fc5021b,249,NO,0.96,17855.52,0.97,11753.02,0.97,0.03,11753.02,0.04,17855.52,0.04,0.01,65672.29,65640.97935895,31.31064105,0.096544,1.138783,77,,,,
1781654700,0x8c04de989b843b6817b72b92f920734e94a726a60feaf1c2f0e063747fc5021b,250,YES,0.97,17698.56,0.98,12043.02,0.98,0.02,12043.02,0.03,17698.56,0.04,0.01,65672.29,65640.97935895,31.31064105,0.096540,1.174079,78,,,,
1781654700,0x8c04de989b843b6817b72b92f920734e94a726a60feaf1c2f0e063747fc5021b,250,NO,0.97,17698.56,0.98,12043.02,0.98,0.02,12043.02,0.03,17698.56,0.04,0.01,65672.29,65640.97935895,31.31064105,0.096540,1.174079,78,,,,
1781654700,0x8c04de989b843b6817b72b92f920734e94a726a60feaf1c2f0e063747fc5021b,251,YES,0.97,17718.52,0.98,11208.02,0.98,0.02,11208.02,0.03,17718.52,0.02,0.01,65672.29,65640.97935895,31.31064105,0.029137,1.201114,78,,,,
1781654700,0x8c04de989b843b6817b72b92f920734e94a726a60feaf1c2f0e063747fc5021b,251,NO,0.97,17718.52,0.98,11208.02,0.98,0.02,11208.02,0.03,17718.52,0.02,0.01,65672.29,65640.97935895,31.31064105,0.029137,1.201114,78,,,,
1781654700,0x8c04de989b843b6817b72b92f920734e94a726a60feaf1c2f0e063747fc5021b,252,YES,0.97,17198.53,0.98,11401.78,0.98,0.02,11401.78,0.03,17198.53,0.03,0.01,65669.48,65640.97935895,28.50064105,-0.067763,1.206415,80,,,,
1781654700,0x8c04de989b843b6817b72b92f920734e94a726a60feaf1c2f0e063747fc5021b,252,NO,0.97,17198.53,0.98,11401.78,0.98,0.02,11401.78,0.03,17198.53,0.03,0.01,65669.48,65640.97935895,28.50064105,-0.067763,1.206415,80,,,,
1781654700,0x8c04de989b843b6817b72b92f920734e94a726a60feaf1c2f0e063747fc5021b,253,YES,0.96,17688.02,0.97,11404.28,0.97,0.03,11404.28,0.04,17688.02,0.04,0.01,65668.7350,65640.97935895,27.75564105,-0.090339,1.228313,84,,,,
1781654700,0x8c04de989b843b6817b72b92f920734e94a726a60feaf1c2f0e063747fc5021b,253,NO,0.96,17688.02,0.97,11404.28,0.97,0.03,11404.28,0.04,17688.02,0.04,0.01,65668.7350,65640.97935895,27.75564105,-0.090339,1.228313,84,,,,
1781654700,0x8c04de989b843b6817b72b92f920734e94a726a60feaf1c2f0e063747fc5021b,254,YES,0.97,17473.02,0.98,11034.41,0.97,0.02,11034.41,0.03,17473.02,0.04,0.01,65669.48,65640.97935895,28.50064105,-0.065504,1.227031,84,,,,
1781654700,0x8c04de989b843b6817b72b92f920734e94a726a60feaf1c2f0e063747fc5021b,254,NO,0.97,17473.02,0.98,11034.41,0.97,0.02,11034.41,0.03,17473.02,0.04,0.01,65669.48,65640.97935895,28.50064105,-0.065504,1.227031,84,,,,
1781654700,0x8c04de989b843b6817b72b92f920734e94a726a60feaf1c2f0e063747fc5021b,255,YES,0.97,17188.06,0.98,11054.41,0.98,0.02,11054.41,0.03,17188.06,0.04,0.01,65669.48,65640.97935895,28.50064105,-0.067766,1.225713,83,,,,
1781654700,0x8c04de989b843b6817b72b92f920734e94a726a60feaf1c2f0e063747fc5021b,255,NO,0.97,17188.06,0.98,11054.41,0.98,0.02,11054.41,0.03,17188.06,0.04,0.01,65669.48,65640.97935895,28.50064105,-0.067766,1.225713,83,,,,
1781654700,0x8c04de989b843b6817b72b92f920734e94a726a60feaf1c2f0e063747fc5021b,256,YES,0.97,17683.05,0.98,5588.26,0.98,0.02,5588.26,0.03,17683.05,0.04,0.01,65669.48,65640.97935895,28.50064105,0.025683,1.215549,82,,,,
1781654700,0x8c04de989b843b6817b72b92f920734e94a726a60feaf1c2f0e063747fc5021b,256,NO,0.97,17683.05,0.98,5588.26,0.98,0.02,5588.26,0.03,17683.05,0.04,0.01,65669.48,65640.97935895,28.50064105,0.025683,1.215549,82,,,,
1781654700,0x8c04de989b843b6817b72b92f920734e94a726a60feaf1c2f0e063747fc5021b,257,YES,0.97,17683.05,0.98,5588.26,0.98,0.02,5588.26,0.03,17683.05,0.04,0.01,65669.48,65640.97935895,28.50064105,0.024834,1.203305,79,,,,
1781654700,0x8c04de989b843b6817b72b92f920734e94a726a60feaf1c2f0e063747fc5021b,257,NO,0.97,17683.05,0.98,5588.26,0.98,0.02,5588.26,0.03,17683.05,0.04,0.01,65669.48,65640.97935895,28.50064105,0.024834,1.203305,79,,,,
1781654700,0x8c04de989b843b6817b72b92f920734e94a726a60feaf1c2f0e063747fc5021b,258,YES,0.97,17183.05,0.98,5778.26,0.98,0.02,5778.26,0.03,17183.05,0.04,0.01,65669.5,65640.97935895,28.52064105,0.026370,1.166832,80,,,,
1781654700,0x8c04de989b843b6817b72b92f920734e94a726a60feaf1c2f0e063747fc5021b,258,NO,0.97,17183.05,0.98,5778.26,0.98,0.02,5778.26,0.03,17183.05,0.04,0.01,65669.5,65640.97935895,28.52064105,0.026370,1.166832,80,,,,
1781654700,0x8c04de989b843b6817b72b92f920734e94a726a60feaf1c2f0e063747fc5021b,259,YES,0.97,17183.05,0.98,5759.26,0.98,0.02,5759.26,0.03,17183.05,0.03,0.01,65669.5,65640.97935895,28.52064105,0.026206,1.140620,84,,,,
1781654700,0x8c04de989b843b6817b72b92f920734e94a726a60feaf1c2f0e063747fc5021b,259,NO,0.97,17183.05,0.98,5759.26,0.98,0.02,5759.26,0.03,17183.05,0.03,0.01,65669.5,65640.97935895,28.52064105,0.026206,1.140620,84,,,,
1781654700,0x8c04de989b843b6817b72b92f920734e94a726a60feaf1c2f0e063747fc5021b,260,YES,0.97,17168.05,0.98,5759.26,0.98,0.02,5759.26,0.03,17168.05,0.03,0.01,65669.5,65640.97935895,28.52064105,0.025334,1.131301,85,,,,
1781654700,0x8c04de989b843b6817b72b92f920734e94a726a60feaf1c2f0e063747fc5021b,260,NO,0.97,17168.05,0.98,5759.26,0.98,0.02,5759.26,0.03,17168.05,0.03,0.01,65669.5,65640.97935895,28.52064105,0.025334,1.131301,85,,,,
1781654700,0x8c04de989b843b6817b72b92f920734e94a726a60feaf1c2f0e063747fc5021b,261,YES,0.98,17213.03,0.99,5704.03,0.99,0.01,5704.03,0.02,17213.03,0.03,0.01,65668.74,65640.97935895,27.76064105,-0.025008,1.131301,86,,,,
1781654700,0x8c04de989b843b6817b72b92f920734e94a726a60feaf1c2f0e063747fc5021b,261,NO,0.98,17213.03,0.99,5704.03,0.99,0.01,5704.03,0.02,17213.03,0.03,0.01,65668.74,65640.97935895,27.76064105,-0.025008,1.131301,86,,,,
1781654700,0x8c04de989b843b6817b72b92f920734e94a726a60feaf1c2f0e063747fc5021b,262,YES,0.98,17208.05,0.99,5423.83,0.99,0.01,5423.83,0.02,17208.05,0.02,0.01,65668.74,65640.97935895,27.76064105,-0.076845,1.155899,90,,,,
1781654700,0x8c04de989b843b6817b72b92f920734e94a726a60feaf1c2f0e063747fc5021b,262,NO,0.98,17208.05,0.99,5423.83,0.99,0.01,5423.83,0.02,17208.05,0.02,0.01,65668.74,65640.97935895,27.76064105,-0.076845,1.155899,90,,,,
1781654700,0x8c04de989b843b6817b72b92f920734e94a726a60feaf1c2f0e063747fc5021b,263,YES,0.98,17698.05,0.99,4999,0.99,0.01,4999,0.02,17698.05,0.01,0.01,65669.5,65640.97935895,28.52064105,-0.051511,1.154528,96,,,,
1781654700,0x8c04de989b843b6817b72b92f920734e94a726a60feaf1c2f0e063747fc5021b,263,NO,0.98,17698.05,0.99,4999,0.99,0.01,4999,0.02,17698.05,0.01,0.01,65669.5,65640.97935895,28.52064105,-0.051511,1.154528,96,,,,
1781654700,0x8c04de989b843b6817b72b92f920734e94a726a60feaf1c2f0e063747fc5021b,264,YES,0.98,17688.02,0.99,4615.64,0.99,0.01,4615.64,0.02,17688.02,0.01,0.01,65669.49,65640.97935895,28.51064105,-0.053600,1.158781,94,,,,
1781654700,0x8c04de989b843b6817b72b92f920734e94a726a60feaf1c2f0e063747fc5021b,264,NO,0.98,17688.02,0.99,4615.64,0.99,0.01,4615.64,0.02,17688.02,0.01,0.01,65669.49,65640.97935895,28.51064105,-0.053600,1.158781,94,,,,
1781654700,0x8c04de989b843b6817b72b92f920734e94a726a60feaf1c2f0e063747fc5021b,265,YES,0.98,17546.05,0.99,4597.62,0.98,0.01,4597.62,0.02,17546.05,0.01,0.01,65669.49,65640.97935895,28.51064105,-0.051837,1.145643,94,,,,
1781654700,0x8c04de989b843b6817b72b92f920734e94a726a60feaf1c2f0e063747fc5021b,265,NO,0.98,17546.05,0.99,4597.62,0.98,0.01,4597.62,0.02,17546.05,0.01,0.01,65669.49,65640.97935895,28.51064105,-0.051837,1.145643,94,,,,
1781654700,0x8c04de989b843b6817b72b92f920734e94a726a60feaf1c2f0e063747fc5021b,266,YES,0.98,17536.02,0.99,4649.8,0.99,0.01,4649.8,0.02,17536.02,0.01,0.01,65673.550,65640.97935895,32.57064105,0.083507,1.287871,105,,,,
1781654700,0x8c04de989b843b6817b72b92f920734e94a726a60feaf1c2f0e063747fc5021b,266,NO,0.98,17536.02,0.99,4649.8,0.99,0.01,4649.8,0.02,17536.02,0.01,0.01,65673.550,65640.97935895,32.57064105,0.083507,1.287871,105,,,,
1781654700,0x8c04de989b843b6817b72b92f920734e94a726a60feaf1c2f0e063747fc5021b,267,YES,0.98,18066.05,0.99,4527.6,0.99,0.01,4527.6,0.02,18066.05,0.02,0.01,65667.99,65640.97935895,27.01064105,-0.051381,1.352549,107,,,,
1781654700,0x8c04de989b843b6817b72b92f920734e94a726a60feaf1c2f0e063747fc5021b,267,NO,0.98,18066.05,0.99,4527.6,0.99,0.01,4527.6,0.02,18066.05,0.02,0.01,65667.99,65640.97935895,27.01064105,-0.051381,1.352549,107,,,,
1781654700,0x8c04de989b843b6817b72b92f920734e94a726a60feaf1c2f0e063747fc5021b,268,YES,0.98,17546.05,0.99,4552.06,0.99,0.01,4552.06,0.02,17546.05,0.02,0.01,65669.1450,65640.97935895,28.16564105,-0.011167,1.341615,105,,,,
1781654700,0x8c04de989b843b6817b72b92f920734e94a726a60feaf1c2f0e063747fc5021b,268,NO,0.98,17546.05,0.99,4552.06,0.99,0.01,4552.06,0.02,17546.05,0.02,0.01,65669.1450,65640.97935895,28.16564105,-0.011167,1.341615,105,,,,
1781654700,0x8c04de989b843b6817b72b92f920734e94a726a60feaf1c2f0e063747fc5021b,269,YES,0.98,17581.06,0.99,3092.92,0.99,0.01,3092.92,0.02,17581.06,0.02,0.01,65669.14,65640.97935895,28.16064105,-0.065502,1.358445,115,,,,
1781654700,0x8c04de989b843b6817b72b92f920734e94a726a60feaf1c2f0e063747fc5021b,269,NO,0.98,17581.06,0.99,3092.92,0.99,0.01,3092.92,0.02,17581.06,0.02,0.01,65669.14,65640.97935895,28.16064105,-0.065502,1.358445,115,,,,
1781654700,0x8c04de989b843b6817b72b92f920734e94a726a60feaf1c2f0e063747fc5021b,270,YES,0.98,16946.02,0.99,2981.25,0.99,0.01,2981.25,0.02,16946.02,0.01,0.01,65669.1450,65640.97935895,28.16564105,-0.011556,1.354693,113,,,,
1781654700,0x8c04de989b843b6817b72b92f920734e94a726a60feaf1c2f0e063747fc5021b,270,NO,0.98,16946.02,0.99,2981.25,0.99,0.01,2981.25,0.02,16946.02,0.01,0.01,65669.1450,65640.97935895,28.16564105,-0.011556,1.354693,113,,,,
1781654700,0x8c04de989b843b6817b72b92f920734e94a726a60feaf1c2f0e063747fc5021b,271,YES,0.98,16944.03,0.99,2349.09,0.99,0.01,2349.09,0.02,16944.03,0.01,0.01,65669.1450,65640.97935895,28.16564105,-0.011169,1.340812,114,,,,
1781654700,0x8c04de989b843b6817b72b92f920734e94a726a60feaf1c2f0e063747fc5021b,271,NO,0.98,16944.03,0.99,2349.09,0.99,0.01,2349.09,0.02,16944.03,0.01,0.01,65669.1450,65640.97935895,28.16564105,-0.011169,1.340812,114,,,,
1781654700,0x8c04de989b843b6817b72b92f920734e94a726a60feaf1c2f0e063747fc5021b,272,YES,0.98,17119.02,0.99,1589.71,0.99,0.01,1589.71,0.02,17119.02,0.02,0.01,65669.1450,65640.97935895,28.16564105,-0.011552,1.365476,114,,,,
1781654700,0x8c04de989b843b6817b72b92f920734e94a726a60feaf1c2f0e063747fc5021b,272,NO,0.98,17119.02,0.99,1589.71,0.99,0.01,1589.71,0.02,17119.02,0.02,0.01,65669.1450,65640.97935895,28.16564105,-0.011552,1.365476,114,,,,
1781654700,0x8c04de989b843b6817b72b92f920734e94a726a60feaf1c2f0e063747fc5021b,273,YES,0.98,17154.03,0.99,1226.74,0.99,0.01,1226.74,0.02,17154.03,0.02,0.01,65669.1450,65640.97935895,28.16564105,-0.011550,1.370699,117,,,,
1781654700,0x8c04de989b843b6817b72b92f920734e94a726a60feaf1c2f0e063747fc5021b,273,NO,0.98,17154.03,0.99,1226.74,0.99,0.01,1226.74,0.02,17154.03,0.02,0.01,65669.1450,65640.97935895,28.16564105,-0.011550,1.370699,117,,,,
1781654700,0x8c04de989b843b6817b72b92f920734e94a726a60feaf1c2f0e063747fc5021b,274,YES,0.98,17129.02,0.99,1071.19,0.99,0.01,1071.19,0.02,17129.02,0.02,0.01,65670.29,65640.97935895,29.31064105,0.027000,1.349772,119,,,,
1781654700,0x8c04de989b843b6817b72b92f920734e94a726a60feaf1c2f0e063747fc5021b,274,NO,0.98,17129.02,0.99,1071.19,0.99,0.01,1071.19,0.02,17129.02,0.02,0.01,65670.29,65640.97935895,29.31064105,0.027000,1.349772,119,,,,
1781654700,0x8c04de989b843b6817b72b92f920734e94a726a60feaf1c2f0e063747fc5021b,275,YES,0.98,16861.43,0.99,989.83,0.99,0.01,989.83,0.02,16861.43,0.02,0.01,65670.29,65640.97935895,29.31064105,-0.024138,1.367195,118,,,,
1781654700,0x8c04de989b843b6817b72b92f920734e94a726a60feaf1c2f0e063747fc5021b,275,NO,0.98,16861.43,0.99,989.83,0.99,0.01,989.83,0.02,16861.43,0.02,0.01,65670.29,65640.97935895,29.31064105,-0.024138,1.367195,118,,,,
1781654700,0x8c04de989b843b6817b72b92f920734e94a726a60feaf1c2f0e063747fc5021b,276,YES,0.98,16841.43,0.99,824.13,0.99,0.01,824.13,0.02,16841.43,0.02,0.01,65670.29,65640.97935895,29.31064105,-0.068947,1.356042,118,,,,
1781654700,0x8c04de989b843b6817b72b92f920734e94a726a60feaf1c2f0e063747fc5021b,276,NO,0.98,16841.43,0.99,824.13,0.99,0.01,824.13,0.02,16841.43,0.02,0.01,65670.29,65640.97935895,29.31064105,-0.068947,1.356042,118,,,,
1781654700,0x8c04de989b843b6817b72b92f920734e94a726a60feaf1c2f0e063747fc5021b,277,YES,0.98,16856.42,0.99,129.24,0.99,0.01,129.24,0.02,16856.42,0.02,0.01,65670.29,65640.97935895,29.31064105,-0.069125,1.288179,120,,,,
1781654700,0x8c04de989b843b6817b72b92f920734e94a726a60feaf1c2f0e063747fc5021b,277,NO,0.98,16856.42,0.99,129.24,0.99,0.01,129.24,0.02,16856.42,0.02,0.01,65670.29,65640.97935895,29.31064105,-0.069125,1.288179,120,,,,
1781654700,0x8c04de989b843b6817b72b92f920734e94a726a60feaf1c2f0e063747fc5021b,278,YES,0.99,16798.43,1,,0.99,0,,0.01,16798.43,0.02,0.01,65670.3,65640.97935895,29.32064105,-0.066505,1.269096,119,,,,
1781654700,0x8c04de989b843b6817b72b92f920734e94a726a60feaf1c2f0e063747fc5021b,278,NO,0.99,16798.43,1,,0.99,0,,0.01,16798.43,0.02,0.01,65670.3,65640.97935895,29.32064105,-0.066505,1.269096,119,,,,
1781654700,0x8c04de989b843b6817b72b92f920734e94a726a60feaf1c2f0e063747fc5021b,279,YES,0.99,17098.42,1,,0.99,0,,0.01,17098.42,0.02,0.01,65670.29,65640.97935895,29.31064105,-0.066674,1.195541,120,,,,
1781654700,0x8c04de989b843b6817b72b92f920734e94a726a60feaf1c2f0e063747fc5021b,279,NO,0.99,17098.42,1,,0.99,0,,0.01,17098.42,0.02,0.01,65670.29,65640.97935895,29.31064105,-0.066674,1.195541,120,,,,
1781654700,0x8c04de989b843b6817b72b92f920734e94a726a60feaf1c2f0e063747fc5021b,280,YES,0.99,16603.43,1,,0.99,0,,0.01,16603.43,0.02,0.01,65670.29,65640.97935895,29.31064105,-0.066674,1.113766,124,,,,
1781654700,0x8c04de989b843b6817b72b92f920734e94a726a60feaf1c2f0e063747fc5021b,280,NO,0.99,16603.43,1,,0.99,0,,0.01,16603.43,0.02,0.01,65670.29,65640.97935895,29.31064105,-0.066674,1.113766,124,,,,
1781654700,0x8c04de989b843b6817b72b92f920734e94a726a60feaf1c2f0e063747fc5021b,281,YES,0.99,16593.43,1,,0.99,0,,0.01,16593.43,0.02,0.01,65670.3,65640.97935895,29.32064105,-0.066340,1.021601,124,,,,
1781654700,0x8c04de989b843b6817b72b92f920734e94a726a60feaf1c2f0e063747fc5021b,281,NO,0.99,16593.43,1,,0.99,0,,0.01,16593.43,0.02,0.01,65670.3,65640.97935895,29.32064105,-0.066340,1.021601,124,,,,
1781654700,0x8c04de989b843b6817b72b92f920734e94a726a60feaf1c2f0e063747fc5021b,282,YES,0.99,16593.43,1,,0.99,0,,0.01,16593.43,0.02,0.01,65670.29,65640.97935895,29.31064105,0.027002,0.915542,123,,,,
1781654700,0x8c04de989b843b6817b72b92f920734e94a726a60feaf1c2f0e063747fc5021b,282,NO,0.99,16593.43,1,,0.99,0,,0.01,16593.43,0.02,0.01,65670.29,65640.97935895,29.31064105,0.027002,0.915542,123,,,,
1781654700,0x8c04de989b843b6817b72b92f920734e94a726a60feaf1c2f0e063747fc5021b,283,YES,0.99,16593.43,1,,0.99,0,,0.01,16593.43,0.02,0.01,65671.14,65640.97935895,30.16064105,0.080172,0.950986,120,,,,
1781654700,0x8c04de989b843b6817b72b92f920734e94a726a60feaf1c2f0e063747fc5021b,283,NO,0.99,16593.43,1,,0.99,0,,0.01,16593.43,0.02,0.01,65671.14,65640.97935895,30.16064105,0.080172,0.950986,120,,,,
1781654700,0x8c04de989b843b6817b72b92f920734e94a726a60feaf1c2f0e063747fc5021b,284,YES,0.99,16593.43,1,,0.99,0,,0.01,16593.43,0.02,0.01,65671.14,65640.97935895,30.16064105,0.055337,0.965533,120,,,,
1781654700,0x8c04de989b843b6817b72b92f920734e94a726a60feaf1c2f0e063747fc5021b,284,NO,0.99,16593.43,1,,0.99,0,,0.01,16593.43,0.02,0.01,65671.14,65640.97935895,30.16064105,0.055337,0.965533,120,,,,
1781654700,0x8c04de989b843b6817b72b92f920734e94a726a60feaf1c2f0e063747fc5021b,285,YES,0.99,16593.43,1,,0.99,0,,0.01,16593.43,0.02,0.01,65671.14,65640.97935895,30.16064105,0.057248,1.006211,118,,,,
1781654700,0x8c04de989b843b6817b72b92f920734e94a726a60feaf1c2f0e063747fc5021b,285,NO,0.99,16593.43,1,,0.99,0,,0.01,16593.43,0.02,0.01,65671.14,65640.97935895,30.16064105,0.057248,1.006211,118,,,,
1781654700,0x8c04de989b843b6817b72b92f920734e94a726a60feaf1c2f0e063747fc5021b,286,YES,0.99,16482.12,1,,0.99,0,,0.01,16482.12,0.01,0.01,65671.99,65640.97935895,31.01064105,0.083679,1.058820,117,,,,
1781654700,0x8c04de989b843b6817b72b92f920734e94a726a60feaf1c2f0e063747fc5021b,286,NO,0.99,16482.12,1,,0.99,0,,0.01,16482.12,0.01,0.01,65671.99,65640.97935895,31.01064105,0.083679,1.058820,117,,,,
1781654700,0x8c04de989b843b6817b72b92f920734e94a726a60feaf1c2f0e063747fc5021b,287,YES,0.99,16482.12,1,,0.99,0,,0.01,16482.12,0.01,0.01,65672.00,65640.97935895,31.02064105,0.086225,1.130384,121,,,,
1781654700,0x8c04de989b843b6817b72b92f920734e94a726a60feaf1c2f0e063747fc5021b,287,NO,0.99,16482.12,1,,0.99,0,,0.01,16482.12,0.01,0.01,65672.00,65640.97935895,31.02064105,0.086225,1.130384,121,,,,
1781654700,0x8c04de989b843b6817b72b92f920734e94a726a60feaf1c2f0e063747fc5021b,288,YES,0.99,16467.12,1,,0.99,0,,0.01,16467.12,0.01,0.01,65672.00,65640.97935895,31.02064105,0.083362,1.165196,121,,,,
1781654700,0x8c04de989b843b6817b72b92f920734e94a726a60feaf1c2f0e063747fc5021b,288,NO,0.99,16467.12,1,,0.99,0,,0.01,16467.12,0.01,0.01,65672.00,65640.97935895,31.02064105,0.083362,1.165196,121,,,,
1781654700,0x8c04de989b843b6817b72b92f920734e94a726a60feaf1c2f0e063747fc5021b,289,YES,0.99,16467.12,1,,0.99,0,,0.01,16467.12,0.01,0.01,65672.00,65640.97935895,31.02064105,0.083340,1.207075,116,,,,
1781654700,0x8c04de989b843b6817b72b92f920734e94a726a60feaf1c2f0e063747fc5021b,289,NO,0.99,16467.12,1,,0.99,0,,0.01,16467.12,0.01,0.01,65672.00,65640.97935895,31.02064105,0.083340,1.207075,116,,,,
1781654700,0x8c04de989b843b6817b72b92f920734e94a726a60feaf1c2f0e063747fc5021b,290,YES,0.99,16467.12,1,,0.99,0,,0.01,16467.12,0.01,0.01,65672.00,65640.97935895,31.02064105,0.112399,1.255063,114,,,,
1781654700,0x8c04de989b843b6817b72b92f920734e94a726a60feaf1c2f0e063747fc5021b,290,NO,0.99,16467.12,1,,0.99,0,,0.01,16467.12,0.01,0.01,65672.00,65640.97935895,31.02064105,0.112399,1.255063,114,,,,
1781654700,0x8c04de989b843b6817b72b92f920734e94a726a60feaf1c2f0e063747fc5021b,291,YES,0.01,10547.13,,,0.99,,,0.99,10547.13,0.01,,65671.1450,65640.97935895,30.16564105,0.082905,1.230698,114,,,,
1781654700,0x8c04de989b843b6817b72b92f920734e94a726a60feaf1c2f0e063747fc5021b,291,NO,0.01,10547.13,,,0.99,,,0.99,10547.13,0.01,,65671.1450,65640.97935895,30.16564105,0.082905,1.230698,114,,,,
1781654700,0x8c04de989b843b6817b72b92f920734e94a726a60feaf1c2f0e063747fc5021b,292,YES,0.99,10547.13,1,,0.99,0,,0.01,10547.13,0.01,0.01,65670.29,65640.97935895,29.31064105,0.051667,1.210749,111,,,,
1781654700,0x8c04de989b843b6817b72b92f920734e94a726a60feaf1c2f0e063747fc5021b,292,NO,0.99,10547.13,1,,0.99,0,,0.01,10547.13,0.01,0.01,65670.29,65640.97935895,29.31064105,0.051667,1.210749,111,,,,
1781654700,0x8c04de989b843b6817b72b92f920734e94a726a60feaf1c2f0e063747fc5021b,293,YES,0.99,10547.13,1,,0.99,0,,0.01,10547.13,0.01,0.01,65670.29,65640.97935895,29.31064105,0.027595,1.181810,104,,,,
1781654700,0x8c04de989b843b6817b72b92f920734e94a726a60feaf1c2f0e063747fc5021b,293,NO,0.99,10547.13,1,,0.99,0,,0.01,10547.13,0.01,0.01,65670.29,65640.97935895,29.31064105,0.027595,1.181810,104,,,,
1781654700,0x8c04de989b843b6817b72b92f920734e94a726a60feaf1c2f0e063747fc5021b,294,YES,0.99,11047.12,1,,0.99,0,,0.01,11047.12,0.01,0.01,65673.5450,65640.97935895,32.56564105,0.135214,1.285657,99,,,,
1781654700,0x8c04de989b843b6817b72b92f920734e94a726a60feaf1c2f0e063747fc5021b,294,NO,0.99,11047.12,1,,0.99,0,,0.01,11047.12,0.01,0.01,65673.5450,65640.97935895,32.56564105,0.135214,1.285657,99,,,,
1781654700,0x8c04de989b843b6817b72b92f920734e94a726a60feaf1c2f0e063747fc5021b,295,YES,0.99,11047.12,1,,0.99,0,,0.01,11047.12,0.01,0.01,65673.550,65640.97935895,32.57064105,0.000000,1.381308,102,,,,
1781654700,0x8c04de989b843b6817b72b92f920734e94a726a60feaf1c2f0e063747fc5021b,295,NO,0.99,11047.12,1,,0.99,0,,0.01,11047.12,0.01,0.01,65673.550,65640.97935895,32.57064105,0.000000,1.381308,102,,,,
1781654700,0x8c04de989b843b6817b72b92f920734e94a726a60feaf1c2f0e063747fc5021b,296,YES,0.99,11047.12,1,,0.99,0,,0.01,11047.12,0.01,0.01,65673.5450,65640.97935895,32.56564105,-0.000167,1.448299,93,,,,
1781654700,0x8c04de989b843b6817b72b92f920734e94a726a60feaf1c2f0e063747fc5021b,296,NO,0.99,11047.12,1,,0.99,0,,0.01,11047.12,0.01,0.01,65673.5450,65640.97935895,32.56564105,-0.000167,1.448299,93,,,,
1781654700,0x8c04de989b843b6817b72b92f920734e94a726a60feaf1c2f0e063747fc5021b,297,YES,0.99,10552.12,1,,0.99,0,,0.01,10552.12,0.01,0.01,65672.00,65640.97935895,31.02064105,0.133667,1.377535,93,,,,
1781654700,0x8c04de989b843b6817b72b92f920734e94a726a60feaf1c2f0e063747fc5021b,297,NO,0.99,10552.12,1,,0.99,0,,0.01,10552.12,0.01,0.01,65672.00,65640.97935895,31.02064105,0.133667,1.377535,93,,,,
1781654700,0x8c04de989b843b6817b72b92f920734e94a726a60feaf1c2f0e063747fc5021b,298,YES,0.99,10552.12,1,,0.99,0,,0.01,10552.12,0.01,0.01,65672.00,65640.97935895,31.02064105,0.095169,1.298253,85,,,,
1781654700,0x8c04de989b843b6817b72b92f920734e94a726a60feaf1c2f0e063747fc5021b,298,NO,0.99,10552.12,1,,0.99,0,,0.01,10552.12,0.01,0.01,65672.00,65640.97935895,31.02064105,0.095169,1.298253,85,,,,
1781654700,0x8c04de989b843b6817b72b92f920734e94a726a60feaf1c2f0e063747fc5021b,299,YES,0.99,10552.12,1,,0.99,0,,0.01,10552.12,0.01,0.01,65671.15,65640.97935895,30.17064105,0.067010,1.259590,77,,,,
1781654700,0x8c04de989b843b6817b72b92f920734e94a726a60feaf1c2f0e063747fc5021b,299,NO,0.99,10552.12,1,,0.99,0,,0.01,10552.12,0.01,0.01,65671.15,65640.97935895,30.17064105,0.067010,1.259590,77,,,,
