window_start_ts,period_of_day,condition_id,side,order_id,intended_ask,size_shares,size_matched,notional_target,entry_offset_s,swing_at_entry,btc_at_entry,post_status,post_error,target_pyth,final_pyth,price_diff_from_entry,resolved_side,won,realized_pnl
1784668500,255,0xfd1a9c1f429e6c66a26092f54ccb3749586e3b9b6faa80b7cee794f7d7ba1051,NO,0x2418b762d59e39ea45b2079770cd61240381cea21924b3f0e4f3f0c958aba789,0.99,2.02,2.02,2,240,0.00,66310.26,Matched,,66364.31500000,66308.77000000,-54.05500000,NO,1,0.0202
1784669700,259,0x2588d41626bbad56bf32221c4f57ad449a54ca1c219e8f85123ab48a2bfd35b0,YES,0x1afe85a8b99599d1358d58645d11b76f7a03d9e16642815b48ff61b0455fc604,0.99,2.02,2.02,2,240,0.11,66315.750,Matched,,66270.01500002,66298.60000000,45.73499998,YES,1,0.0202
1784672700,269,0x307f546b960036ed664c7b63396758271a100b867747df706c74ab892edbd112,YES,0xc1757430edb646716d7ce6df69c586df38830b3d8605599f082aef43478499a5,0.98,2.04,2.04,2,240,0.00,66242.95,Matched,,66187.93000000,66241.14029123,55.02000000,YES,1,0.0408
1784673000,270,0x8620679eb66ba2762c84526082b5dcc9a4d5ecf88671d1a8404470149c056d7c,YES,0xb091377c8e16d28d4783d127ce177ca853dbaee5a6de32520142c4e092568b9d,0.99,2.02,2.02,2,240,0.00,66293.2350,Matched,,66240.80011080,66294.64000000,52.43488920,YES,1,0.0202
1784673900,273,0xdcc0a7c8f614d2e1b99f255eb4d0342d234078bd4829004c68460d1664cf7130,NO,0x27bcb7ccbba5ca374d315365e6b2df384037c532579a70fd1ce882bad40713c5,0.99,2.02,2.02,2,240,0.00,66222.63,Matched,,66274.37500002,66220.46680970,-51.74500002,NO,1,0.0202
1784675700,279,0xbf1e624db27a03989ad82c7f8560b8c9a8bed44a82f49397b57de6ee4930aa9c,YES,0xde0b0ce30e8c53858f9fa85688ee7b5397b85a98867700cf85db8212794d4cb3,0.99,2.02,2.02,2,248,0.01,66281.56,Matched,,66235.90153871,66299.53754990,45.65846129,YES,1,0.0202
1784676300,281,0x0620140231159f2a1a35db8c0953a5b3b3c44c07c6e402462f86cca8f3418e0a,YES,0x2d9a0dc8c4468ce5730be3981b827fb324209877c16f575a09432591112cfbdb,0.99,2.02,2.02,2,240,0.00,66340.44,Matched,,66285.77000000,66361.12308750,54.67000000,YES,1,0.0202
1784676600,282,0x827883e65ae640c467560900ad9471f24567a3612c7df4e732c6bb200cf3f077,YES,0x69167dbde7b458e17fbc3f3b5a08074b7f92a0f37ecdd4b585c02b550ecd8f7b,0.99,2.02,2.02,2,242,0.01,66407.7,Matched,,66360.71095504,66384.36446018,46.98904496,YES,1,0.0202
1784678400,0,0x73381d30067aed31efff0c372423f8101c3958a73756e6065a4f81e5492192c1,YES,0x84906bfbfad49143df4f966a338d987362d8c551ab6553a1197b4a6892f923e0,0.99,2.02,2.02,2,260,0.01,66562.03,Matched,,66515.41500000,66577.98750000,46.61500000,YES,1,0.0202
1784679000,2,0x0f278ae1e03e62a9c61a9a6bbdbd3358bac3e20d5fbd08bca878ec7d343ebf03,YES,0xe55a43e43873ade8edbf1e9966e3235a11c2dbce3d2fab5b28a6256450f66ae4,0.99,2.02,2.02,2,276,0.02,66631.2,Matched,,66585.08363581,,46.11636419,YES,1,0.0202
1784679600,4,0xe5a2ce11e4178159fc411d67989189871ff0f112d4dd9aa718b4d6f65a34ddb9,YES,0x4fecf39d0e6e4489fbf0d7583257b9210c709dd33dfce09262f0308a7a51a449,0.99,2.02,2.02,2,255,0.13,66635,Matched,,66582.18535706,66608.64780039,52.81464294,YES,1,0.0202
1784680200,6,0x1d9ee3081055ce187864748e2c83cab7162c0dac141640f04b69182cf9b6a880,YES,0xa80eb43f5c2fa834675649e19bd87ffdfbaefe8b9368f3601b1290c061251765,0.96,2.08,2.08,2,280,0.01,66678.43,Matched,,66618.37000000,66678.95000000,60.06000000,YES,1,0.0832
1784681100,9,0x474fc1b799b4147463dbc114faf1725c0069c4f0958fffa61f76b0e59d83d60a,NO,,0.99,2.02,0,2,268,0,66613.9250,error,Status: error(400 Bad Request) making POST call to /order with {"error":"order 0xfbbf6b0b49e4333d6415de5548f2ff91b4d37f1f59c8f481813912ec6f08cbbe is invalid. Size (2.02) lower than the minimum: 5"},66670.08233856,66660.29999999,-56.15733856,NO,1,0
1784681400,10,0x7099a5adb21eba6ce89984181b2d1446cc57b01057bda968dfaa6364c9fcc77e,NO,0xab630b84ffecf2e560e61b6462d5ee7bc399c00ae1b131ba2acb832c8324eabd,0.97,2.06,2.06,2,249,0.11,66616.65,Matched,,66662.21514663,66613.67993611,-45.56514663,NO,1,0.0618
1784682300,13,0x02282c96e917611947c168d657f6b9a053a4c81a865f688ccc279eb8d2d5d6ad,NO,0xf303ac32f7a3ae8b9a11b4e3f273a52ea9ccd2b851ada8123669c6c14446e8bf,0.99,2.02,2.02,2,273,0.03,66538.2,Matched,,66594.33325350,66545.54696734,-56.13325350,NO,1,0.0202
1784682600,14,0xa6f26dc8a76bb203e055432ca5e78a5be900636e7ea6328c859b54440e5fe5dc,NO,0xc188db57acc14d7052b2def7677a6651a11b6db9fb57632cd52a16794b04dd86,0.99,2.02,2.02,2,240,0.05,66472.7750,Matched,,66545.61764250,66449.80000000,-72.84264250,NO,1,0.0202
1784683800,18,0x94603b0d3f422fa6d82513d651c34378af26f038ae26fde1ebeef0dd10c687c7,YES,0xc1e2f7e2d7c5b091881284ec231f6478499fd869e9be99cef6b29f8e33fad9c6,0.99,2.02,2.02,2,240,0.00,66379.9,Matched,,66311.52382791,66352.60750000,68.37617209,YES,1,0.0202
1784685000,22,0xbed0a30efca073e327dd01ee471096009160ea4c8668936668e74bdb62a1ea08,NO,0x05573249ea30f859e8f2ef9f80d40bb45c3a098473add9dc489eb11e208e971f,0.99,2.02,2.02,2,252,0.02,66388.52,Matched,,66434.88583494,,-46.36583494,NO,1,0.0202
1784685900,25,0x03d8bc3b9d644654b8b2f552edcd3b6d43c82efe40c2bf25b5fcbde042cbf332,NO,0x0ee1be6f71b7d482e525562fb7692acbbabc6d2fdbca217b1e0dc90f076b5cdf,0.98,2.04,2.04,2,240,0.05,66335.94,Matched,,66384.57751499,66367.17141964,-48.63751499,NO,1,0.0408
1784686200,26,0x4e936d5025333bce3f36c2980e406795889c6745aed38a22dfbb3be23bf5093e,YES,0xde6fb7b6e7f0ef5d4286f2fa008b160d9f2c025a3862b74120d47651b68b3a0f,0.97,2.06,2.06,2,240,0.05,66428.6,Matched,,66367.38415118,66419.56472823,61.21584882,YES,1,0.0618
1784687700,31,0x523b32dc14cf8ddfeb18427b082bc07905ee2677ae3256395515bde478d2a392,NO,0x98431ee64066da2c2762b5442aec0d9b499b9913b195cd705f360d887a953976,0.99,2.02,2.02,2,240,0.01,66260.93,Matched,,66320.50210245,66281.60871832,-59.57210245,NO,1,0.0202
1784688000,32,0x51c54d870981f7aa37f4de966e2f969a9be9cdda3fcfb5e5f9297578a1c09cac,YES,0x489c0aea885994877a9e1a105a681b35d8a1cd5d2cbe75a70430f3f2ae65c8e7,0.98,2.04,2.04,2,240,0.02,66329.2150,Matched,,66282.29499998,66324.39700762,46.92000002,YES,1,0.0408
1784688600,34,0x935149af96c900429eaf65d84f0ea7ea7f5ba026b3458a05a347bb9c66ccc709,NO,0x2fe6e533b0e4537fbdc281ce855fe4ecf19973bae0bd82508d04bbf75947fbba,0.99,2.02,2.02,2,240,0.00,66286.4850,Matched,,66339.35729937,66301.36688174,-52.87229937,NO,1,0.0202
1784689800,38,0xb57d5d8772e84f2c424fce421852f329279754ad0f8df50e882ebaed16624077,NO,0x446e23423b1334d07c2fdaa19846fcacfad1ec2d5c4aad3d6b591f3300df00d5,0.96,2.08,2.08,2,243,0.00,66181.12,Matched,,66228.58251505,66135.78926498,-47.46251505,NO,1,0.0832
1784690100,39,0x6be19f761c160f90331f5d7d69fda33d3388be5a686cce05a32ceeba0d47419d,YES,0xf5d4427f816373a7eb76bb951cd816a7629d5c24308e4c152c86420fb09fdd44,0.98,2.04,2.04,2,245,0.01,66182.05,Matched,,66136.32067995,66213.26750000,45.72932005,YES,1,0.0408
1784692200,46,0x531b9bfefd5b4bbefa22cbc32fe777ed63693edc4d25620bc8fdae5d51cbd686,NO,0x91b7230c110791259e2777d671badd11b37d2acc7eb3f71d8e93b5533826ca87,0.98,2.04,2.04,2,240,0.02,66251.06,Matched,,66299.15361293,66235.69600471,-48.09361293,NO,1,0.0408
1784692500,47,0xbee726744617c7d31fbadba06bffc93a79b19b6b2c2403fc63f65ba6b07ab0be,NO,0x34e8dcf2b9a3a05a617223d024ea64c49ad00f7e101167ad8df6baf63b9ada8b,0.99,2.02,2.02,2,240,-0.01,66135.4,Matched,,66235.56156676,66164.35000000,-100.16156676,NO,1,0.0202
1784694000,52,0x326556663b90447c2c762069450f6bcfd55f4054ef3385fd2dcee96777ef7c6c,YES,0xf8970eed049783104808c0fb3726a763b463d82b86abfcc25957d5b9c17598df,0.99,2.02,2.02,2,241,0.04,66344.1,Matched,,66289.77389502,66336.99499999,54.32610498,YES,1,0.0202
1784695500,57,0xde0e0b0717ef2e53261dbaa0a52ee90d53e1f2e776140bb64f77a8fa94a2e419,NO,0x458129385d2abfc326516a540bf1d3d996a2affb4bd032e8a5ea3eaec27e74ae,0.99,2.02,2.02,2,240,0.02,66316.95,Matched,,66375.87160954,66307.38764434,-58.92160954,NO,1,0.0202
1784696400,60,0x2ee7f093c5a15eed0138bef434b0a2fc3fb6ce881543798face9e873328853cc,NO,0xa338a9cc8626720d95ad34312df5222f247d5553083751b3f8ec41fe212976ee,0.99,2.02,2.02,2,251,0.03,66288.63,Matched,,66335.53998537,66255.28000000,-46.90998537,NO,1,0.0202
1784698200,66,0x6f09c647a654163f01e26dc93cded331af623418d9b4efadc0a85e77bcebf563,YES,0xf5c8e9ebbfdef253bdf3d7ce5888219f1e1337b372aecde44407df3f4a370d15,0.97,2.06,2.06,2,251,0.03,66075.49,Matched,,66026.71529687,66082.04807103,48.77470313,YES,1,0.0618
1784700600,74,0xec6417a4428141a955f24e2548c21070fc02010197610f1e3d5048cab9cce481,YES,0xdbef5bb76d163a43b718a75d95b13a5575b802a8db550bc95f00d4e7b8757e77,0.97,2.06,2.06,2,246,0.04,65923.47,Matched,,65873.38750000,65937.51250000,50.08250000,YES,1,0.0618
1784700900,75,0x8b496aa67f966816df2ae03ac6dd8a6e9705885a7397b1939f8d1f42578daad3,NO,0x99775f8389843588ab5d7e8fb6016ef5da5ef4b54172ddb673495f279817df9c,0.97,2.06,2.06,2,240,0.01,65890.84,Matched,,65937.51750000,65879.85000000,-46.67750000,NO,1,0.0618
1784701200,76,0xa2102ffb7d2e146bed35935b0b4a1e08ed076a19c7cf3798f33e91362c6034a1,NO,0x89691468405c51315ea3a251927f0f2a94b179ff0fd702b9fd73b706420588d0,0.97,2.06,2.06,2,242,0.02,65835.01,Matched,,65880.97084336,65829.99503009,-45.96084336,NO,1,0.0618
1784701800,78,0x4bee8f8188e70c091ea3d631b5602bff50844a370f1c18dfb533920946f22dca,YES,0xa209d9d0d6161bf5eaf572f52bdcebc460d5d5aa1f6bd937d9a012f312cb97f1,0.99,2.02,2.02,2,240,0.00,65877.83,Matched,,65812.50000000,65893.84499999,65.33000000,YES,1,0.0202
1784702700,81,0xc66e91e0d12e9684e7a4529e79736e5c3531b47fff7f588505558161b3017022,NO,,0.96,2.08,0,2,240,-0.02,65864.13,error,Status: error(400 Bad Request) making POST call to /order with {"error":"order 0x903578be712628aeb55ab4564fe581cd8895b8fb7ed3fc6ad397893af017c53f is invalid. Size (2.08) lower than the minimum: 5"},65910.34000000,,-46.21000000,NO,1,0
1784706000,92,0x0ef6f5b1323136c744efa995c82f9e94464f864aef938a5b83b13dc17f293f26,YES,0xd0cea0a5328352b96f280259b900e60cdfb50be01900fce2db8fd9e72004548b,0.96,2.08,2.08,2,264,0.00,65750.99,Matched,,65701.06786353,65740.80751504,49.92213647,YES,1,0.0832
1784706600,94,0x909336f153b8344e95be1035949222f79da8d431a2f325a6a8fda7d7d26b2439,YES,0xe65dc275d4f0a09c9c90b3ecb6924f37cb5a1e00d3264b30b39dce20e8292f89,0.96,2.08,2.08,2,249,0.02,65779.3150,Matched,,65733.24835055,65783.66597043,46.06664945,YES,1,0.0832
1784707500,97,0x49b24cd7ba82ce312458549f4d593afe325bb353020c737374285011d038028d,YES,0xfef13be1ac2c5399075291d611a419f0da6eca3678f9c079e7ce049766c5f5b2,0.99,2.02,2.02,2,240,0.01,65996.81,Matched,,65938.46786736,65992.19757229,58.34213264,YES,1,0.0202
1784708400,100,0xc1b7916e092616515f2ed33bd80382c462e80205f4a16bb73c31817f6ac005f9,YES,0xeb4915d4aeeec5b50e2018b16ec0a5135f450a68a6afbc1bd9cfa9c165169bf0,0.99,2.02,2.02,2,241,0,66071.04,Matched,,66020.84372390,66027.82183852,50.19627610,YES,1,0.0202
1784708700,101,0x41e286cf83f00ddd96a390db4d1f93709d2813c6be19666b1d1439a567b27265,NO,0x39fb4acc63ae695f7bc1b32dc6f3c12533097a1af982704bca207b3db444a204,0.97,2.06,2.06,2,240,0.02,65974.59,Matched,,66027.36275772,65966.46000000,-52.77275772,NO,1,0.0618
1784709600,104,0xc0ed76f9de2e384913c7d19d065d15d3254d00452674c558ca5edc4f45a81492,NO,,0.96,2.08,0,2,279,0.21,65885.23,error,Status: error(400 Bad Request) making POST call to /order with {"error":"order 0xdc0dd73a4576d3097128da9ccac869d40d649ffacdc35a864433ac5aa057f65f is invalid. Size (2.08) lower than the minimum: 5"},65931.46000000,65882.83250000,-46.23000000,NO,1,0
1784711100,109,0x56085de52ceb47bc57709469777657076b4c0d58cc7d91932cd7750aef9b8e77,YES,0x4f58b20e1a059da54a438b9afac5520627170aca21542f5e7527e388e1dd1d14,0.98,2.04,2.04,2,240,-0.01,66017.28,Matched,,65963.72750000,66017.99430695,53.55250000,YES,1,0.0408
1784711400,110,0x8a141a893e64b9a4750b4e73d2ce86dde3fab61a484bf0153b6eb1001077b622,NO,0x9afa1f9885c9f07f5d2ef1c1d02ff1ebdb78159982c31869620232ad14e46684,0.99,2.02,2.02,2,264,0,65950.88,Matched,,66017.28156895,65956.22000001,-66.40156895,NO,1,0.0202
1784711700,111,0x40731655b861e9298d77e5a06e5b6db4a4f5d7c229c1b8bec2740d43bd14fab7,YES,0xee43f28a517ec003337657e90f6054c4fb036ef781d12c19e3a9735a382d5c26,0.99,2.02,2.02,2,240,0.00,66014.64,Matched,,65956.25727532,66011.13613772,58.38272468,YES,1,0.0202
1784717700,131,0xd01109c0603af2f553c2216f585df26f9ac0ac2736865012e0cc80bcfe7471fc,NO,0x705223572f8e037ae198808937debaf61bdfe1f7e99e63171cc8aa779c5ca864,0.98,2.04,2.04,2,241,0.00,65983.33,Matched,,66029.20000000,66002.22256530,-45.87000000,NO,1,0.0408
1784721600,144,0x3312359ee6cd609d2e5871781cc13ad72af14168bdfb8553f7eaa39365605c04,NO,0x70942c678ada3b2aa8824390da1a316c483459a7e99c4029eee8ddcbdb29b824,0.99,2.02,2.02,2,240,0.01,65920.7150,Matched,,65967.64250000,65898.57556981,-46.92750000,NO,1,0.0202
1784722500,147,0x2a517e3382bfea8af8ec121a3d56657bc5510cdb0f2c7193c4877972b90074c1,NO,0xb6905b634d759fc9eaf9c99365831224455e3e58501ed3ace4a79a9992ababdf,0.99,2.02,2.02,2,241,0.01,65807.31,Matched,,65852.86000000,65813.29999999,-45.55000000,NO,1,0.0202
1784724300,153,0xe9b3c9f12e6e9aff4384dd97533a3fc557799c309c9579fb47c768dc14b08266,NO,,0.96,2.08,0,2,279,0.14,65686.9,error,Status: error(400 Bad Request) making POST call to /order with {"error":"order 0x47ccf81899a56e4ce52eb577bf74da5362709b6aaa98b20be8f82ab81ad0891a is invalid. Size (2.08) lower than the minimum: 5"},65735.82500000,65627.25758687,-48.92500000,NO,1,0
1784724600,154,0xd4f35c9c41f206333793f930a69dbf80b87c08affb1fd54fc267ead70ba5114e,YES,0xd46938aec47257e0f4d5e200c2d634976a803a6f282967793001d12c20c73c6b,0.99,2.02,2.02,2,240,0.00,65693.41,Matched,,65625.77000000,65690.92701414,67.64000000,YES,1,0.0202
1784724900,155,0xead9e50d694fe3f182987f2893ab25fbf4943e6f6867086f19a891bb649fab21,NO,,0.99,2.02,0,2,254,-0.001,65620.00,error,Status: error(400 Bad Request) making POST call to /order with {"error":"order 0xd7e60c2e571024d7ec7dfb432afe50242a9fe2b9afc412eb5f67986c1a74232a is invalid. Size (2.02) lower than the minimum: 5"},65691.36503003,65585.66500000,-71.36503003,NO,1,0
1784726100,159,0x6c364def70be3861ba78ed746aa5fe4b74fd27fc91bc93f9e558ad5d0a7ecb05,NO,0x9abd07cf311cfd0f343eabb184179ff46efc2a34b5a803f109da77846a321495,0.99,2.02,2.02,2,240,0.00,65553.99,Matched,,65599.26602538,65568.74850598,-45.27602538,NO,1,0.0202
1784726700,161,0xcf0eb9ac3e0e069919cceb16e3f4855a17f877c6682f6bf72f2557e8a50b335c,YES,,0.97,2.06,0,2,241,0.03,65573.77,error,Status: error(400 Bad Request) making POST call to /order with {"error":"order 0x99b8895b1185440c04bca5a8f328e3adb0d8580f7901be80b1947b284fa73115 is invalid. Size (2.06) lower than the minimum: 5"},65528.40503010,65568.74296190,45.36496990,YES,1,0
1784727600,164,0x6ca23e55a0d8f01c855072fdf2dca9268cd93f507da83339faa00cd396a53da9,YES,0xc63ee77459fb225724c2fbd4b94a5f8ca2870bec7218d104d18ca8822bd82218,0.96,2.08,2.08,2,245,0.12,65852.4,Matched,,65797.74000000,65840.86269199,54.66000000,YES,1,0.0832
1784727900,165,0x0949be401735ee6d7f60c469f4bd8ebafaba683b290395b1eac7e1be8557a22c,NO,,0.97,2.06,0,2,256,0.13,65794.57,error,Status: error(400 Bad Request) making POST call to /order with {"error":"order 0x1bf1d786aa14d3426b82b24f823a31990e2908fe9dea68566af3bd9e49358239 is invalid. Size (2.06) lower than the minimum: 5"},65842.37273242,65859.38000000,-47.80273242,YES,0,0
1784728800,168,0x77a8202bd49250265a50eefd4f9ee8cb351a653273c322f205f5a59f5814ad95,NO,,0.96,2.08,0,2,240,0.08,65859.6450,error,Status: error(400 Bad Request) making POST call to /order with {"error":"order 0x29b3124b6b21ac975c7a6817b03b37e00400a344fa638082acbf517d2bf7fc47 is invalid. Size (2.08) lower than the minimum: 5"},65908.39933692,65987.39997185,-48.75433692,YES,0,0
1784729100,169,0x0d91fa3f1a4815e25e126eb698bebace78b27947e85985af8360f2223b41b6da,NO,0xae0060dae8c929b80682aa20c71e836f6003a180b5cc1ab3c3db8b12446f8087,0.98,2.04,2.04,2,240,0.05,65898.24,Matched,,65988.43235222,65950.29405738,-90.19235222,NO,1,0.0408
1784729400,170,0x686edb0f58e57e77befec54ec51f1f17cfda9bb6c035390a4be1345ca3b9a34a,NO,0x32e4adb854f9c7cd8476ca172acd241c241f154f0899478554db0c43e8dccb88,0.97,2.06,2.06,2,240,0.06,65888.45,Matched,,65957.62499998,65861.69250000,-69.17499998,NO,1,0.0618
1784730000,172,0x0641f764fd488cd4123bd3b4ce9927e0cadc69f5e8a8b57be4ddffe7d7569118,NO,0x37d38d44381f32040f75f5cc91aebe7c7d4571bac0d77010cffcdcd9f3392812,0.99,2.02,2.02,2,240,0.01,65647.6,Matched,,65731.61500000,65601.81958784,-84.01500000,NO,1,0.0202
1784730300,173,0x9d93c6e2feb84d67e2cff9dcea7545051174eb6cfe29427b5963abc3f38b315f,NO,,0.96,2.08,0,2,264,0.15,65555.00,error,Status: error(400 Bad Request) making POST call to /order with {"error":"order 0x04f5e6e23f2d03f4fa413c6eda941be5f1b758ff1840fc8ded6e641aff28bd9e is invalid. Size (2.08) lower than the minimum: 5"},65604.05499999,,-49.05499999,NO,1,0
1784731500,177,0x37061acb2854b845b01917ae5be5784d4e522d246e8b5c53ececbe9e7ef6084a,YES,0xc71b674cccbe28c527978051efb4ef2d1f6032188f1b8e95e0ccf52260d87e8b,0.98,2.04,2.04,2,240,0.02,65687.4,Matched,,65638.30999258,65699.67305712,49.09000742,YES,1,0.0408
1784731800,178,0xe306f8b6492a539b13a422fd0cff08dddce6ab2132658e667de69a5b7b2d4688,YES,0x86e4fc7ace597df6dc1c3f1a9a507dbf5720d23678b1d0e3a35c44a3ff5a12a5,0.96,2.08,2.08,2,260,0.01,65749.81,Matched,,65702.07750000,65710.13503001,47.73250000,YES,1,0.0832
1784732100,179,0x51ad22a0756ec6ac4cb78cb13ba0f4daffbd705348ce39907eacc8d9ad05fa79,YES,0x14edb5bf2dad11c978d05d3bb9296d81af93cb245823b313e953d74af09c84f6,0.99,2.02,2.02,2,275,0.07,65754.18,Matched,,65705.92999998,65761.14141589,48.25000002,YES,1,0.0202
1784733000,182,0x04f470a08128bf75e034b922434c4b2dd9900dbf7bb7b885b8472af42099a3c0,YES,0xa42a20b6a0e1dd3a9b57d9f5ebccb108a9b12e9da3d5116e8deb075533378c62,0.96,2.08,2.08,2,253,0.43,65883.88,Matched,,65837.39499998,65908.59750000,46.48500002,YES,1,0.0832
1784733600,184,0xb113dd513399b4e5f40e8d842237c5a8a94e84e85c9a439eaa929d7a406230b5,YES,0x25aa812139b707dce74b2ff956c09acde548aaee99c6371df9d45a4e73a8156d,0.96,2.08,2.08,2,265,0.12,65997.2,Matched,,65945.56583608,66003.24439936,51.63416392,YES,1,0.0832
1784733900,185,0xcd0a66eee1447207ddf02c4d82e6dc23b2ed96c2969c26625bb4d899fcb32ad7,YES,0x20603900dadfb039cd6e0bff6596a387ae8cd2a422ad39db3d5079aa49051c97,0.96,2.08,2.08,2,240,0.01,66064.88,Matched,,65997.47000000,66043.28287835,67.41000000,YES,1,0.0832
1784734200,186,0x4185974a7e65c190421c7de16393e22c90385dde3c9490c7c6bbc39b5cd02645,NO,0xc7f5b54264edc880b8e930e518c244a9fe66018a55d3eec96f65adae1bdcf55a,0.96,2.08,2.08,2,241,0.01,65985.48,Matched,,66043.43000000,65958.13313819,-57.95000000,NO,1,0.0832
1784734800,188,0xf401799d17d8bc9cfeca7f2e1f340dad48e9ca2f1dca3d326fc62903d19b6cbb,YES,0x0ebc864c0039059aac0997e9645de09987c27ed3ac510b0539ee39e8375c0b5c,0.99,2.02,2.02,2,278,0.07,65992.7,Matched,,65947.42499999,65980.52291338,45.27500001,YES,1,0.0202
1784735400,190,0x2543dd2354d44a6a0253b2f7ac22ef18488e0d16b0f35dcb8805a99ca5ca8120,NO,,0.97,2.06,0,2,240,0.04,65959.32,error,Status: error(400 Bad Request) making POST call to /order with {"error":"order 0x14ff272a055b55eb22d222f599645c3e6cf5e9e3370abae98918b8e4d92a095f is invalid. Size (2.06) lower than the minimum: 5"},66011.88750000,65971.37500000,-52.56750000,NO,1,0
1784737500,197,0xbedd55f1945c18624ebbb31c92c4b509e004e6fedbfafd53d883ed664851c035,YES,,0.97,2.06,0,2,252,0.05,65995.30,error,Status: error(400 Bad Request) making POST call to /order with {"error":"order 0x7a89ed8be97f10702222689d3878c08261fcd0dc74f0c7921e47c96803559ca4 is invalid. Size (2.06) lower than the minimum: 5"},65947.39004951,65995.51503009,47.90995049,YES,1,0
1784738100,199,0x1661f7e604bfd17bb4beccb52d7b84eb1ac46310889850270f7e67c605ec0dac,YES,0x3009fce1e6495ecadd414142090a9822c2edaac884fa78a2a962e622d11dcc11,0.98,2.04,2.04,2,240,-0.02,66294.64,Matched,,66207.54428333,66330.71196038,87.09571667,YES,1,0.0408
1784738400,200,0xed49730abb3e9fb526bb5121fa85bf636e5dfc9952af299e1030c1b2d1cc8fa8,NO,0x8be7b2542d55f0c47b636c75537df7525644f64b0208c53a2a2c3c2d963039c2,0.98,2.04,2.04,2,240,0.01,66257.6950,Matched,,66330.75513509,66260.78539379,-73.06013509,NO,1,0.0408
1784738700,201,0x26795652e6ccfc393db8d3028bc18726aaad6a584b0acafbcc70fa159f592197,NO,0x0267f4ddf1ea3aa43e05676f7c9b59b72977390a8f4d4bd7d669c35dfb0c5118,0.99,2.02,2.02,2,247,0,66186.02,Matched,,66260.63015573,,-74.61015573,NO,1,0.0202
1784739300,203,0x804d22bb92af0474da42d504253aac932c458be34ceba57d6f3e6785c8fe6b1e,YES,0x83999d1d3bf93a5d07215a7fd28e43c70208806ad4ce42feec7809f86a13be46,0.99,2.02,2.02,2,240,0.00,66195.3,Matched,,66126.64167020,66204.29000000,68.65832980,YES,1,0.0202
1784741400,210,0x1e19925f3268b67c69b7fb9708b66e2aae3bcfbab47837ddba6794ef3d49d4ed,YES,0x6b1e0d108c3c35f70bdfb8020d0be4c8a7eb03962d9edbd64c4b08719c39d150,0.989,2.02,2.02,2,240,0.009,66033.9,Matched,,65960.79250000,66027.23681973,73.10750000,YES,1,0.02222
1784741700,211,0x608b70478ce50c0af1b48aa4163694e4ade791bda8cc51438fbc2727c9af2b91,YES,0x04b00737aa806aa7bfe8ee02694642b204aab4d573b615f915eef11098eed24a,0.98,2.04,2.04,2,240,0.02,66087.3550,Matched,,66026.84000000,66106.15824704,60.51500000,YES,1,0.0408
1784742000,212,0x94904a140b3bf27de02556abbd1faf8be37ebbb755625473e82a0cef4a2075b4,YES,0x8a7a5af4cf9baf981ea9ec5dd61be1344ba3c39786e588ed480da560d81871da,0.98,2.04,2.04,2,249,0.01,66152.45,Matched,,66106.30824704,,46.14175296,YES,1,0.0408
1784743500,217,0x165b5bf876962444bc576aaa22d8e85fd96e9978f3153ccc3c807ecc98f72c1c,NO,,0.99,2.02,0,2,260,0.01,65993.3,error,Status: error(400 Bad Request) making POST call to /order with {"error":"order 0x7ceef7a66848604f07a5d88dc23ebdc5a31880b1b24dd56ae6bb5284e26d5d2f is invalid. Size (2.02) lower than the minimum: 5"},66040.48500002,,-47.18500002,NO,1,0
1784746200,226,0xe4da3b54d6c63f0baf2f899ee7bb68d30d2fe3894d65eaeb1900773eba52950a,YES,0x573c2e6057ce050ce3192bb68fe2f2f0b4531b3214d3988c852245b6b0471634,0.99,2.02,2.02,2,240,0.00,65834.4,Matched,,65781.85000000,65853.59000000,52.55000000,YES,1,0.0202
1784747400,230,0xaf90f6300ec417e1f027d0dd656e207d216594e42b4dc1b41eed166884f788d7,NO,0xb6142289c2cbfc3906db1f5c45b26880962b5b33aaeceb1164e7f90ea14a8404,0.99,2.02,2.02,2,254,0,65703.59,Matched,,65762.72303362,65722.78506880,-59.13303362,NO,1,0.0202
1784748000,232,0x4682c55e5b15f4b20cd7625f534d49912fa14c252f13704c53557e09430af198,YES,0xce3a57302ff2472503cc53c145343c51efa43440636b480fda64558d80ddca79,0.98,2.04,2.04,2,241,0.00,65863.93,Matched,,65814.35143874,65846.17000000,49.57856126,YES,1,0.0408
1784748300,233,0x116567a3719896732d154028258823438de9f8c964d23252f6d85a38022e5312,YES,0xcc8685da12981f8ef2d647f12e6af628927a94ca51380f2a0855b83214b3bcf9,0.99,2.02,2.02,2,242,0.01,65893.92,Matched,,65846.17000000,,47.75000000,YES,1,0.0202
1784748600,234,0xded08911eaa6bd8670540c92a64a292d37ac13e1f8f466df7938288423abf9a4,YES,0xf81eeafcf1223290e600d5111b3601d9ed9592384183f6322a6c0f1d6af70473,0.99,2.02,2.02,2,240,0.01,65912.31,Matched,,65865.57785589,65888.05500000,46.73214411,YES,1,0.0202
1784750100,239,0x04304daaef724f42295878ff54ceeb57620b79f3363a013227a5883d7d0e221b,YES,0xcbf935fe5dcbb0e0fd2113a1777696654ed9df7f2dd6cd8afa12b8dca728f9ea,0.99,2.02,2.02,2,240,0.01,65895.34,Matched,,65838.88317133,,56.45682867,YES,1,0.0202
1784751000,242,0x4e58d6f2da66c09f52e91f4833e1e86b673f9a3acbf072fd9ff6d728fa8bbdbd,YES,0x39eaee2ed6f54e40e2f72256b18a761f5a43ab0799519557564a0c5ea538e93c,0.98,2.04,2.04,2,240,0.00,65843.2850,Matched,,65794.88250000,65896.24000000,48.40250000,YES,1,0.0408
1784757000,262,0xe50cd6e5aa553ae8029eead5512d3fbb40574156501f19a69b426719ec424526,NO,0xf650dc73c9cd9c470d37cc3489ae75450c46497b6c0f6354310a77dd524105d7,0.98,2.04,2.04,2,258,0.11,66036.04,Matched,,66085.55105960,66026.17586189,-49.51105960,NO,1,0.0408
1784757600,264,0xf0214f9b17fb685b7961e4d7d3ebe8307e62104259a92645543b219d8b70597d,NO,0x160d5e2abdde351adc45d64ea7257ae038406f902b150b4492911dca49dd8064,0.99,2.02,2.02,2,240,0.00,65971.1,Matched,,66041.14649801,65974.42503006,-70.04649801,NO,1,0.0202
1784760300,273,0x280267f0d6351a937cc63aeebb9a36cea54ce1068580e3941435105c3383772d,YES,0x306280e58d9156a502044e9c606abef7181204144a54012f69ef5b7f7d8dd973,0.98,2.04,2.04,2,241,0.02,65973.49,Matched,,65928.22062372,65997.56349716,45.26937628,YES,1,0.0408
1784762400,280,0xff19de6dd40d1e9f2a79ced1e97e048ec6da46bb22c81e7de91f6b51a5119fed,YES,0x719141053155924dd9cf2b4f173df012a462ccb48e9c24a7091b2cd6deef39ce,0.99,2.02,2.02,2,240,0,65938.14,Matched,,65860.89500000,65938.71329764,77.24500000,YES,1,0.0202
1784764500,287,0xe95ebeb98740f3d8bbb27c8a442a70b907779013152a5b04a1f51b4ba674674f,YES,0xdf035f3e14993027366cbef8d6cafa91d62bcf91b0c3f162e54981796879cb4b,0.99,2.02,2.02,2,255,0,66088.9850,Matched,,66033.53141536,66082.23453162,55.45358464,YES,1,0.0202
1784765100,1,0xd791edab11e5924fef35fbe46fde434847b7be4ab058fc992edfd5ea5d481864,YES,0xf5aee75fb94994361f1b1afd72649484c7d2114c2c6fc89ce69d63369cf4e394,0.97,2.06,2.06,2,240,-0.01,66188.53,Matched,,66105.98389395,66172.73200952,82.54610605,YES,1,0.0618
1784766000,4,0x9bdd894a91db6e62d1ce5edf2d588a9ccd95744011e289825ff7ac7276ac3843,YES,0x2f1a69bf3e7f7224573a2f527a41d2952acafb8d737658d072fd93e4d583430a,0.98,2.04,2.04,2,258,0.03,66226.01,Matched,,66155.15691979,66241.12198872,70.85308021,YES,1,0.0408
1784768100,11,0x3e314cb0fbc5d6fd8fa79cf0a10e6ef7b2ef7086810b4d2b03e25ba4f460ecab,NO,0x30ba8863ead0fd2854a4c38da9332e1f2555bdcbffe51e5ddc8ae08547e56974,0.99,2.02,2.02,2,240,0.01,66029.6650,Matched,,66090.12251393,,-60.45751393,NO,1,0.0202
1784768400,12,0x47b0bfff9f75a3e6c6802b74d45e79ce6003696ae765be2a3e3ad4cb4677bd8c,YES,0xa208fafa3c0c2c884fb3bc2476d3532292c1467d942cebffb2dfeca023a34651,0.97,2.06,2.06,2,240,0.03,66082.35,Matched,,66030.10750000,,52.24250000,YES,1,0.0618
1784768700,13,0x0c7d1734963e7a4d31ce4f3aa3e32c238e9b1f5584fce392eea3541eab32c003,NO,0x76668b1ca6fe171bd1a1689f5e8153b14799610ea0f9b5880ef7ba5023a0547d,0.99,2.02,2.02,2,240,-0.01,66014.2150,Matched,,66115.63750000,65991.56592873,-101.42250000,NO,1,0.0202
1784769600,16,0x0288010c6f691fa0ce339d1a44348c6e031b652cc18c2db77d37e0c3b50575fb,YES,,0.96,2.08,0,2,280,-0.04,65937.4,error,Status: error(400 Bad Request) making POST call to /order with {"error":"order 0xcb385248efccbc9a191b571643538bc871b089a8c894a9154fcabc211b99418d is invalid. Size (2.08) lower than the minimum: 5"},65885.76751504,65889.01751503,51.63248496,NO,0,0
1784770200,18,0xec41be090d9c74d7fe99071251fbf1defccdeee0e3213f2dee0b69d865b871c9,NO,0xaa41f072da21e8a5d2dec87ad1b2a6835693a408ad107587234ada8e20e65795,0.96,2.08,2.08,2,240,-0.01,65843.25,Matched,,65898.56503003,65831.84156131,-55.31503003,NO,1,0.0832
1784770500,19,0x56dc3b2f8747aa8f98cad38685a5492ccfd316b5b27e364e6ede298cb0c17d4b,NO,,0.988,2.02,0,2,240,-0.002,65734.58,error,Status: error(400 Bad Request) making POST call to /order with {"error":"order 0xcab9b9d6274cadf9e899113c5a723ee70948aef28b6cc03a38ac37a600027ce0 is invalid. Size (2.02) lower than the minimum: 5"},65830.19251500,65740.00603935,-95.61251500,NO,1,0
1784771100,21,0xf9a8e005daebf6a50f770294cc2f15f12cbd98af93d0c5977b7920a9853493fd,YES,0x8e4368dd051c6ca02ec1cabbed33ebf8102a2c924ea6725e51058860d9a8bb7d,0.98,2.04,2.04,2,253,0.01,65807.41,Matched,,65759.34136835,65801.06000000,48.06863165,YES,1,0.0408
1784772000,24,0x25b80bf8a1c30aafc7774e400dc39a9623d8b298e342fe4815816e79dbe39963,NO,0x8e0d50394c4ea965f7fef7413ec1872f373e11925b3a55d0d9503bf7a5c4885f,0.96,2.08,2.08,2,240,-0.03,65717.050,Matched,,65798.25913683,65805.53152755,-81.20913683,YES,0,-1.9968
1784772600,26,0x6bdc120ff3ed9aa28fb46f9672de2801da52073c5278e6e8a532d0d191e08172,NO,0x6255b3c6542c528af80d21ae590da5b641d64a631353926c443e8f5a3bd4df94,0.97,2.06,2.06,2,259,0.04,65736.46,Matched,,65784.33000000,65717.21503008,-47.87000000,NO,1,0.0618
1784773800,30,0x30815350645afeba40b4684b84019c978126ff953e30259a957fcbff72de26c6,YES,0x05b5cbf8bd99656d2fa697a3b78873676c11e2b51595a53baf2d936b0521087e,0.99,2.02,2.02,2,240,0.00,65772.88,Matched,,65712.43811812,65790.01503004,60.44188188,YES,1,0.0202
1784774100,31,0x2e38ce9d7944a3d61ab1ea538d81fc7d1798a36f5bd9796ddd15ea5cf838a445,NO,0x734018f71dff82b3aa9a1934c048604e7de0951999326e61235e18449d0c6aff,0.96,2.08,2.08,2,245,0.04,65718.3,Matched,,65790.01503002,65734.39267040,-71.71503002,NO,1,0.0832
1784775600,36,0x269be2c2c65d5024bfc79db523fa9803841c193370ad2d1702ad9ab79b2bfb96,NO,0x3c9b462a716d43f2ad9338e47d62ab0a21bd77ccb449362ec462a9a6a63b20cd,0.99,2.02,2.02,2,279,0.00,65727,Matched,,65773.36803703,65711.07348693,-46.36803703,NO,1,0.0202
1784778300,45,0x2106f07bcd2de0f40e85fee6e84b425d18d0a95cb3fa72cbb87d2430018a5660,NO,0xf55f0bca2df92a8f7fd28e3279280dd2e7df56416c0931f712138e5499f8177d,0.96,2.08,2.08,2,289,0.05,65611.69,Matched,,65656.99251502,65612.14000000,-45.30251502,NO,1,0.0832
1784779800,50,0x05b41d85570af11f114f38932bc66dfd141174a75395daf1dca219ebd714fd09,YES,0xc6f6d9789429d5bc8dcd8580ec09f61f61763238ef0d1fea15bc11e524192ec7,0.99,2.02,2.02,2,240,0.02,65631.02,Matched,,65585.61999999,65632.10000001,45.40000001,YES,1,0.0202
1784784600,66,0x2006a035f910652103ab8b4f097d99e439d2c0299f102e5bc288fbf6beac3599,YES,0x996081547a8ca75836170d16e9ed257bd5955f7898350d141956d12f01648db1,0.98,2.04,2.04,2,240,0.01,65746,Matched,,65684.53499999,65713.22214606,61.46500001,YES,1,0.0408
1784786100,71,0x6d48895428a81d028296d480c1382c905a0d798c58cd419952343ff3d52de604,YES,0x8314a06ce0a6a71794a3308f93a3d54a562367433be21c0599d1a0316666e805,0.97,2.06,2.06,2,240,0.00,65664.81,Matched,,65613.54000000,65656.05499998,51.27000000,YES,1,0.0618
1784787600,76,0x4e44e184b25251420e97e981b037ae983d6ca6fc6b77d90f0411c40970be7377,NO,,0.96,2.08,0,2,250,0.05,65615.52,error,Status: error(400 Bad Request) making POST call to /order with {"error":"order 0x744dc8b0e9ffacb86bb365228159e419ea830c2d890bd1664184220909966151 is invalid. Size (2.08) lower than the minimum: 5"},65664.56082927,65601.26500001,-49.04082927,NO,1,0
1784790000,84,0x32af0f9c19ceeb6751d804a8b26b4f368e2ff6385f69704ecb23f629bad16913,NO,,0.959,2.09,0,2,254,0.09,65696.0150,error,Status: error(400 Bad Request) making POST call to /order with {"error":"order 0x97d45713cc69eb520ba5be468b4a171c443d9d418d44c366d3522113633fd281 is invalid. Size (2.09) lower than the minimum: 5"},65750.60500001,65672.72499998,-54.59000001,NO,1,0
1784797200,108,0x10cf538890eca148605d30cf7532f840966fe2017d0e26846808d90fad1c6d0e,YES,0xe52ef15efc6048c6701907fd8fbec63cafd0b5b9a665f7977828e6bf0d949b7d,0.97,2.06,2.06,2,264,0.00,65661.35,Matched,,65596.60000001,65688.84041885,64.74999999,YES,1,0.0618
1784797500,109,0x29054231f7ccf599d9e0daa92c5cef66bc84604712025934ec564b924ab21701,NO,0x3bea5e22538910f8620d920171d6ae45a8c649cee4556b684934c53fbca103cf,0.99,2.02,2.02,2,270,0.04,65641.24,Matched,,65688.78184622,65673.61192085,-47.54184622,NO,1,0.0202
1784800500,119,0xf12a99764b888a6997e93df94fd9fc770e3f8442661fed270b500b9bd2124ecd,NO,0x96120f9f1299759c2729c21eb5ebf3462514c8f951f56a73f358d37df655f729,0.98,2.04,2.04,2,240,0.01,65594.21,Matched,,65639.52499999,65600.46261742,-45.31499999,NO,1,0.0408
1784802300,125,0xaad1e36b471f476dc7af2b193526eb6eaf11dfbf1c8d406e2bba61d3f02019a2,YES,0x34972eb278dfcf5f39e6f0a52f345ab2716b81f4ec4082351faf34294b713623,0.99,2.02,2.02,2,250,0.00,65725.31,Matched,,65678.67500000,65729.63503003,46.63500000,YES,1,0.0202
1784802900,127,0x7f05102e39842a73298759255ab0c43ac0a48b4aded0f867a6b07e72af06dd35,YES,0xde2f38bce0dec0a667503b04468e52a4ba8ca6eb89587ccf3d101e399af69849,0.99,2.02,2.02,2,263,0.01,65760.5,Matched,,65715.17000000,65738.97269176,45.33000000,YES,1,0.0202
1784808900,147,0x30c114e48bb5840a70a3204072dd9381fb0903ba333c07d974a4898dbba79075,NO,0xd7b1d728b890cd0ea33907a78ec1f9a0030288db2d0a3613a5c95fca97f09dae,0.99,2.02,2.02,2,240,0.01,65414.1550,Matched,,65477.87611611,65392.57476985,-63.72111611,NO,1,0.0202
1784809200,148,0x020a8782d8913f0facdb8c979859391b79175dc7d90c1327eac30aa6199c402f,YES,0xb81e9f997545cc404e4b960d97cf8715d9ae34fb9a5e5c999943e31eb6aceb20,0.97,2.06,2.06,2,240,-0.02,65446.22,Matched,,65392.37714574,65384.75620794,53.84285426,NO,0,-1.9982
1784810400,152,0xedd607356ce3242ca9d3716cd3eb20589a7a109eeeee98e454a76fb221e6b274,NO,0xab2d765f50da9ca7daceef416912afbecbaf0b8726b881bf6835d3357b6d485e,0.99,2.02,2.02,2,264,0.11,65067.8,Matched,,65128.27000000,65074.91200599,-60.47000000,NO,1,0.0202
1784810700,153,0xb58e2b812476cb267b2c5c34fbc047af257468941831a0d8a89f8645b0e4c035,YES,0x4f474ebbd79ba0682ea7d07d979126e11ec8de1601f7867e7097ab7b01b45e6e,0.98,2.04,2.04,2,277,-0.019,65120.19,Matched,,65074.72134885,65110.13903870,45.46865115,YES,1,0.0408
1784811000,154,0x4370b1de0fb5ff82a48f83d581be2e4fbf632ac7bc35dc084839abf03c6c96f5,YES,0xc19a261010a3066e82fd5d03bf0c85942c0824ecdf5e9744b4019d39fa5935cd,0.96,2.08,2.08,2,242,0.00,65181.56,Matched,,65109.62076520,65196.60000000,71.93923480,YES,1,0.0832
1784811900,157,0xc6ed1e7b0cb0d0aa244628781c5b9eb2b6ce4828db1486f5652c4d56a07ce574,NO,0xaf9c5570a1ced675b6213b7c39bd2e6d5ef36f97cc5c69831b6effbd7f8d620b,0.97,2.06,2.06,2,240,0.00,65031.06,Matched,,65087.09772809,64990.45176473,-56.03772809,NO,1,0.0618
1784812500,159,0x36844dc4d99b8a60f5d1e37e504a16023cfc0b48d121ac2910c7c5bdcb834020,NO,,0.98,2.04,0,2,276,0.06,64951.07,error,Status: error(400 Bad Request) making POST call to /order with {"error":"order 0xf75f70cfc7212bb0c4761d04b446c9889036738f38364042e96f1bcd2c786fcb is invalid. Size (2.04) lower than the minimum: 5"},64996.16250000,64988.03705911,-45.09250000,NO,1,0
1784812800,160,0x7d698e73d1be35e958b8b348c752630c1c3c692318b2b3ca3822b16dda6d34fb,YES,0xab3b049d4749cacf20ba51f8e1b44014d25e7d6dbc20af4113b9542ef511c51c,0.98,2.04,2.04,2,265,0.01,65035.3,Matched,,64989.97275176,,45.32724824,YES,1,0.0408
1784813100,161,0x3b2799ed60c8850717f0c67e395a85a407b2dcbf192702745bd71a77f5a5e598,NO,0x7acbec37fda6562c4d5c836e6b9d5d8af78683062bf6a6fac5c07485525a13f2,0.97,2.06,2.06,2,255,0.01,64971.8,Matched,,65017.33594251,64977.19000000,-45.53594251,NO,1,0.0618
1784814000,164,0x63faac1ff5ec3e8013bd77e3d53dc02fc6453b1352181cc68a44b40dab5da25f,YES,0xa7c706876667a1d496bd0ae66151a123d02bf09e5ff4017a356cc4c78550c687,0.97,2.06,2.06,2,240,0.00,65038.8450,Matched,,64964.16197016,65050.79637630,74.68302984,YES,1,0.0618
1784814600,166,0xe99063fbee1baa119534aa0bf0991fa436753b233a6dedec12d37cef84276f55,YES,,0.96,2.08,0,2,250,0.22,64981.2,error,Status: error(400 Bad Request) making POST call to /order with {"error":"order 0x54139b986ddb8bfc8a220800178923c09c3a698a7ab6afc41a27874d7cd0cfcd is invalid. Size (2.08) lower than the minimum: 5"},64921.99545536,,59.20454464,YES,1,0
1784815200,168,0x7107a236f6710f747f26bc04d828494b8a2f187cf43d63e10fc0ef4cba321638,YES,,0.96,2.08,0,2,266,0.08,64884.4,error,Status: error(400 Bad Request) making POST call to /order with {"error":"order 0xca5014b245087797bba78aa0942d3264dec127a7b3f71b072a50122af1d3261d is invalid. Size (2.08) lower than the minimum: 5"},64839.08787934,64904.10172322,45.31212066,YES,1,0
1784815500,169,0x86fccbe4551340a4af7ef63fb97a8ff343639d80663bd0d04c269dcd8c68a773,NO,0x7434c9f17e4d86c3e38bb813683027eb9a9e9d47051d4b14caed45a9fb5f9172,0.96,2.08,2.08,2,246,0.03,64849.3950,Matched,,64909.0450,64858.04260685,-59.6500,NO,1,0.0832
1784816400,172,0x829bbe12587f7bf0a63fcb43d35a28615d41b0e5841637d84ca0643bb0de6933,YES,0xfa41333be8f4fd88214a18d07b929595e4c4cf589f26841279b914dde44e72e1,0.96,2.08,2.08,2,240,0.02,65107.26,Matched,,65044.30677773,65089.42624658,62.95322227,YES,1,0.0832
1784817900,177,0x6225647ac1f3dc41c08806bb6761de2b85f568c80264fefd5fb6c2e6956834f5,NO,0x2988d147585f19955173461e2f8fbd66bceebe1d7cf87f30dbe3d1ac574ccc0b,0.99,2.02,2.02,2,240,0.03,64914,Matched,,64982.19999999,64884.30000000,-68.19999999,NO,1,0.0202
1784818200,178,0xfd3fcf4408b8b90d62c77dfee6e33862d10a660c5dcfff22b8d03b1bcd48cc5b,NO,0x7461f9d5b471f950d6137cec08ae8e619c47102ea6a87bc6b3beab0cfe9eb115,0.96,2.08,2.08,2,240,0.01,64824.2250,Matched,,64885.80751503,64810.81247736,-61.58251503,NO,1,0.0832
1784818500,179,0xf84a701bbe83630e53f33030ff25f980695f877da5ab7aeccc4f6fcc8ae24031,YES,0x1758f286d0020e08f403f3c26f9d0b380f08c9f643a4fce4624a0d01ad2ea965,0.97,2.06,2.06,2,254,0.17,64854.46,Matched,,64804.50999999,64863.89000000,49.95000001,YES,1,0.0618
1784818800,180,0x5d4af6c00b58522eb7fd18abdd1b6edb4f8b2ea278948f04a2edbcea0e1d3e44,NO,0x6346615a28e2cdd8c5ad29711f3eb6bdbe386e6adf3957b72c01a38289bf89e7,0.96,2.08,2.08,2,243,0.12,64816.20,Matched,,64862.95623236,64838.65503003,-46.75623236,NO,1,0.0832
1784819100,181,0xb7bd34007b1d3b56a5fab434d33ba316e86805f9b8c198e03404dedd61826cf5,NO,0x897b0bb7d5e9eacf69edca68cf157396963a84474531f2fd16990cdd313d4450,0.96,2.08,2.08,2,240,0.02,64775.84,Matched,,64837.62265943,,-61.78265943,NO,1,0.0832
1784819400,182,0x2a8f6b883f57aa48cb4b6927d0726e4f38f2c4d6643f96bef6dc8a939b774a92,NO,0xde2969d2a4df346ccb97c2c8967ba6f0bab70a75a918b60d6e2dbfc4c1cbb076,0.99,2.02,2.02,2,240,0.02,64694.98,Matched,,64774.60465768,64725.85000000,-79.62465768,NO,1,0.0202
1784820300,185,0xc12ee1627176a7d169af650a68b18719fa7c52e96d9fde75f3c9164e6e7741dc,NO,0x1d16d5ee9e9a5b817a78d17f9ce8177ff2ef277af40b01fcc4cfe24e40c6d0b6,0.99,2.02,2.02,2,240,0.02,64828.4,Matched,,64899.07000000,64817.95189978,-70.67000000,NO,1,0.0202
1784820600,186,0x575f11ccf86a42559398bef2698d4598c3a92d4fa6bbbb964d84012a19e261c0,YES,0x9b44e5bc92e749c71343ea50ee25821b6b29df0f49e3124fa0c69a440d065a3f,0.97,2.06,2.06,2,240,-0.01,64867.00,Matched,,64818.79585304,64865.04499598,48.20414696,YES,1,0.0618
1784822700,193,0x6da30bf3f0ad93265fbdf1f6a33276e2750aec7dacbf2422d3abd2ad48a591f6,NO,0x047cd791668ca9cbc86ac554a2ce6aa381b207bf4c919e4165e8ad5844f91f90,0.97,2.06,2.06,2,241,0.02,64770.5,Matched,,64817.05284880,64777.19657410,-46.55284880,NO,1,0.0618
1784824500,199,0x4c00cbff4ccf9c0505f4c37da0806ca3c8ff8cc452dd5674f0a009477f0e6975,YES,0xcd6d28b8c2fcb787fdfa25b99b3a298683b112cb7641c7b18c6bfe7c937b0303,0.97,2.06,2.06,2,240,0.05,64722.6,Matched,,64677.59337941,64727.28046609,45.00662059,YES,1,0.0618
1784826600,206,0x486528930bd69615803bb5151c4891858f9f55f91407da1832f964bff6446908,NO,0x989934fe0b4a231925dd4562f092853b57041d7de5e4fc4b5ba151f7be18604c,0.99,2.02,2.02,2,254,0.01,64677.5550,Matched,,64723.50947552,64710.78503007,-45.95447552,NO,1,0.0202
1784828100,211,0x9a25b53aac6f3affbc776e836f931366aaafff601e95b079230c2524aeeddcfd,NO,0x32b516e21864e63a1d4dd1819dd0a1f8110c1c4ca00ae99a5e811ed4a4e8f6c3,0.99,2.02,2.02,2,250,0,64758.3,Matched,,64822.67250000,64754.56984150,-64.37250000,NO,1,0.0202
1784829600,216,0x8876dc42febef1adb3f0a1290e9ca242f320ef664f74b6959c22d4e5b233a248,YES,0xe6e9d854cd0dd2682a30b207ba6e71051eaa5c0ac7b2084c51fcd95384188523,0.99,2.02,2.02,2,240,0.02,64665.11,Matched,,64616.06791144,64651.25688961,49.04208856,YES,1,0.0202
1784829900,217,0x2952ab777ac46e79863eff224aad70529f461f3045bea3f5bbdea4719699ecdc,YES,0x1d48c7b90a7fb61d5239013ad5c1eb4469206160aa4b738f84e609871a03e27d,0.97,2.06,2.06,2,240,0.00,64696.85,Matched,,64649.13988914,64712.55195434,47.71011086,YES,1,0.0618
1784831100,221,0xb9e1d7e33877c7a123b426c48fae49d99c4da9a7d89e8ce8dd3fef1ef57afa84,YES,0xdaaa7186111cdb1161552057f461b02f2b341aa0dccffbcdd1ba9b806d574120,0.99,2.02,2.02,2,240,0.02,64740.0750,Matched,,64692.31223000,64748.80667236,47.76277000,YES,1,0.0202
1784831400,222,0x27bb3db8e90b4d16bc42a24c6c57ddc34ce3ea399351883b1884d83fc4e0a45b,YES,0x0c4133b8dc4fd1a35b3813fc240fac76b97c56e7a7a1ab3049bb4b9be1980ab6,0.99,2.02,2.02,2,240,0.01,64793.76,Matched,,64748.64480110,64809.01479968,45.11519890,YES,1,0.0202
1784831700,223,0x7616d900c2971205a2e38eb8eef0f665ee0169c216e4ee4110864a1e20708f63,NO,0xa1c5321a5ebf46e8402c72b122e027a710a7a819b329bead1a8770fdca2af257,0.99,2.02,2.02,2,247,0.01,64760.94,Matched,,64809.30750000,64761.18214101,-48.36750000,NO,1,0.0202
1784832300,225,0x9812e416655e6d59ba9fa95a4bb8921c3342e0bc88479395b0d9d33ec74cbf38,YES,,0.98,2.04,0,2,271,0,64821.67,error,Status: error(400 Bad Request) making POST call to /order with {"error":"order 0x8ff7ac64add5c2f9a077a5227f8e4bd4fc3ee98f726cd960d1e21207732c06c6 is invalid. Size (2.04) lower than the minimum: 5"},64757.79172607,,63.87827393,YES,1,0
1784832600,226,0xfbd41a7658908545a3e18d16f36e3a13a1768d127606bf74f831a4ad7b0500e1,YES,0xea8f09e624a9a304eaed130f736f296e8272a3fa57dbdc2d70852a504cf0c957,0.99,2.02,2.02,2,256,0,64884.42,Matched,,64825.20676773,,59.21323227,NO,0,-1.9998
1784835600,236,0xba395fd7ae211f4ba6b7c25099e6382fff0e2c0f080f0af9662f6dc781319b1f,NO,0xed1a1dff85277c522bdf8f9a331c37dbd32fff090e44b51697b7b6db252effbd,0.97,2.06,2.06,2,240,-0.01,64701.56,Matched,,64754.73499999,64699.84500000,-53.17499999,NO,1,0.0618
1784835900,237,0xb002d1564cc0e498088ba4c39f1d9c79e5d2555b258395103d8e5be4e3b03f89,NO,0xe98246a75974e99b044c23e76a28a307689cc4f58ebbb7e80ad3df7230cf21b3,0.98,2.04,2.04,2,255,0.02,64651.23,Matched,,64699.84499999,64646.27596092,-48.61499999,NO,1,0.0408
1784836200,238,0xa8691d3b0311fcdd449ba2db85ea355e62f8f79d51ab6f9fafb2ddbf2df82ec6,YES,0x751d80e304022615d9a2b9408ff3a93a3d45e6edc378a4b339df4277096739bc,0.99,2.02,2.02,2,240,0.02,64695.79,Matched,,64649.10656500,64659.60499999,46.68343500,YES,1,0.0202
1784838300,245,0xc6e969a52d965132bd4c3269f14c97be81f763d5de836c3f976c02d5bdee87ea,YES,0x46d5e399a27fc48dcffec856ebb1d3b9e177fc8c07e566e14cdcb0bdae30c277,0.97,2.06,0.14,2,240,-0.01,65134.81,Matched,,65076.72383129,65117.51846758,58.08616871,YES,1,0.0042
1784841600,256,0x686478bce750847d4977c8073892218bb6a701f4d5354ef1931afaed83c0a772,YES,0xedccd05e8a6a72f9d5d8f12961f1decb528e9ebe4c53e2b6631c6e7b2a69664d,0.99,2.02,2.02,2,240,0.00,65033.11,Matched,,64972.24928528,65024.75000000,60.86071472,YES,1,0.0202
1784841900,257,0x5d362ce76e1347e039b6cb787ad49d43f0a53010c06e72f4046cba4cb7c37c7b,YES,0x99e766c70f2065d039914f7578cbf002925a00cda554adfa73ee1160b7e5f5e0,0.97,2.06,2.06,2,257,-0.01,65072.54,Matched,,65024.82250000,65066.77864821,47.71750000,YES,1,0.0618
1784843100,261,0x85a2d8a9ed34a437b00ae8c6da894c5f17045010d016dc6001976ede7846e287,YES,0xb51e6401a1c781be2ac747ef3990947802ee445818b6bc49a4f53e845bb8c338,0.98,2.04,2.04,2,245,0.07,65100.9,Matched,,65049.81763306,65104.43499999,51.08236694,YES,1,0.0408
1784844900,267,0x03011d3b57ffed671403e40a64249c77582188fb947dbddf5ec0a09b6859feb8,NO,,0.96,2.08,0,2,274,0,65002.94,error,Status: error(400 Bad Request) making POST call to /order with {"error":"order 0x58906ae7d1c8e096484cf172140f8de4a27e8d79dca8b645dd09ba1b553b51a2 is invalid. Size (2.08) lower than the minimum: 5"},65049.65263245,65013.33335901,-46.71263245,NO,1,0
1784850600,286,0x1db0d95333449edfa4fe5b8339979b98ff2714711389c65a56cb4acfdb338151,NO,0x120c4d3a7b695bbfa2ec8e482e7381824e297697c5fedd2facd6b41e38782392,0.98,2.04,2.04,2,240,0.00,65038.2850,Matched,,65086.23123562,65026.39367662,-47.94623562,NO,1,0.0408
1784851200,0,0x36cb924e956b2d13bcafe194cb4c59fbd13d3cccbf1368b081d07924ab20f329,NO,0x45f4f55db50f195eafe8bd8850ff119be27c52615c795980959912b93bf233d5,0.98,2.04,2.04,2,240,0.04,65001.2,Matched,,65050.47499999,64977.07410452,-49.27499999,NO,1,0.0408
1784851500,1,0x606c9caa2173133da65456e6b78430add339a7a580882bec4ae50f5c899fe67e,NO,0x6df4d8950a93dbf38346bdc7e8283b3c8ce0791935c07c9c171f939f7f098fa9,0.99,2.02,2.02,2,240,0.01,64921.65,Matched,,64976.90046335,,-55.25046335,NO,1,0.0202
1784852400,4,0x74bcc52b900802871a7abf25da0cae16bf0811ae09031265a88e0cc3abdaf721,YES,0x7962733b03a107a14f060daf69e2e6cad3c85bcdb658fc599349b4ba8e62101d,0.99,2.02,2.02,2,240,0.01,64935.63,Matched,,64877.10930939,64921.60818434,58.52069061,YES,1,0.0202
1784853000,6,0xa63048723162d7e005798eba263942c0857f83cac0a31a22f9c39fdfb0193518,NO,0xd6cc58d64fa49f1bddf205ffc784049438c5938a63bb14b3172cbb46867a2570,0.99,2.02,2.02,2,243,0,64758.69,Matched,,64830.99462683,64783.27674973,-72.30462683,NO,1,0.0202
1784853600,8,0x20f897a4dc277f6f220ff4a78fdb21c27f7654abbdb07f69bf4f14784b922858,YES,0x60fb0c62fbae46e415a3b9186f74099f72e062d89e067c984e84f3c07f8b54b4,0.98,2.04,2.04,2,240,0.02,64798,Matched,,64741.30563050,64802.35000000,56.69436950,YES,1,0.0408
1784854500,11,0x1fdd9c4df372ac0e366dc880831033b656e5d0a5bc72888a42c967ffe28b7eac,YES,0x1894c6d07797fd6e3192f974ad14f124bfbfc346f0fa19f7420615a00b5bf3f2,0.99,2.02,2.02,2,245,0.01,64916.13,Matched,,64869.68556731,64923.17500000,46.44443269,YES,1,0.0202
1784854800,12,0x3eeb2dde66690dbce85a049894d51b3f08494d1ebc6110772f5ee2773a70b4e4,YES,,0.99,2.02,0,2,254,0.25,64987.26,error,Status: error(400 Bad Request) making POST call to /order with {"error":"order 0x1756bcece281c770b71c06498e3f85640c76f949446ed9fbe4a8771f6c5f185a is invalid. Size (2.02) lower than the minimum: 5"},64923.17500000,65036.87898237,64.08500000,YES,1,0
1784856300,17,0x19c4ce757603dac007c9db9b382d584b2c427cb1f62684029c012168f17e9f31,YES,0xfe361b959475fe7d0b130c477f7b4a5dbe4a76c5a2cc0b6e2a6ec0c4c210c5cc,0.98,2.04,2.04,2,240,0.01,65051.39,Matched,,64985.86660929,64984.02500000,65.52339071,NO,0,-1.9992
1784859000,26,0x328efcc6dcbe9bd7b4dd911c1b1dd47fcd2883f8c6ef0e3ae50114e7e61c86f0,YES,0x80d9e88b6192eb0a6cbcd1395efc3a75f957794129a86221409520dff2be4836,0.98,2.04,2.04,2,240,0.03,65126.01,Matched,,65076.60000000,65115.48209237,49.41000000,YES,1,0.0408
1784859300,27,0x80c762b245e9b57eceaa818587cd8f172eff65b1ab4f95199382d8f8aa93f439,NO,0x09750f66686be114d9da1b571e6ae0fb675a876569d48e65ca42a21268a6971f,0.96,2.08,2.08,2,240,0.04,65068.12,Matched,,65115.48209237,65074.39825839,-47.36209237,NO,1,0.0832
1784860800,32,0x63ea5a4d1fd212e87db4d5ac0637b4c700089e2423b31919514ad5b44bcba9d2,YES,0x318263544963c958214a3d6b5ad00b30d571809498f520f5a69a4bd39525995f,0.98,2.04,2.04,2,240,0.01,64996.39,Matched,,64934.38484159,65006.07268953,62.00515841,YES,1,0.0408
1784861700,35,0x0b85ca6119e88b8d3b87abd4acb0190917e79ecde9bc5f08c44930731caafabf,YES,0xe05671885e6c0af26b3706cdfaabf4e16b97b0183be48d1f9fe4cec21edc5347,0.96,2.08,2.08,2,240,0.01,65042.26,Matched,,64958.65000000,65066.23108983,83.61000000,YES,1,0.0832
1784862000,36,0x6f05dd2199e4104822ad398e5dc7c7b09e9119f45c989fd152d1405cc99ea7f2,YES,0xd971ac70ce9b1c2002794526d947fccef7f6d00d514d1aa27358531198442e12,0.99,2.02,2.02,2,243,0.04,65112.27,Matched,,65066.18067037,65114.51551391,46.08932963,YES,1,0.0202
1784862900,39,0x04ef1cfcf93719825dce5777dddebced90c60fba3b8220420d0ec30c43535afb,YES,0xe0e03f97c5cb983a8c65f74885db10f4f097b1ad4271e020888e2e4873a6794a,0.99,2.02,2.02,2,240,0.00,65335.65,Matched,,65260.33534901,65307.27000000,75.31465099,YES,1,0.0202
1784863200,40,0x1bdeef42ac422db2b2996cb2bf79d75b6911f03bc3c2243fa2f66868a2ceab2a,NO,0xcd3719ea79fdad6edbec95d49e1bb652d9856f2d3fd784b6eff51c55cb585954,0.97,2.06,2.06,2,240,0.03,65261.6,Matched,,65306.97429358,65260.05030140,-45.37429358,NO,1,0.0618
1784864700,45,0xdf1e092c3c8897e45ea96954d9765cb6452df214ef6bd0634c4e660a79203c91,YES,0x28ff6f66138f56edbf27a88ee22bf21669ebfef4e055c7158b1409ceb956b1d7,0.98,2.04,2.04,2,245,0.05,65404.84,Matched,,65356.50975993,65395.86251502,48.33024007,YES,1,0.0408
1784865300,47,0x98ee8bef26dc1abff0dd849a60d0482d68094439b0984dfaa6ea680da0f5ae9c,YES,0xc249bc60b076996b75d0a4253d27d412bf43214d4d4caae01a92c9766a78d3dc,0.97,2.06,2.06,2,241,0.01,65407.23,Matched,,65360.94000000,65405.02499999,46.29000000,YES,1,0.0618
1784866800,52,0x60f053e1393f2ebd0478b68e9200ea5ab1cc5eecd16a9e9c363a87df995c89c5,YES,0xbad5338e00f305d4ed07b4b8e065dd5a1cc4ecfb3ef69ae606a81464113c8db5,0.99,2.02,2.02,2,240,0.07,65387.82,Matched,,65328.52110224,65359.46317973,59.29889776,YES,1,0.0202
1784874900,79,0xe42efebe0ac9f27e108e802f9820a70e964a817b845005d3a875820711be0a5b,YES,0x783c9c2553b37dfc1a12ad95e6797f506f572410197f2775e022ac4044d0da66,0.98,2.04,2.04,2,240,0.00,65452.88,Matched,,65396.93000000,65443.22301714,55.95000000,YES,1,0.0408
1784876700,85,0x8a54f8bdaefe850a2b8ab4b0f1f7a1423424e1cf5a7d5f5667856065313f3e63,YES,0x7cd351de105631acd5c0811d8a71a5a15ae656348b6e28a5f83c40ea241cb56a,0.99,2.02,2.02,2,262,0.01,65542.61,Matched,,65494.29260175,65574.72153851,48.31739825,YES,1,0.0202
1784877300,87,0xf0a7d1e746c0f647d69a9a5466d25ef7943a8b40017bfca0b61eb1d6c3e77ada,NO,0x02a2002510909d5167b622af4c24dd03c4b8a6006687dbc6e39c3e05e4a824c8,0.98,2.04,2.04,2,240,0.02,65665.60,Matched,,65717.80506588,65673.46000000,-52.20506588,NO,1,0.0408
1784877600,88,0x631c082d70218d0b07d223b594df9f570a98e6274db3b6dda31a5515e14177da,NO,0xacb81878c7f8ee0f53e8eda4a766ccd3dbd124b128d629d9985a181b2f2f9b4c,0.99,2.02,2.02,2,240,0.02,65628.16,Matched,,65673.45750000,65598.71384161,-45.29750000,NO,1,0.0202
1784878200,90,0x682d5a193b93da69dfc06ccfe5b9aa3278bfe3270fb43e0f425250bd4cf045b9,NO,,0.96,2.08,0,2,244,0.18,65547.9,error,Status: error(400 Bad Request) making POST call to /order with {"error":"order 0xa4d5b7b4bc9091fb7a03be403ed545e248979622efbcfcd45f45694030e78d52 is invalid. Size (2.08) lower than the minimum: 5"},65594.43000000,65516.46500000,-46.53000000,NO,1,0
1784878500,91,0x2ecfbd01f990dc9abbbfc02de9a3fae4a77d8b740ee69dc92c3a55d4915e9a12,NO,0x60e1e7d12fec49b0896aba6348025b115322aba0e1c249cfefbb86cc0a14c391,0.99,2.02,2.02,2,240,0.00,65449.99,Matched,,65516.46249999,65439.44436152,-66.47249999,NO,1,0.0202
1784879100,93,0xdbc4b6ffaf6cd8d8fd8d65459178b07fb46299544db1a581cbed488d0f575d6f,YES,0xc4c3107eae01504160df9b08c99e82a6339c67a18ff53289c010dd27415348c5,0.99,2.02,2.02,2,240,0.00,65385.9,Matched,,65326.53833067,65404.14379207,59.36166933,YES,1,0.0202
1784880000,96,0xc2a8c18493534d40c40bc77aae3b5ac946b8abd3774bc61d7a0757a18ff3d4b7,NO,0x7032d9259b6176f9d09ace7a60ea70c6e278032ccfa186a18ccb690a926e8bcd,0.99,2.02,2.02,2,240,0.01,65398.0150,Matched,,65453.98000000,65387.35751505,-55.96500000,NO,1,0.0202
1784880300,97,0xfcf2f95e5cfb41807969296d66ab19b7f09552d63ca76b154758d2d88c94a663,YES,0x05a01342b5eb99d7fbafd2636b863b4a62a29cac5f0ca0df4e65bd13c40a5751,0.99,2.02,2.02,2,250,0.04,65433.73,Matched,,65388.18690713,65445.70503008,45.54309287,YES,1,0.0202
1784880600,98,0xeeea7d44fe81b0a9661fa45a3a54f8d4f3adb1103d7253bf40d8321cdcd2e8cb,NO,0x8f5d9c5008e4039b53c2778d95b8e6dc4081445a11f398f56a075e884299e7b9,0.98,2.04,2.04,2,240,0.01,65398.8450,Matched,,65445.70503005,65394.14557030,-46.86003005,NO,1,0.0408
1784881200,100,0x4c3875700a3667b112eb59420b84f9e3d9e9faaab292a6392317eb1e415da80e,NO,0x1dd02b3b2706947b5368a685abeb266d687d0a2a765591df4275786e908ad976,0.99,2.02,2.02,2,240,0.00,65321.74,Matched,,65369.04621665,65310.21177335,-47.30621665,NO,1,0.0202
1784882100,103,0x7755e8f90ce61bc5a10130627e158da8b60b3617b5b472c4219cb4a09415cc05,YES,0x7a4d03722850d750e92f91d69c6f0d0ef8097debfbb1046684d6e10de3defc3b,0.99,2.02,2.02,2,252,0.01,65403.54,Matched,,65358.39499999,65402.68192020,45.14500001,YES,1,0.0202
1784883900,109,0x50dea0b71ad5181df27216aa8d93f33f181e449665b365d05a3c3b4a0d8c7776,NO,0xee711918a5ae4ba8b208e110dc0a2b924ef1c136c79ecefc8e65c073f9f59deb,0.98,2.04,2.04,2,240,0.01,65090.3,Matched,,65157.26500001,65084.75057776,-66.96500001,NO,1,0.0408
1784884200,110,0x2eba20b1b6ccc153ce22414c320be38b768426e7e707303b603cf300f5fbbfd4,NO,,0.96,2.08,0,2,240,-0.03,65037.03,error,Status: error(400 Bad Request) making POST call to /order with {"error":"order 0x341cfbde9606394ec1dbe2d1f1af588c1f84de9ed4f5cfe3b13dcc93e6178ed7 is invalid. Size (2.08) lower than the minimum: 5"},65084.05274841,64998.30811202,-47.02274841,NO,1,0
1784884500,111,0xc1b08e59be57bb08000b55bc801086a8890d0cec01edc013f1bd6bf0127d415e,NO,0xb2189541e86fa9c803dfe1527a5ac34623fb85d9ed3ad3afd6e4df5104cd2bfb,0.99,2.02,2.02,2,259,0.03,64943.11,Matched,,64997.50353295,64949.69565756,-54.39353295,NO,1,0.0202
1784886000,116,0x7c0cc2f40a02fe8c1c94d0033fadd5d02122e8d4f6506cad66e492cd4a337bf9,YES,0xdb2fa7d41438950ed27723d0a68e40e8639625d1a6335ad74b300eb8b748597f,0.97,2.06,2.06,2,240,-0.01,65043.39,Matched,,64993.63000000,65033.01000000,49.76000000,YES,1,0.0618
1784887500,121,0x41944cf67533f10890a27e52e1255feeca6fcc3a65f111819cee89a32b513920,NO,0x683be0fdc748f36223cec1fb4b2920a082d6c6a39852d2d15a1f58e2766c7088,0.99,2.02,2.02,2,243,0.02,65021.80,Matched,,65071.03807918,65001.88993135,-49.23807918,NO,1,0.0202
1784887800,122,0xe0cc67bb33ef20fd84f6e1fb57603e91a4d4e9f3824574ee1f00aafee83e7bee,NO,0x1e39f68b5679263e78ea255d124cf5b1dd14f5596cb3b0e6f006ea89e4b8f32d,0.99,2.02,2.02,2,240,0.02,64946.7,Matched,,65001.88993135,64957.11000000,-55.18993135,NO,1,0.0202
1784888400,124,0xeb6092e3d17093e2156c181b1a2a31f093f891407e9295b28386e887055b9160,YES,0x942fa8db01ec99f6f1f53c9e6b35b1331f5cc2d8bacca7ea6122d19bf128f5ad,0.96,2.08,2.08,2,245,0.01,64967.62,Matched,,64921.52169513,64968.50509390,46.09830487,YES,1,0.0832
1784890800,132,0xebc92fd1114bddcb9d45f6d6dc4f61079620b44d19f50c354ecbb3902592200f,YES,0xd03149df0d708b450544a37177f64c208e93597acb5a3410c4da52edfa25a702,0.99,2.02,2.02,2,240,0.00,64952.07,Matched,,64902.85596830,64951.56080077,49.21403170,YES,1,0.0202
1784893200,140,0xcab01526d7bec72588dcb1341dc37bcea68fbf3a9ac3dff28c0ca678c9e21ebc,NO,0xb51c285114bc1217a3f23e97f2a2c855dd32f9ed99318fbdfd309e07c98a8e4f,0.97,2.06,2.06,2,240,-0.03,64916.38,Matched,,64963.96596810,,-47.58596810,NO,1,0.0618
1784893500,141,0x2ba6e22cbfeff3d6172b952c50a2808086eaae9ead12b8184c7fc4179c57c16b,NO,0xe4fa9e8a4ed50d62e3a8af1ced6d832f7f6e6bbd2f947c75bae0dec737e3e458,0.99,2.02,2.02,2,272,0,64848.24,Matched,,64895.39750000,64882.90500000,-47.15750000,NO,1,0.0202
1784894700,145,0x64b9dcb215c3088854156e89235feb4430c1c4f3708f18b1d74c4fd06bb930b1,YES,0x6bff642acbb89a5016e9d82d561efa8bb826de7b42af16918707e1f2c26834bc,0.99,2.02,2.02,2,257,0.06,65004.9750,Matched,,64959.64882125,65028.60871507,45.32617875,YES,1,0.0202
1784895600,148,0x0942a106fb6f7d1dda224f205c35a4401ae13464c3e33af32c460a6cf9a6506b,YES,0x6f6ff5ad1f2c53429490e3d1f58a07114ea2cde05527235d3c79846dc111f9a6,0.99,2.02,2.02,2,240,0.00,65032.20,Matched,,64981.64000000,65063.78312914,50.56000000,YES,1,0.0202
1784895900,149,0xf22d0516faf66c891f4ee4afba37d725bfc7795e9a11fd4e58730272f21e7392,NO,0x68adbc5fdea04b4b90630ebec7cb18dd26e295ef9aec53096621c5422df2e7ea,0.99,2.02,2.02,2,240,0.00,64996.62,Matched,,65064.14017443,64972.11000000,-67.52017443,NO,1,0.0202
1784897700,155,0xedb53a0e1a4dee7c441a87a4d87902bb3ab5a49fed190f3ce31809df0354d6a8,NO,0x3cea192f4f9673406e8134f89614083223a98a5c37b88c787acc7cf0a4c19f93,0.99,2.02,2.02,2,240,0.00,64723.86,Matched,,64794.04325056,64719.64661994,-70.18325056,NO,1,0.0202
1784898000,156,0xb0715a1368bd9e4d38bca857727b3cd3bcd4bbc4c5d68c0033ff381592a998da,NO,0x8ae26f99ff9ed683243a7b8784b6d5abe9273e5e9a45657786841947686fcd53,0.99,2.02,2.02,2,240,0.00,64647.57,Matched,,64717.89500000,64652.10321416,-70.32500000,NO,1,0.0202
1784899200,160,0x44ed04469200fa969a32e2dc5b111ee4fc82f15a6105f73540c2d73abd23bb8f,NO,0xf3a694e062771e8f97e98043662d1090e62ac40b2d302df9a8ba9a92177e2c7d,0.97,2.06,0,2,246,0.04,64383.35,Matched,,64442.82500000,64335.13867002,-59.47500000,NO,1,0
1784899800,162,0xc7031bd8c2fba2210f04938eb5cc556882fe9e75e69f04a5cdac198fe3a05a40,NO,0x83e493fbe9224b18dcfc35691d75c13756f32b021fbcc96ed5f04b6ac9f3827a,0.98,2.04,2.04,2,240,0.02,64247.79,Matched,,64321.13270434,,-73.34270434,NO,1,0.0408
1784900400,164,0x684d0072c380243510f232db79813922d3a3708720c251d9df0635266d5651a2,YES,0x758fc10c20d51bd942a4ab2cc117f870bf78ca3d11f654b7d1d4b57bac0f7256,0.96,2.08,2.08,2,242,0.02,64301.63,Matched,,64228.86768036,64352.04000000,72.76231964,YES,1,0.0832
1784900700,165,0x202776db078ef3c2faa0cfb2f2dab8dd0ca1b11529d6eb5e6ba6722900856bff,NO,0xb24b7576c77af65fff653088e2421d0ca0671dc0f7eecff2ded4a473b07cd1cf,0.99,2.02,2.02,2,240,0.01,64245.5,Matched,,64352.60000000,64221.59000000,-107.10000000,NO,1,0.0202
1784901300,167,0xd5019b94594e2e1b5746fa4c2c1e3e282fad19b3bf78efa6167fd4d54286fb7c,YES,,0.98,2.04,0,2,240,0.02,64040.65,error,Status: error(400 Bad Request) making POST call to /order with {"error":"order 0x28cc8193d5d905ca25c7fdb0a297e4e0d40e69b898684c3a0120b6d1f6e61c00 is invalid. Size (2.04) lower than the minimum: 5"},63948.42000000,64062.28679120,92.23000000,YES,1,0
1784902800,172,0x1a6008674e069c68631c46a8996258530098096d95a412667a191a860e9b9a2d,NO,0x3de3b0489385f4f0af837fffb87e1bde92cc731ccd7c8dc4c6fcd2c47af6ea4a,0.99,2.02,0,2,240,0.01,63729.64,Matched,,63815.05090546,63732.32000000,-85.41090546,NO,1,0
1784903100,173,0x8aeae918f28c7c2005a055ca8061d73360fb4f7c9e459f50ff1dbbe8b759366c,YES,0xd92d3fb194c03e9a75e6381da622d495f5d91a14501bf7843ede65f39a8dc1e4,0.98,2.04,0,2,276,0.12,63777.6,Matched,,63732.32000000,63799.00766876,45.28000000,YES,1,0
1784903700,175,0x652839ba5500e52de0decdbf560b85ebc61c25dc1e83eca1a989ced84ed7aba5,YES,,0.96,2.08,0,2,256,0.04,63808.7,error,Status: error(400 Bad Request) making POST call to /order with {"error":"order 0x7eae8cf868cd28ff9cf76d14f94d86ee9e704c049b22676bf70dcf10dcd1d876 is invalid. Size (2.08) lower than the minimum: 5"},63759.76409051,63745.23784992,48.93590949,NO,0,0
1784904300,177,0xfbcf9c2692facda8585679ca558c22e56c5daec442141cbddbb8df3676d1f2e4,NO,0x3ab83de00b607eb955d83a44f27cd7b86df2046ae7933d1cfed17eaf7c9719ea,0.99,2.02,2.02,2,240,0.00,63688.3,Matched,,63762.17313257,63779.17624886,-73.87313257,YES,0,-1.9998
1784907000,186,0xa2dac467f10f61d767d7570f0457f8fcff60b9d2d39f547848014bf8ead991db,YES,0x84579461b1ef715000672a6b0ba9c4d7818d3752fe33b0e7d9c91595d0a0b394,0.96,2.08,0,2,246,0.08,64125.9,Matched,,64060.03000000,64128.59517773,65.87000000,YES,1,0
1784907300,187,0x7e915b23b7cfc17577675748cc0819e2b9c45bc6057f29fef805582b91b91e68,YES,0xf0c9ecadeae1b745dadf0c469b4e53076ea4704626337e10f90d3211a4acbf6b,0.96,2.08,2.08,2,240,-0.01,64196.77,Matched,,64127.78688351,,68.98311649,YES,1,0.0832
1784907600,188,0x372dd77acdbbb0f95da1a1013f3872ebd93c5ef1d3c4cfbd99674a7e5b018b5b,NO,0x7f3b0245e17031fcc0a51645189bfaeae512f24b794163c4658a1874fd5e160b,0.99,2.02,0,2,240,0.00,64130,Matched,,64213.9650,,-83.9650,NO,1,0
1784907900,189,0xf6e98d386be840a9eb7e66bbdc624ea6779e136aa8e9bd86538b9f0655b3c2aa,NO,0x260a33619984cb5a0ce8ec3f90fff2942f8218529b1950a76e993d96de920e7a,0.96,2.08,2.08,2,251,0.26,64049.81,Matched,,64103.45,64067.86500000,-53.64,NO,1,0.0832
1784908200,190,0xcff828cdee65cb1541babf9e8dca1c0359253cfcccd9e81a3b285299d376adcb,NO,0xc67a70bbdbfd30cc1a7c6443f7fd45acf658137a18406b44b9d71d1ffdf80ab5,0.96,2.08,2.08,2,263,0.03,64022.2050,Matched,,64067.86,64067.17082452,-45.6550,YES,0,-1.9968
1784909100,193,0x0063443bb831bf789275109e57437b6fab282f124f53ac1cca64513ed28c7a7e,YES,0x6534e39a70ec46889e4052253247e5e9ab34325f05826362a1eb6aac8ec6003e,0.98,2.04,2.04,2,261,0.02,64115.96,Matched,,64069.35514310,64088.78500000,46.60485690,YES,1,0.0408
1784910600,198,0xe0f7465e846e4f8dc28970cda312f131ea6b7dca034d1d519a9f199c790fe40d,NO,0x1d44eff15166aff26c438bbc9165509de780b91d424691592e97496f0b1ecd62,0.99,2.02,2.02,2,240,0.00,63960.4950,Matched,,64030.58537936,63973.18242074,-70.09037936,NO,1,0.0202
1784911200,200,0x3b5250b250585fd91de74a0650dcdbcc279eb7cae8859af8a5f78a24cfa9805f,NO,0x5359da8425cb314f8b4a7b8dd87b0cd6a2db1e56c2c7ef97df530bf850323762,0.98,2.04,2.04,2,241,0.03,63879.8450,Matched,,63925.64016971,63874.73500000,-45.79516971,NO,1,0.0408
1784912700,205,0x37e64eb1cb40b28f423e5b67e0339e87b2e2a0b46707077b8a24b42dc66cd851,NO,0x53fdb1028145963cc6daa7aebee5e3b762548497df0e46c53eb988c470178a1f,0.97,2.06,2.06,2,240,0.01,63882.22,Matched,,63938.52928782,63875.16777366,-56.30928782,NO,1,0.0618
1784918700,225,0xabebf7a3f08e19a2d3d483767b49607502285b13c28469ad7af84ae47cf9818a,YES,0xc75fef5583d74b18a11d8e8f6715bed0853ec789210c0785f640a60cb1e442fd,0.99,2.02,2.02,2,240,0.01,64169.1,Matched,,64112.79870875,64176.34862744,56.30129125,YES,1,0.0202
1784919000,226,0x0e1447fdba4839ad6af0ff88710187111a9df1b24ea7c906e22172ddfbc57ca6,YES,0xed5d0f7ab93d8ee21f05a5bc00a526054075fec8c29189555928ced650442118,0.98,2.04,2.04,2,240,0.00,64229.76,Matched,,64176.31009382,64218.73990978,53.44990618,YES,1,0.0408
1784919600,228,0xc585852d4c129a8c1ebc8dd320bd9490daefae0128609bd99521eb2953f2d44b,NO,0xd6073e251cd0323151e7fd8aae426acdfbd6c1ec1d0cf73ddb7ad318ae58906f,0.99,2.02,2.02,2,240,0.01,64162.18,Matched,,64210.31388878,,-48.13388878,NO,1,0.0202
1784920500,231,0xca90e75cca9784a446b449048e152d7243e81aeb88f80b708e4b1ab447090a85,YES,0x679ac3998fba3db762d3ef14a7f53960303a54cd3811328e011343bf8a39d0d3,0.97,2.06,2.06,2,250,0.02,64137.51,Matched,,64088.01833633,64128.84625933,49.49166367,YES,1,0.0618
1784921700,235,0xda3b2e5b572e50c33fc1eae8cfe4dddffc092b3e4ea29044c6e9721908595e25,YES,0x2d4742a9187146ccb89f447b79569a5ec4d3f869d3991b57da384d9dde004bec,0.99,2.02,2.02,2,256,0.02,64218.02,Matched,,64164.27174305,64197.30000000,53.74825695,YES,1,0.0202
1784922300,237,0xd74ec505fb55d3c4446d9eb48285da01ffbc932357070e835cce4062493f5e27,NO,,0.97,2.06,0,2,240,-0.01,64146.38,error,Status: error(400 Bad Request) making POST call to /order with {"error":"order 0x14ea32eb78725722ea8d4d910329696682fda68d3bd3843f813b2b57c12ab42a is invalid. Size (2.06) lower than the minimum: 5"},64192.75478384,64157.67336033,-46.37478384,NO,1,0
1784924400,244,0x11f4bf08b6d6676e0e369a3bdf0a3376adacdf3bc0d47868bae4a0ce710375b8,YES,0x174a096f511a0bcd1bcf0cffe7748fd2276cc57c900df9d104382dc623293b6a,0.99,2.02,2.02,2,245,0.01,64191.69,Matched,,64137.76177405,64191.75781790,53.92822595,YES,1,0.0202
1784925300,247,0xb590f6d719984010f96a23caf813a3babe22af3e722a9805d0e32cc7d79748bc,NO,0x797391ce0a10651503498b53ebefe1c4df6e811a7b703d0249ad7768fc25ece7,0.99,2.02,2.02,2,240,0.00,64091.3,Matched,,64142.91500000,64146.70000000,-51.61500000,YES,0,-1.9998
1784925900,249,0x605a9bd0d8319d6e2bafc4be48d29d885c561282c0b8239706655ff75ca16ba7,NO,0x0ec3882bb79d4a955a56285cf810ba4c36432391893cf4cc650bee2061319a88,0.99,2.02,2.02,2,269,0.01,64071.73,Matched,,64117.44817426,64086.26500000,-45.71817426,NO,1,0.0202
1784940000,8,0x8dec1b74cd72af0de74c5ac2ee174803f6bda2480740fff58ffa86486a861f30,NO,,0.96,2.08,0,2,285,0.05,64044.00,error,Status: error(400 Bad Request) making POST call to /order with {"error":"order 0x92a5d7b4996e098f22008fb5ef92d95f555fecb31375153452c8767ec9366b36 is invalid. Size (2.08) lower than the minimum: 5"},64095.73807535,64042.98267862,-51.73807535,NO,1,0
1784941500,13,0xc628bb501abe6bf8b43755539f1584556be057716e0ba57249f59c9683b787d6,NO,0x4f6b0e3f123e0a490c5996e86befd8347b67e869b3a711c6e6c2b4e6f97571d4,0.99,2.02,2.02,2,262,0.00,64021.1650,Matched,,64067.39000000,64006.94076561,-46.22500000,NO,1,0.0202
1784941800,14,0xcd118d91e536e6f654de03402a7eaab3fda07687b9111fd7b2383df1adc6d717,NO,0x81488075921a78bbef5118fa06fe6ca6bf857298e68e7a5258bb5d8d0e259624,0.99,2.02,2.02,2,240,0.00,63959.4950,Matched,,64006.68379939,63959.74644312,-47.18879939,NO,1,0.0202
1784942700,17,0x1930a8feaf8e4e5360ec4aff0a751c34c1bba3a4ecd5158af585c10900108a15,YES,0x9dc6aae516f9cabf0309f838a1121b7c1af71f811d811273060ebfa098031d56,0.99,2.02,2.02,2,240,0.00,64008.95,Matched,,63956.93000000,63992.00298375,52.02000000,YES,1,0.0202
1784960400,76,0x731be5966ba5518040707ebd2940808633d3296284a9d6eba5ce569ddfb9e29d,NO,,0.97,2.06,0,2,253,-0.02,63934.2,error,Status: error(400 Bad Request) making POST call to /order with {"error":"order 0x3af7200f9f4585fb98147783d5caaa36add5604e20cd271c7e429c0c2661e29e is invalid. Size (2.06) lower than the minimum: 5"},63979.60000000,63935.89669359,-45.40000000,NO,1,0
1784969100,105,0xc5bfb63ed252b6b0408df59bcdd9454da615737e06137ba09e0c5117bfeb0b09,NO,0x13231ecd6d8b2f2846f74c1fb844a24674a3293a40abb621005da714e5fe7f27,0.99,2.02,2.02,2,256,0.01,63851.13,Matched,,63897.6250,,-46.4950,NO,1,0.0202
1784969100,105,0xc5bfb63ed252b6b0408df59bcdd9454da615737e06137ba09e0c5117bfeb0b09,NO,0x13231ecd6d8b2f2846f74c1fb844a24674a3293a40abb621005da714e5fe7f27,0.99,2.02,2.02,2,256,0.01,63851.13,Matched,,63897.6250,63848.66250000,-46.4950,NO,1,0.0202
1784969100,105,0xc5bfb63ed252b6b0408df59bcdd9454da615737e06137ba09e0c5117bfeb0b09,NO,0x13231ecd6d8b2f2846f74c1fb844a24674a3293a40abb621005da714e5fe7f27,0.99,2.02,2.02,2,256,0.01,63851.13,Matched,,63897.6250,,-46.4950,NO,1,0.0202
1784969100,105,0xc5bfb63ed252b6b0408df59bcdd9454da615737e06137ba09e0c5117bfeb0b09,NO,0x13231ecd6d8b2f2846f74c1fb844a24674a3293a40abb621005da714e5fe7f27,0.99,2.02,2.02,2,256,0.01,63851.13,Matched,,63897.6250,,-46.4950,NO,1,0.0202
1784969100,105,0xc5bfb63ed252b6b0408df59bcdd9454da615737e06137ba09e0c5117bfeb0b09,NO,0x13231ecd6d8b2f2846f74c1fb844a24674a3293a40abb621005da714e5fe7f27,0.99,2.02,2.02,2,256,0.01,63851.13,Matched,,63897.6250,63848.66250000,-46.4950,NO,1,0.0202
1784969100,105,0xc5bfb63ed252b6b0408df59bcdd9454da615737e06137ba09e0c5117bfeb0b09,NO,0x13231ecd6d8b2f2846f74c1fb844a24674a3293a40abb621005da714e5fe7f27,0.99,2.02,2.02,2,256,0.01,63851.13,Matched,,63897.6250,,-46.4950,NO,1,0.0202
1784969100,105,0xc5bfb63ed252b6b0408df59bcdd9454da615737e06137ba09e0c5117bfeb0b09,NO,0x13231ecd6d8b2f2846f74c1fb844a24674a3293a40abb621005da714e5fe7f27,0.99,2.02,2.02,2,256,0.01,63851.13,Matched,,63897.6250,,-46.4950,NO,1,0.0202
1784969100,105,0xc5bfb63ed252b6b0408df59bcdd9454da615737e06137ba09e0c5117bfeb0b09,NO,0x13231ecd6d8b2f2846f74c1fb844a24674a3293a40abb621005da714e5fe7f27,0.99,2.02,2.02,2,256,0.01,63851.13,Matched,,63897.6250,,-46.4950,NO,1,0.0202
1784969100,105,0xc5bfb63ed252b6b0408df59bcdd9454da615737e06137ba09e0c5117bfeb0b09,NO,0x13231ecd6d8b2f2846f74c1fb844a24674a3293a40abb621005da714e5fe7f27,0.99,2.02,2.02,2,256,0.01,63851.13,Matched,,63897.6250,,-46.4950,NO,1,0.0202
1784969100,105,0xc5bfb63ed252b6b0408df59bcdd9454da615737e06137ba09e0c5117bfeb0b09,NO,0x13231ecd6d8b2f2846f74c1fb844a24674a3293a40abb621005da714e5fe7f27,0.99,2.02,2.02,2,256,0.01,63851.13,Matched,,63897.6250,,-46.4950,NO,1,0.0202
1784969100,105,0xc5bfb63ed252b6b0408df59bcdd9454da615737e06137ba09e0c5117bfeb0b09,NO,0x13231ecd6d8b2f2846f74c1fb844a24674a3293a40abb621005da714e5fe7f27,0.99,2.02,2.02,2,256,0.01,63851.13,Matched,,63897.6250,63810.00000000,-46.4950,NO,1,0.0202
1784969100,105,0xc5bfb63ed252b6b0408df59bcdd9454da615737e06137ba09e0c5117bfeb0b09,NO,0x13231ecd6d8b2f2846f74c1fb844a24674a3293a40abb621005da714e5fe7f27,0.99,2.02,2.02,2,256,0.01,63851.13,Matched,,63897.6250,,-46.4950,NO,1,0.0202
1784969100,105,0xc5bfb63ed252b6b0408df59bcdd9454da615737e06137ba09e0c5117bfeb0b09,NO,0x13231ecd6d8b2f2846f74c1fb844a24674a3293a40abb621005da714e5fe7f27,0.99,2.02,2.02,2,256,0.01,63851.13,Matched,,63897.6250,,-46.4950,NO,1,0.0202
1784969100,105,0xc5bfb63ed252b6b0408df59bcdd9454da615737e06137ba09e0c5117bfeb0b09,NO,0x13231ecd6d8b2f2846f74c1fb844a24674a3293a40abb621005da714e5fe7f27,0.99,2.02,2.02,2,256,0.01,63851.13,Matched,,63897.6250,63809.49095219,-46.4950,NO,1,0.0202
1784969100,105,0xc5bfb63ed252b6b0408df59bcdd9454da615737e06137ba09e0c5117bfeb0b09,NO,0x13231ecd6d8b2f2846f74c1fb844a24674a3293a40abb621005da714e5fe7f27,0.99,2.02,2.02,2,256,0.01,63851.13,Matched,,63897.6250,63848.66250000,-46.4950,NO,1,0.0202
1784969100,105,0xc5bfb63ed252b6b0408df59bcdd9454da615737e06137ba09e0c5117bfeb0b09,NO,0x13231ecd6d8b2f2846f74c1fb844a24674a3293a40abb621005da714e5fe7f27,0.99,2.02,2.02,2,256,0.01,63851.13,Matched,,63897.6250,,-46.4950,NO,1,0.0202
1784969100,105,0xc5bfb63ed252b6b0408df59bcdd9454da615737e06137ba09e0c5117bfeb0b09,NO,0x13231ecd6d8b2f2846f74c1fb844a24674a3293a40abb621005da714e5fe7f27,0.99,2.02,2.02,2,256,0.01,63851.13,Matched,,63897.6250,63809.14137080,-46.4950,NO,1,0.0202
1784969100,105,0xc5bfb63ed252b6b0408df59bcdd9454da615737e06137ba09e0c5117bfeb0b09,NO,0x13231ecd6d8b2f2846f74c1fb844a24674a3293a40abb621005da714e5fe7f27,0.99,2.02,2.02,2,256,0.01,63851.13,Matched,,63897.6250,,-46.4950,NO,1,0.0202
1784969100,105,0xc5bfb63ed252b6b0408df59bcdd9454da615737e06137ba09e0c5117bfeb0b09,NO,0x13231ecd6d8b2f2846f74c1fb844a24674a3293a40abb621005da714e5fe7f27,0.99,2.02,2.02,2,256,0.01,63851.13,Matched,,63897.6250,,-46.4950,NO,1,0.0202
1784969100,105,0xc5bfb63ed252b6b0408df59bcdd9454da615737e06137ba09e0c5117bfeb0b09,NO,0x13231ecd6d8b2f2846f74c1fb844a24674a3293a40abb621005da714e5fe7f27,0.99,2.02,2.02,2,256,0.01,63851.13,Matched,,63897.6250,,-46.4950,NO,1,0.0202
1784969100,105,0xc5bfb63ed252b6b0408df59bcdd9454da615737e06137ba09e0c5117bfeb0b09,NO,0x13231ecd6d8b2f2846f74c1fb844a24674a3293a40abb621005da714e5fe7f27,0.99,2.02,2.02,2,256,0.01,63851.13,Matched,,63897.6250,,-46.4950,NO,1,0.0202
1784969100,105,0xc5bfb63ed252b6b0408df59bcdd9454da615737e06137ba09e0c5117bfeb0b09,NO,0x13231ecd6d8b2f2846f74c1fb844a24674a3293a40abb621005da714e5fe7f27,0.99,2.02,2.02,2,256,0.01,63851.13,Matched,,63897.6250,63809.14137080,-46.4950,NO,1,0.0202
1784969100,105,0xc5bfb63ed252b6b0408df59bcdd9454da615737e06137ba09e0c5117bfeb0b09,NO,0x13231ecd6d8b2f2846f74c1fb844a24674a3293a40abb621005da714e5fe7f27,0.99,2.02,2.02,2,256,0.01,63851.13,Matched,,63897.6250,,-46.4950,NO,1,0.0202
1784969100,105,0xc5bfb63ed252b6b0408df59bcdd9454da615737e06137ba09e0c5117bfeb0b09,NO,0x13231ecd6d8b2f2846f74c1fb844a24674a3293a40abb621005da714e5fe7f27,0.99,2.02,2.02,2,256,0.01,63851.13,Matched,,63897.6250,,-46.4950,NO,1,0.0202
1784969100,105,0xc5bfb63ed252b6b0408df59bcdd9454da615737e06137ba09e0c5117bfeb0b09,NO,0x13231ecd6d8b2f2846f74c1fb844a24674a3293a40abb621005da714e5fe7f27,0.99,2.02,2.02,2,256,0.01,63851.13,Matched,,63897.6250,63848.66250000,-46.4950,NO,1,0.0202
1784969100,105,0xc5bfb63ed252b6b0408df59bcdd9454da615737e06137ba09e0c5117bfeb0b09,NO,0x13231ecd6d8b2f2846f74c1fb844a24674a3293a40abb621005da714e5fe7f27,0.99,2.02,2.02,2,256,0.01,63851.13,Matched,,63897.6250,,-46.4950,NO,1,0.0202
1784969100,105,0xc5bfb63ed252b6b0408df59bcdd9454da615737e06137ba09e0c5117bfeb0b09,NO,0x13231ecd6d8b2f2846f74c1fb844a24674a3293a40abb621005da714e5fe7f27,0.99,2.02,2.02,2,256,0.01,63851.13,Matched,,63897.6250,,-46.4950,NO,1,0.0202
1784969100,105,0xc5bfb63ed252b6b0408df59bcdd9454da615737e06137ba09e0c5117bfeb0b09,NO,0x13231ecd6d8b2f2846f74c1fb844a24674a3293a40abb621005da714e5fe7f27,0.99,2.02,2.02,2,256,0.01,63851.13,Matched,,63897.6250,,-46.4950,NO,1,0.0202
1784969100,105,0xc5bfb63ed252b6b0408df59bcdd9454da615737e06137ba09e0c5117bfeb0b09,NO,0x13231ecd6d8b2f2846f74c1fb844a24674a3293a40abb621005da714e5fe7f27,0.99,2.02,2.02,2,256,0.01,63851.13,Matched,,63897.6250,,-46.4950,NO,1,0.0202
1784969100,105,0xc5bfb63ed252b6b0408df59bcdd9454da615737e06137ba09e0c5117bfeb0b09,NO,0x13231ecd6d8b2f2846f74c1fb844a24674a3293a40abb621005da714e5fe7f27,0.99,2.02,2.02,2,256,0.01,63851.13,Matched,,63897.6250,,-46.4950,NO,1,0.0202
1784969100,105,0xc5bfb63ed252b6b0408df59bcdd9454da615737e06137ba09e0c5117bfeb0b09,NO,0x13231ecd6d8b2f2846f74c1fb844a24674a3293a40abb621005da714e5fe7f27,0.99,2.02,2.02,2,256,0.01,63851.13,Matched,,63897.6250,,-46.4950,NO,1,0.0202
1784969100,105,0xc5bfb63ed252b6b0408df59bcdd9454da615737e06137ba09e0c5117bfeb0b09,NO,0x13231ecd6d8b2f2846f74c1fb844a24674a3293a40abb621005da714e5fe7f27,0.99,2.02,2.02,2,256,0.01,63851.13,Matched,,63897.6250,,-46.4950,NO,1,0.0202
1784969100,105,0xc5bfb63ed252b6b0408df59bcdd9454da615737e06137ba09e0c5117bfeb0b09,NO,0x13231ecd6d8b2f2846f74c1fb844a24674a3293a40abb621005da714e5fe7f27,0.99,2.02,2.02,2,256,0.01,63851.13,Matched,,63897.6250,,-46.4950,NO,1,0.0202
1784969100,105,0xc5bfb63ed252b6b0408df59bcdd9454da615737e06137ba09e0c5117bfeb0b09,NO,0x13231ecd6d8b2f2846f74c1fb844a24674a3293a40abb621005da714e5fe7f27,0.99,2.02,2.02,2,256,0.01,63851.13,Matched,,63897.6250,63809.49095219,-46.4950,NO,1,0.0202
1784969100,105,0xc5bfb63ed252b6b0408df59bcdd9454da615737e06137ba09e0c5117bfeb0b09,NO,0x13231ecd6d8b2f2846f74c1fb844a24674a3293a40abb621005da714e5fe7f27,0.99,2.02,2.02,2,256,0.01,63851.13,Matched,,63897.6250,,-46.4950,NO,1,0.0202
1784969100,105,0xc5bfb63ed252b6b0408df59bcdd9454da615737e06137ba09e0c5117bfeb0b09,NO,0x13231ecd6d8b2f2846f74c1fb844a24674a3293a40abb621005da714e5fe7f27,0.99,2.02,2.02,2,256,0.01,63851.13,Matched,,63897.6250,,-46.4950,NO,1,0.0202
1784969100,105,0xc5bfb63ed252b6b0408df59bcdd9454da615737e06137ba09e0c5117bfeb0b09,NO,0x13231ecd6d8b2f2846f74c1fb844a24674a3293a40abb621005da714e5fe7f27,0.99,2.02,2.02,2,256,0.01,63851.13,Matched,,63897.6250,,-46.4950,NO,1,0.0202
1784969100,105,0xc5bfb63ed252b6b0408df59bcdd9454da615737e06137ba09e0c5117bfeb0b09,NO,0x13231ecd6d8b2f2846f74c1fb844a24674a3293a40abb621005da714e5fe7f27,0.99,2.02,2.02,2,256,0.01,63851.13,Matched,,63897.6250,,-46.4950,NO,1,0.0202
1784969100,105,0xc5bfb63ed252b6b0408df59bcdd9454da615737e06137ba09e0c5117bfeb0b09,NO,0x13231ecd6d8b2f2846f74c1fb844a24674a3293a40abb621005da714e5fe7f27,0.99,2.02,2.02,2,256,0.01,63851.13,Matched,,63897.6250,,-46.4950,NO,1,0.0202
1784969100,105,0xc5bfb63ed252b6b0408df59bcdd9454da615737e06137ba09e0c5117bfeb0b09,NO,0x13231ecd6d8b2f2846f74c1fb844a24674a3293a40abb621005da714e5fe7f27,0.99,2.02,2.02,2,256,0.01,63851.13,Matched,,63897.6250,63810.27000000,-46.4950,NO,1,0.0202
1784969100,105,0xc5bfb63ed252b6b0408df59bcdd9454da615737e06137ba09e0c5117bfeb0b09,NO,0x13231ecd6d8b2f2846f74c1fb844a24674a3293a40abb621005da714e5fe7f27,0.99,2.02,2.02,2,256,0.01,63851.13,Matched,,63897.6250,,-46.4950,NO,1,0.0202
1784969100,105,0xc5bfb63ed252b6b0408df59bcdd9454da615737e06137ba09e0c5117bfeb0b09,NO,0x13231ecd6d8b2f2846f74c1fb844a24674a3293a40abb621005da714e5fe7f27,0.99,2.02,2.02,2,256,0.01,63851.13,Matched,,63897.6250,63810.27000000,-46.4950,NO,1,0.0202
1784969100,105,0xc5bfb63ed252b6b0408df59bcdd9454da615737e06137ba09e0c5117bfeb0b09,NO,0x13231ecd6d8b2f2846f74c1fb844a24674a3293a40abb621005da714e5fe7f27,0.99,2.02,2.02,2,256,0.01,63851.13,Matched,,63897.6250,,-46.4950,NO,1,0.0202
1784969100,105,0xc5bfb63ed252b6b0408df59bcdd9454da615737e06137ba09e0c5117bfeb0b09,NO,0x13231ecd6d8b2f2846f74c1fb844a24674a3293a40abb621005da714e5fe7f27,0.99,2.02,2.02,2,256,0.01,63851.13,Matched,,63897.6250,63809.49095219,-46.4950,NO,1,0.0202
1784969100,105,0xc5bfb63ed252b6b0408df59bcdd9454da615737e06137ba09e0c5117bfeb0b09,NO,0x13231ecd6d8b2f2846f74c1fb844a24674a3293a40abb621005da714e5fe7f27,0.99,2.02,2.02,2,256,0.01,63851.13,Matched,,63897.6250,63810.00000000,-46.4950,NO,1,0.0202
1784969100,105,0xc5bfb63ed252b6b0408df59bcdd9454da615737e06137ba09e0c5117bfeb0b09,NO,0x13231ecd6d8b2f2846f74c1fb844a24674a3293a40abb621005da714e5fe7f27,0.99,2.02,2.02,2,256,0.01,63851.13,Matched,,63897.6250,,-46.4950,NO,1,0.0202
1784969100,105,0xc5bfb63ed252b6b0408df59bcdd9454da615737e06137ba09e0c5117bfeb0b09,NO,0x13231ecd6d8b2f2846f74c1fb844a24674a3293a40abb621005da714e5fe7f27,0.99,2.02,2.02,2,256,0.01,63851.13,Matched,,63897.6250,,-46.4950,NO,1,0.0202
1784969100,105,0xc5bfb63ed252b6b0408df59bcdd9454da615737e06137ba09e0c5117bfeb0b09,NO,0x13231ecd6d8b2f2846f74c1fb844a24674a3293a40abb621005da714e5fe7f27,0.99,2.02,2.02,2,256,0.01,63851.13,Matched,,63897.6250,,-46.4950,NO,1,0.0202
1784969100,105,0xc5bfb63ed252b6b0408df59bcdd9454da615737e06137ba09e0c5117bfeb0b09,NO,0x13231ecd6d8b2f2846f74c1fb844a24674a3293a40abb621005da714e5fe7f27,0.99,2.02,2.02,2,256,0.01,63851.13,Matched,,63897.6250,,-46.4950,NO,1,0.0202
1784969100,105,0xc5bfb63ed252b6b0408df59bcdd9454da615737e06137ba09e0c5117bfeb0b09,NO,0x13231ecd6d8b2f2846f74c1fb844a24674a3293a40abb621005da714e5fe7f27,0.99,2.02,2.02,2,256,0.01,63851.13,Matched,,63897.6250,,-46.4950,NO,1,0.0202
1784969100,105,0xc5bfb63ed252b6b0408df59bcdd9454da615737e06137ba09e0c5117bfeb0b09,NO,0x13231ecd6d8b2f2846f74c1fb844a24674a3293a40abb621005da714e5fe7f27,0.99,2.02,2.02,2,256,0.01,63851.13,Matched,,63897.6250,,-46.4950,NO,1,0.0202
1784969100,105,0xc5bfb63ed252b6b0408df59bcdd9454da615737e06137ba09e0c5117bfeb0b09,NO,0x13231ecd6d8b2f2846f74c1fb844a24674a3293a40abb621005da714e5fe7f27,0.99,2.02,2.02,2,256,0.01,63851.13,Matched,,63897.6250,63809.14137080,-46.4950,NO,1,0.0202
1784969100,105,0xc5bfb63ed252b6b0408df59bcdd9454da615737e06137ba09e0c5117bfeb0b09,NO,0x13231ecd6d8b2f2846f74c1fb844a24674a3293a40abb621005da714e5fe7f27,0.99,2.02,2.02,2,256,0.01,63851.13,Matched,,63897.6250,63809.49095219,-46.4950,NO,1,0.0202
1784969100,105,0xc5bfb63ed252b6b0408df59bcdd9454da615737e06137ba09e0c5117bfeb0b09,NO,0x13231ecd6d8b2f2846f74c1fb844a24674a3293a40abb621005da714e5fe7f27,0.99,2.02,2.02,2,256,0.01,63851.13,Matched,,63897.6250,,-46.4950,NO,1,0.0202
1784969100,105,0xc5bfb63ed252b6b0408df59bcdd9454da615737e06137ba09e0c5117bfeb0b09,NO,0x13231ecd6d8b2f2846f74c1fb844a24674a3293a40abb621005da714e5fe7f27,0.99,2.02,2.02,2,256,0.01,63851.13,Matched,,63897.6250,63848.66250000,-46.4950,NO,1,0.0202
1784969100,105,0xc5bfb63ed252b6b0408df59bcdd9454da615737e06137ba09e0c5117bfeb0b09,NO,0x13231ecd6d8b2f2846f74c1fb844a24674a3293a40abb621005da714e5fe7f27,0.99,2.02,2.02,2,256,0.01,63851.13,Matched,,63897.6250,,-46.4950,NO,1,0.0202
1784969100,105,0xc5bfb63ed252b6b0408df59bcdd9454da615737e06137ba09e0c5117bfeb0b09,NO,0x13231ecd6d8b2f2846f74c1fb844a24674a3293a40abb621005da714e5fe7f27,0.99,2.02,2.02,2,256,0.01,63851.13,Matched,,63897.6250,63848.66250000,-46.4950,NO,1,0.0202
1784969100,105,0xc5bfb63ed252b6b0408df59bcdd9454da615737e06137ba09e0c5117bfeb0b09,NO,0x13231ecd6d8b2f2846f74c1fb844a24674a3293a40abb621005da714e5fe7f27,0.99,2.02,2.02,2,256,0.01,63851.13,Matched,,63897.6250,,-46.4950,NO,1,0.0202
1784969100,105,0xc5bfb63ed252b6b0408df59bcdd9454da615737e06137ba09e0c5117bfeb0b09,NO,0x13231ecd6d8b2f2846f74c1fb844a24674a3293a40abb621005da714e5fe7f27,0.99,2.02,2.02,2,256,0.01,63851.13,Matched,,63897.6250,,-46.4950,NO,1,0.0202
1784969100,105,0xc5bfb63ed252b6b0408df59bcdd9454da615737e06137ba09e0c5117bfeb0b09,NO,0x13231ecd6d8b2f2846f74c1fb844a24674a3293a40abb621005da714e5fe7f27,0.99,2.02,2.02,2,256,0.01,63851.13,Matched,,63897.6250,,-46.4950,NO,1,0.0202
1784969100,105,0xc5bfb63ed252b6b0408df59bcdd9454da615737e06137ba09e0c5117bfeb0b09,NO,0x13231ecd6d8b2f2846f74c1fb844a24674a3293a40abb621005da714e5fe7f27,0.99,2.02,2.02,2,256,0.01,63851.13,Matched,,63897.6250,,-46.4950,NO,1,0.0202
1784969100,105,0xc5bfb63ed252b6b0408df59bcdd9454da615737e06137ba09e0c5117bfeb0b09,NO,0x13231ecd6d8b2f2846f74c1fb844a24674a3293a40abb621005da714e5fe7f27,0.99,2.02,2.02,2,256,0.01,63851.13,Matched,,63897.6250,,-46.4950,NO,1,0.0202
1784969100,105,0xc5bfb63ed252b6b0408df59bcdd9454da615737e06137ba09e0c5117bfeb0b09,NO,0x13231ecd6d8b2f2846f74c1fb844a24674a3293a40abb621005da714e5fe7f27,0.99,2.02,2.02,2,256,0.01,63851.13,Matched,,63897.6250,,-46.4950,NO,1,0.0202
1784969100,105,0xc5bfb63ed252b6b0408df59bcdd9454da615737e06137ba09e0c5117bfeb0b09,NO,0x13231ecd6d8b2f2846f74c1fb844a24674a3293a40abb621005da714e5fe7f27,0.99,2.02,2.02,2,256,0.01,63851.13,Matched,,63897.6250,63810.27000000,-46.4950,NO,1,0.0202
1784969100,105,0xc5bfb63ed252b6b0408df59bcdd9454da615737e06137ba09e0c5117bfeb0b09,NO,0x13231ecd6d8b2f2846f74c1fb844a24674a3293a40abb621005da714e5fe7f27,0.99,2.02,2.02,2,256,0.01,63851.13,Matched,,63897.6250,,-46.4950,NO,1,0.0202
1784969100,105,0xc5bfb63ed252b6b0408df59bcdd9454da615737e06137ba09e0c5117bfeb0b09,NO,0x13231ecd6d8b2f2846f74c1fb844a24674a3293a40abb621005da714e5fe7f27,0.99,2.02,2.02,2,256,0.01,63851.13,Matched,,63897.6250,,-46.4950,NO,1,0.0202
1784969100,105,0xc5bfb63ed252b6b0408df59bcdd9454da615737e06137ba09e0c5117bfeb0b09,NO,0x13231ecd6d8b2f2846f74c1fb844a24674a3293a40abb621005da714e5fe7f27,0.99,2.02,2.02,2,256,0.01,63851.13,Matched,,63897.6250,,-46.4950,NO,1,0.0202
1784969100,105,0xc5bfb63ed252b6b0408df59bcdd9454da615737e06137ba09e0c5117bfeb0b09,NO,0x13231ecd6d8b2f2846f74c1fb844a24674a3293a40abb621005da714e5fe7f27,0.99,2.02,2.02,2,256,0.01,63851.13,Matched,,63897.6250,63848.66250000,-46.4950,NO,1,0.0202
1784969100,105,0xc5bfb63ed252b6b0408df59bcdd9454da615737e06137ba09e0c5117bfeb0b09,NO,0x13231ecd6d8b2f2846f74c1fb844a24674a3293a40abb621005da714e5fe7f27,0.99,2.02,2.02,2,256,0.01,63851.13,Matched,,63897.6250,,-46.4950,NO,1,0.0202
1784969100,105,0xc5bfb63ed252b6b0408df59bcdd9454da615737e06137ba09e0c5117bfeb0b09,NO,0x13231ecd6d8b2f2846f74c1fb844a24674a3293a40abb621005da714e5fe7f27,0.99,2.02,2.02,2,256,0.01,63851.13,Matched,,63897.6250,,-46.4950,NO,1,0.0202
1784969100,105,0xc5bfb63ed252b6b0408df59bcdd9454da615737e06137ba09e0c5117bfeb0b09,NO,0x13231ecd6d8b2f2846f74c1fb844a24674a3293a40abb621005da714e5fe7f27,0.99,2.02,2.02,2,256,0.01,63851.13,Matched,,63897.6250,,-46.4950,NO,1,0.0202
1784969100,105,0xc5bfb63ed252b6b0408df59bcdd9454da615737e06137ba09e0c5117bfeb0b09,NO,0x13231ecd6d8b2f2846f74c1fb844a24674a3293a40abb621005da714e5fe7f27,0.99,2.02,2.02,2,256,0.01,63851.13,Matched,,63897.6250,,-46.4950,NO,1,0.0202
1784969100,105,0xc5bfb63ed252b6b0408df59bcdd9454da615737e06137ba09e0c5117bfeb0b09,NO,0x13231ecd6d8b2f2846f74c1fb844a24674a3293a40abb621005da714e5fe7f27,0.99,2.02,2.02,2,256,0.01,63851.13,Matched,,63897.6250,,-46.4950,NO,1,0.0202
1784969100,105,0xc5bfb63ed252b6b0408df59bcdd9454da615737e06137ba09e0c5117bfeb0b09,NO,0x13231ecd6d8b2f2846f74c1fb844a24674a3293a40abb621005da714e5fe7f27,0.99,2.02,2.02,2,256,0.01,63851.13,Matched,,63897.6250,,-46.4950,NO,1,0.0202
1784969100,105,0xc5bfb63ed252b6b0408df59bcdd9454da615737e06137ba09e0c5117bfeb0b09,NO,0x13231ecd6d8b2f2846f74c1fb844a24674a3293a40abb621005da714e5fe7f27,0.99,2.02,2.02,2,256,0.01,63851.13,Matched,,63897.6250,,-46.4950,NO,1,0.0202
1784969100,105,0xc5bfb63ed252b6b0408df59bcdd9454da615737e06137ba09e0c5117bfeb0b09,NO,0x13231ecd6d8b2f2846f74c1fb844a24674a3293a40abb621005da714e5fe7f27,0.99,2.02,2.02,2,256,0.01,63851.13,Matched,,63897.6250,,-46.4950,NO,1,0.0202
1784969100,105,0xc5bfb63ed252b6b0408df59bcdd9454da615737e06137ba09e0c5117bfeb0b09,NO,0x13231ecd6d8b2f2846f74c1fb844a24674a3293a40abb621005da714e5fe7f27,0.99,2.02,2.02,2,256,0.01,63851.13,Matched,,63897.6250,,-46.4950,NO,1,0.0202
1784969100,105,0xc5bfb63ed252b6b0408df59bcdd9454da615737e06137ba09e0c5117bfeb0b09,NO,0x13231ecd6d8b2f2846f74c1fb844a24674a3293a40abb621005da714e5fe7f27,0.99,2.02,2.02,2,256,0.01,63851.13,Matched,,63897.6250,,-46.4950,NO,1,0.0202
1784969100,105,0xc5bfb63ed252b6b0408df59bcdd9454da615737e06137ba09e0c5117bfeb0b09,NO,0x13231ecd6d8b2f2846f74c1fb844a24674a3293a40abb621005da714e5fe7f27,0.99,2.02,2.02,2,256,0.01,63851.13,Matched,,63897.6250,,-46.4950,NO,1,0.0202
1784969100,105,0xc5bfb63ed252b6b0408df59bcdd9454da615737e06137ba09e0c5117bfeb0b09,NO,0x13231ecd6d8b2f2846f74c1fb844a24674a3293a40abb621005da714e5fe7f27,0.99,2.02,2.02,2,256,0.01,63851.13,Matched,,63897.6250,63809.49095219,-46.4950,NO,1,0.0202
1784969100,105,0xc5bfb63ed252b6b0408df59bcdd9454da615737e06137ba09e0c5117bfeb0b09,NO,0x13231ecd6d8b2f2846f74c1fb844a24674a3293a40abb621005da714e5fe7f27,0.99,2.02,2.02,2,256,0.01,63851.13,Matched,,63897.6250,,-46.4950,NO,1,0.0202
1784969100,105,0xc5bfb63ed252b6b0408df59bcdd9454da615737e06137ba09e0c5117bfeb0b09,NO,0x13231ecd6d8b2f2846f74c1fb844a24674a3293a40abb621005da714e5fe7f27,0.99,2.02,2.02,2,256,0.01,63851.13,Matched,,63897.6250,,-46.4950,NO,1,0.0202
1784969100,105,0xc5bfb63ed252b6b0408df59bcdd9454da615737e06137ba09e0c5117bfeb0b09,NO,0x13231ecd6d8b2f2846f74c1fb844a24674a3293a40abb621005da714e5fe7f27,0.99,2.02,2.02,2,256,0.01,63851.13,Matched,,63897.6250,,-46.4950,NO,1,0.0202
1784969100,105,0xc5bfb63ed252b6b0408df59bcdd9454da615737e06137ba09e0c5117bfeb0b09,NO,0x13231ecd6d8b2f2846f74c1fb844a24674a3293a40abb621005da714e5fe7f27,0.99,2.02,2.02,2,256,0.01,63851.13,Matched,,63897.6250,,-46.4950,NO,1,0.0202
1784969100,105,0xc5bfb63ed252b6b0408df59bcdd9454da615737e06137ba09e0c5117bfeb0b09,NO,0x13231ecd6d8b2f2846f74c1fb844a24674a3293a40abb621005da714e5fe7f27,0.99,2.02,2.02,2,256,0.01,63851.13,Matched,,63897.6250,,-46.4950,NO,1,0.0202
1784969100,105,0xc5bfb63ed252b6b0408df59bcdd9454da615737e06137ba09e0c5117bfeb0b09,NO,0x13231ecd6d8b2f2846f74c1fb844a24674a3293a40abb621005da714e5fe7f27,0.99,2.02,2.02,2,256,0.01,63851.13,Matched,,63897.6250,,-46.4950,NO,1,0.0202
1784969100,105,0xc5bfb63ed252b6b0408df59bcdd9454da615737e06137ba09e0c5117bfeb0b09,NO,0x13231ecd6d8b2f2846f74c1fb844a24674a3293a40abb621005da714e5fe7f27,0.99,2.02,2.02,2,256,0.01,63851.13,Matched,,63897.6250,,-46.4950,NO,1,0.0202
1784969100,105,0xc5bfb63ed252b6b0408df59bcdd9454da615737e06137ba09e0c5117bfeb0b09,NO,0x13231ecd6d8b2f2846f74c1fb844a24674a3293a40abb621005da714e5fe7f27,0.99,2.02,2.02,2,256,0.01,63851.13,Matched,,63897.6250,,-46.4950,NO,1,0.0202
1784969100,105,0xc5bfb63ed252b6b0408df59bcdd9454da615737e06137ba09e0c5117bfeb0b09,NO,0x13231ecd6d8b2f2846f74c1fb844a24674a3293a40abb621005da714e5fe7f27,0.99,2.02,2.02,2,256,0.01,63851.13,Matched,,63897.6250,63809.49095219,-46.4950,NO,1,0.0202
1784969100,105,0xc5bfb63ed252b6b0408df59bcdd9454da615737e06137ba09e0c5117bfeb0b09,NO,0x13231ecd6d8b2f2846f74c1fb844a24674a3293a40abb621005da714e5fe7f27,0.99,2.02,2.02,2,256,0.01,63851.13,Matched,,63897.6250,,-46.4950,NO,1,0.0202
1784969100,105,0xc5bfb63ed252b6b0408df59bcdd9454da615737e06137ba09e0c5117bfeb0b09,NO,0x13231ecd6d8b2f2846f74c1fb844a24674a3293a40abb621005da714e5fe7f27,0.99,2.02,2.02,2,256,0.01,63851.13,Matched,,63897.6250,63810.27000000,-46.4950,NO,1,0.0202
1784969100,105,0xc5bfb63ed252b6b0408df59bcdd9454da615737e06137ba09e0c5117bfeb0b09,NO,0x13231ecd6d8b2f2846f74c1fb844a24674a3293a40abb621005da714e5fe7f27,0.99,2.02,2.02,2,256,0.01,63851.13,Matched,,63897.6250,,-46.4950,NO,1,0.0202
1784969100,105,0xc5bfb63ed252b6b0408df59bcdd9454da615737e06137ba09e0c5117bfeb0b09,NO,0x13231ecd6d8b2f2846f74c1fb844a24674a3293a40abb621005da714e5fe7f27,0.99,2.02,2.02,2,256,0.01,63851.13,Matched,,63897.6250,,-46.4950,NO,1,0.0202
1784969100,105,0xc5bfb63ed252b6b0408df59bcdd9454da615737e06137ba09e0c5117bfeb0b09,NO,0x13231ecd6d8b2f2846f74c1fb844a24674a3293a40abb621005da714e5fe7f27,0.99,2.02,2.02,2,256,0.01,63851.13,Matched,,63897.6250,,-46.4950,NO,1,0.0202
1784969100,105,0xc5bfb63ed252b6b0408df59bcdd9454da615737e06137ba09e0c5117bfeb0b09,NO,0x13231ecd6d8b2f2846f74c1fb844a24674a3293a40abb621005da714e5fe7f27,0.99,2.02,2.02,2,256,0.01,63851.13,Matched,,63897.6250,,-46.4950,NO,1,0.0202
1784969100,105,0xc5bfb63ed252b6b0408df59bcdd9454da615737e06137ba09e0c5117bfeb0b09,NO,0x13231ecd6d8b2f2846f74c1fb844a24674a3293a40abb621005da714e5fe7f27,0.99,2.02,2.02,2,256,0.01,63851.13,Matched,,63897.6250,,-46.4950,NO,1,0.0202
1784969100,105,0xc5bfb63ed252b6b0408df59bcdd9454da615737e06137ba09e0c5117bfeb0b09,NO,0x13231ecd6d8b2f2846f74c1fb844a24674a3293a40abb621005da714e5fe7f27,0.99,2.02,2.02,2,256,0.01,63851.13,Matched,,63897.6250,63809.49095219,-46.4950,NO,1,0.0202
1784969100,105,0xc5bfb63ed252b6b0408df59bcdd9454da615737e06137ba09e0c5117bfeb0b09,NO,0x13231ecd6d8b2f2846f74c1fb844a24674a3293a40abb621005da714e5fe7f27,0.99,2.02,2.02,2,256,0.01,63851.13,Matched,,63897.6250,,-46.4950,NO,1,0.0202
1784969100,105,0xc5bfb63ed252b6b0408df59bcdd9454da615737e06137ba09e0c5117bfeb0b09,NO,0x13231ecd6d8b2f2846f74c1fb844a24674a3293a40abb621005da714e5fe7f27,0.99,2.02,2.02,2,256,0.01,63851.13,Matched,,63897.6250,,-46.4950,NO,1,0.0202
1784969100,105,0xc5bfb63ed252b6b0408df59bcdd9454da615737e06137ba09e0c5117bfeb0b09,NO,0x13231ecd6d8b2f2846f74c1fb844a24674a3293a40abb621005da714e5fe7f27,0.99,2.02,2.02,2,256,0.01,63851.13,Matched,,63897.6250,,-46.4950,NO,1,0.0202
1784969100,105,0xc5bfb63ed252b6b0408df59bcdd9454da615737e06137ba09e0c5117bfeb0b09,NO,0x13231ecd6d8b2f2846f74c1fb844a24674a3293a40abb621005da714e5fe7f27,0.99,2.02,2.02,2,256,0.01,63851.13,Matched,,63897.6250,,-46.4950,NO,1,0.0202
1784969100,105,0xc5bfb63ed252b6b0408df59bcdd9454da615737e06137ba09e0c5117bfeb0b09,NO,0x13231ecd6d8b2f2846f74c1fb844a24674a3293a40abb621005da714e5fe7f27,0.99,2.02,2.02,2,256,0.01,63851.13,Matched,,63897.6250,,-46.4950,NO,1,0.0202
1784969100,105,0xc5bfb63ed252b6b0408df59bcdd9454da615737e06137ba09e0c5117bfeb0b09,NO,0x13231ecd6d8b2f2846f74c1fb844a24674a3293a40abb621005da714e5fe7f27,0.99,2.02,2.02,2,256,0.01,63851.13,Matched,,63897.6250,,-46.4950,NO,1,0.0202
1784969100,105,0xc5bfb63ed252b6b0408df59bcdd9454da615737e06137ba09e0c5117bfeb0b09,NO,0x13231ecd6d8b2f2846f74c1fb844a24674a3293a40abb621005da714e5fe7f27,0.99,2.02,2.02,2,256,0.01,63851.13,Matched,,63897.6250,,-46.4950,NO,1,0.0202
1784969100,105,0xc5bfb63ed252b6b0408df59bcdd9454da615737e06137ba09e0c5117bfeb0b09,NO,0x13231ecd6d8b2f2846f74c1fb844a24674a3293a40abb621005da714e5fe7f27,0.99,2.02,2.02,2,256,0.01,63851.13,Matched,,63897.6250,,-46.4950,NO,1,0.0202
1784969100,105,0xc5bfb63ed252b6b0408df59bcdd9454da615737e06137ba09e0c5117bfeb0b09,NO,0x13231ecd6d8b2f2846f74c1fb844a24674a3293a40abb621005da714e5fe7f27,0.99,2.02,2.02,2,256,0.01,63851.13,Matched,,63897.6250,,-46.4950,NO,1,0.0202
1784969100,105,0xc5bfb63ed252b6b0408df59bcdd9454da615737e06137ba09e0c5117bfeb0b09,NO,0x13231ecd6d8b2f2846f74c1fb844a24674a3293a40abb621005da714e5fe7f27,0.99,2.02,2.02,2,256,0.01,63851.13,Matched,,63897.6250,,-46.4950,NO,1,0.0202
1784969100,105,0xc5bfb63ed252b6b0408df59bcdd9454da615737e06137ba09e0c5117bfeb0b09,NO,0x13231ecd6d8b2f2846f74c1fb844a24674a3293a40abb621005da714e5fe7f27,0.99,2.02,2.02,2,256,0.01,63851.13,Matched,,63897.6250,,-46.4950,NO,1,0.0202
1784969100,105,0xc5bfb63ed252b6b0408df59bcdd9454da615737e06137ba09e0c5117bfeb0b09,NO,0x13231ecd6d8b2f2846f74c1fb844a24674a3293a40abb621005da714e5fe7f27,0.99,2.02,2.02,2,256,0.01,63851.13,Matched,,63897.6250,,-46.4950,NO,1,0.0202
1784969100,105,0xc5bfb63ed252b6b0408df59bcdd9454da615737e06137ba09e0c5117bfeb0b09,NO,0x13231ecd6d8b2f2846f74c1fb844a24674a3293a40abb621005da714e5fe7f27,0.99,2.02,2.02,2,256,0.01,63851.13,Matched,,63897.6250,,-46.4950,NO,1,0.0202
1784969100,105,0xc5bfb63ed252b6b0408df59bcdd9454da615737e06137ba09e0c5117bfeb0b09,NO,0x13231ecd6d8b2f2846f74c1fb844a24674a3293a40abb621005da714e5fe7f27,0.99,2.02,2.02,2,256,0.01,63851.13,Matched,,63897.6250,,-46.4950,NO,1,0.0202
1784969100,105,0xc5bfb63ed252b6b0408df59bcdd9454da615737e06137ba09e0c5117bfeb0b09,NO,0x13231ecd6d8b2f2846f74c1fb844a24674a3293a40abb621005da714e5fe7f27,0.99,2.02,2.02,2,256,0.01,63851.13,Matched,,63897.6250,,-46.4950,NO,1,0.0202
1784969100,105,0xc5bfb63ed252b6b0408df59bcdd9454da615737e06137ba09e0c5117bfeb0b09,NO,0x13231ecd6d8b2f2846f74c1fb844a24674a3293a40abb621005da714e5fe7f27,0.99,2.02,2.02,2,256,0.01,63851.13,Matched,,63897.6250,,-46.4950,NO,1,0.0202
1784969100,105,0xc5bfb63ed252b6b0408df59bcdd9454da615737e06137ba09e0c5117bfeb0b09,NO,0x13231ecd6d8b2f2846f74c1fb844a24674a3293a40abb621005da714e5fe7f27,0.99,2.02,2.02,2,256,0.01,63851.13,Matched,,63897.6250,,-46.4950,NO,1,0.0202
1784969100,105,0xc5bfb63ed252b6b0408df59bcdd9454da615737e06137ba09e0c5117bfeb0b09,NO,0x13231ecd6d8b2f2846f74c1fb844a24674a3293a40abb621005da714e5fe7f27,0.99,2.02,2.02,2,256,0.01,63851.13,Matched,,63897.6250,,-46.4950,NO,1,0.0202
1784969100,105,0xc5bfb63ed252b6b0408df59bcdd9454da615737e06137ba09e0c5117bfeb0b09,NO,0x13231ecd6d8b2f2846f74c1fb844a24674a3293a40abb621005da714e5fe7f27,0.99,2.02,2.02,2,256,0.01,63851.13,Matched,,63897.6250,,-46.4950,NO,1,0.0202
1784969100,105,0xc5bfb63ed252b6b0408df59bcdd9454da615737e06137ba09e0c5117bfeb0b09,NO,0x13231ecd6d8b2f2846f74c1fb844a24674a3293a40abb621005da714e5fe7f27,0.99,2.02,2.02,2,256,0.01,63851.13,Matched,,63897.6250,,-46.4950,NO,1,0.0202
1784969100,105,0xc5bfb63ed252b6b0408df59bcdd9454da615737e06137ba09e0c5117bfeb0b09,NO,0x13231ecd6d8b2f2846f74c1fb844a24674a3293a40abb621005da714e5fe7f27,0.99,2.02,2.02,2,256,0.01,63851.13,Matched,,63897.6250,,-46.4950,NO,1,0.0202
1784969100,105,0xc5bfb63ed252b6b0408df59bcdd9454da615737e06137ba09e0c5117bfeb0b09,NO,0x13231ecd6d8b2f2846f74c1fb844a24674a3293a40abb621005da714e5fe7f27,0.99,2.02,2.02,2,256,0.01,63851.13,Matched,,63897.6250,,-46.4950,NO,1,0.0202
1784969100,105,0xc5bfb63ed252b6b0408df59bcdd9454da615737e06137ba09e0c5117bfeb0b09,NO,0x13231ecd6d8b2f2846f74c1fb844a24674a3293a40abb621005da714e5fe7f27,0.99,2.02,2.02,2,256,0.01,63851.13,Matched,,63897.6250,63848.66250000,-46.4950,NO,1,0.0202
1784969100,105,0xc5bfb63ed252b6b0408df59bcdd9454da615737e06137ba09e0c5117bfeb0b09,NO,0x13231ecd6d8b2f2846f74c1fb844a24674a3293a40abb621005da714e5fe7f27,0.99,2.02,2.02,2,256,0.01,63851.13,Matched,,63897.6250,,-46.4950,NO,1,0.0202
1784969100,105,0xc5bfb63ed252b6b0408df59bcdd9454da615737e06137ba09e0c5117bfeb0b09,NO,0x13231ecd6d8b2f2846f74c1fb844a24674a3293a40abb621005da714e5fe7f27,0.99,2.02,2.02,2,256,0.01,63851.13,Matched,,63897.6250,,-46.4950,NO,1,0.0202
1784969100,105,0xc5bfb63ed252b6b0408df59bcdd9454da615737e06137ba09e0c5117bfeb0b09,NO,0x13231ecd6d8b2f2846f74c1fb844a24674a3293a40abb621005da714e5fe7f27,0.99,2.02,2.02,2,256,0.01,63851.13,Matched,,63897.6250,,-46.4950,NO,1,0.0202
1784969100,105,0xc5bfb63ed252b6b0408df59bcdd9454da615737e06137ba09e0c5117bfeb0b09,NO,0x13231ecd6d8b2f2846f74c1fb844a24674a3293a40abb621005da714e5fe7f27,0.99,2.02,2.02,2,256,0.01,63851.13,Matched,,63897.6250,,-46.4950,NO,1,0.0202
1784969100,105,0xc5bfb63ed252b6b0408df59bcdd9454da615737e06137ba09e0c5117bfeb0b09,NO,0x13231ecd6d8b2f2846f74c1fb844a24674a3293a40abb621005da714e5fe7f27,0.99,2.02,2.02,2,256,0.01,63851.13,Matched,,63897.6250,,-46.4950,NO,1,0.0202
1784969100,105,0xc5bfb63ed252b6b0408df59bcdd9454da615737e06137ba09e0c5117bfeb0b09,NO,0x13231ecd6d8b2f2846f74c1fb844a24674a3293a40abb621005da714e5fe7f27,0.99,2.02,2.02,2,256,0.01,63851.13,Matched,,63897.6250,63809.14137080,-46.4950,NO,1,0.0202
1784969100,105,0xc5bfb63ed252b6b0408df59bcdd9454da615737e06137ba09e0c5117bfeb0b09,NO,0x13231ecd6d8b2f2846f74c1fb844a24674a3293a40abb621005da714e5fe7f27,0.99,2.02,2.02,2,256,0.01,63851.13,Matched,,63897.6250,,-46.4950,NO,1,0.0202
1784969100,105,0xc5bfb63ed252b6b0408df59bcdd9454da615737e06137ba09e0c5117bfeb0b09,NO,0x13231ecd6d8b2f2846f74c1fb844a24674a3293a40abb621005da714e5fe7f27,0.99,2.02,2.02,2,256,0.01,63851.13,Matched,,63897.6250,,-46.4950,NO,1,0.0202
1784969100,105,0xc5bfb63ed252b6b0408df59bcdd9454da615737e06137ba09e0c5117bfeb0b09,NO,0x13231ecd6d8b2f2846f74c1fb844a24674a3293a40abb621005da714e5fe7f27,0.99,2.02,2.02,2,256,0.01,63851.13,Matched,,63897.6250,,-46.4950,NO,1,0.0202
1784969100,105,0xc5bfb63ed252b6b0408df59bcdd9454da615737e06137ba09e0c5117bfeb0b09,NO,0x13231ecd6d8b2f2846f74c1fb844a24674a3293a40abb621005da714e5fe7f27,0.99,2.02,2.02,2,256,0.01,63851.13,Matched,,63897.6250,,-46.4950,NO,1,0.0202
1784969100,105,0xc5bfb63ed252b6b0408df59bcdd9454da615737e06137ba09e0c5117bfeb0b09,NO,0x13231ecd6d8b2f2846f74c1fb844a24674a3293a40abb621005da714e5fe7f27,0.99,2.02,2.02,2,256,0.01,63851.13,Matched,,63897.6250,,-46.4950,NO,1,0.0202
1784969100,105,0xc5bfb63ed252b6b0408df59bcdd9454da615737e06137ba09e0c5117bfeb0b09,NO,0x13231ecd6d8b2f2846f74c1fb844a24674a3293a40abb621005da714e5fe7f27,0.99,2.02,2.02,2,256,0.01,63851.13,Matched,,63897.6250,,-46.4950,NO,1,0.0202
1784969100,105,0xc5bfb63ed252b6b0408df59bcdd9454da615737e06137ba09e0c5117bfeb0b09,NO,0x13231ecd6d8b2f2846f74c1fb844a24674a3293a40abb621005da714e5fe7f27,0.99,2.02,2.02,2,256,0.01,63851.13,Matched,,63897.6250,63810.27000000,-46.4950,NO,1,0.0202
1784969100,105,0xc5bfb63ed252b6b0408df59bcdd9454da615737e06137ba09e0c5117bfeb0b09,NO,0x13231ecd6d8b2f2846f74c1fb844a24674a3293a40abb621005da714e5fe7f27,0.99,2.02,2.02,2,256,0.01,63851.13,Matched,,63897.6250,,-46.4950,NO,1,0.0202
1784969100,105,0xc5bfb63ed252b6b0408df59bcdd9454da615737e06137ba09e0c5117bfeb0b09,NO,0x13231ecd6d8b2f2846f74c1fb844a24674a3293a40abb621005da714e5fe7f27,0.99,2.02,2.02,2,256,0.01,63851.13,Matched,,63897.6250,,-46.4950,NO,1,0.0202
1784969100,105,0xc5bfb63ed252b6b0408df59bcdd9454da615737e06137ba09e0c5117bfeb0b09,NO,0x13231ecd6d8b2f2846f74c1fb844a24674a3293a40abb621005da714e5fe7f27,0.99,2.02,2.02,2,256,0.01,63851.13,Matched,,63897.6250,,-46.4950,NO,1,0.0202
1784969100,105,0xc5bfb63ed252b6b0408df59bcdd9454da615737e06137ba09e0c5117bfeb0b09,NO,0x13231ecd6d8b2f2846f74c1fb844a24674a3293a40abb621005da714e5fe7f27,0.99,2.02,2.02,2,256,0.01,63851.13,Matched,,63897.6250,63810.00000000,-46.4950,NO,1,0.0202
1784969100,105,0xc5bfb63ed252b6b0408df59bcdd9454da615737e06137ba09e0c5117bfeb0b09,NO,0x13231ecd6d8b2f2846f74c1fb844a24674a3293a40abb621005da714e5fe7f27,0.99,2.02,2.02,2,256,0.01,63851.13,Matched,,63897.6250,,-46.4950,NO,1,0.0202
1784969100,105,0xc5bfb63ed252b6b0408df59bcdd9454da615737e06137ba09e0c5117bfeb0b09,NO,0x13231ecd6d8b2f2846f74c1fb844a24674a3293a40abb621005da714e5fe7f27,0.99,2.02,2.02,2,256,0.01,63851.13,Matched,,63897.6250,,-46.4950,NO,1,0.0202
1784969100,105,0xc5bfb63ed252b6b0408df59bcdd9454da615737e06137ba09e0c5117bfeb0b09,NO,0x13231ecd6d8b2f2846f74c1fb844a24674a3293a40abb621005da714e5fe7f27,0.99,2.02,2.02,2,256,0.01,63851.13,Matched,,63897.6250,63809.49095219,-46.4950,NO,1,0.0202
1784969100,105,0xc5bfb63ed252b6b0408df59bcdd9454da615737e06137ba09e0c5117bfeb0b09,NO,0x13231ecd6d8b2f2846f74c1fb844a24674a3293a40abb621005da714e5fe7f27,0.99,2.02,2.02,2,256,0.01,63851.13,Matched,,63897.6250,,-46.4950,NO,1,0.0202
1784969100,105,0xc5bfb63ed252b6b0408df59bcdd9454da615737e06137ba09e0c5117bfeb0b09,NO,0x13231ecd6d8b2f2846f74c1fb844a24674a3293a40abb621005da714e5fe7f27,0.99,2.02,2.02,2,256,0.01,63851.13,Matched,,63897.6250,,-46.4950,NO,1,0.0202
1784969100,105,0xc5bfb63ed252b6b0408df59bcdd9454da615737e06137ba09e0c5117bfeb0b09,NO,0x13231ecd6d8b2f2846f74c1fb844a24674a3293a40abb621005da714e5fe7f27,0.99,2.02,2.02,2,256,0.01,63851.13,Matched,,63897.6250,,-46.4950,NO,1,0.0202
1784969100,105,0xc5bfb63ed252b6b0408df59bcdd9454da615737e06137ba09e0c5117bfeb0b09,NO,0x13231ecd6d8b2f2846f74c1fb844a24674a3293a40abb621005da714e5fe7f27,0.99,2.02,2.02,2,256,0.01,63851.13,Matched,,63897.6250,,-46.4950,NO,1,0.0202
1784969100,105,0xc5bfb63ed252b6b0408df59bcdd9454da615737e06137ba09e0c5117bfeb0b09,NO,0x13231ecd6d8b2f2846f74c1fb844a24674a3293a40abb621005da714e5fe7f27,0.99,2.02,2.02,2,256,0.01,63851.13,Matched,,63897.6250,,-46.4950,NO,1,0.0202
1784969100,105,0xc5bfb63ed252b6b0408df59bcdd9454da615737e06137ba09e0c5117bfeb0b09,NO,0x13231ecd6d8b2f2846f74c1fb844a24674a3293a40abb621005da714e5fe7f27,0.99,2.02,2.02,2,256,0.01,63851.13,Matched,,63897.6250,,-46.4950,NO,1,0.0202
1784969100,105,0xc5bfb63ed252b6b0408df59bcdd9454da615737e06137ba09e0c5117bfeb0b09,NO,0x13231ecd6d8b2f2846f74c1fb844a24674a3293a40abb621005da714e5fe7f27,0.99,2.02,2.02,2,256,0.01,63851.13,Matched,,63897.6250,,-46.4950,NO,1,0.0202
1784969100,105,0xc5bfb63ed252b6b0408df59bcdd9454da615737e06137ba09e0c5117bfeb0b09,NO,0x13231ecd6d8b2f2846f74c1fb844a24674a3293a40abb621005da714e5fe7f27,0.99,2.02,2.02,2,256,0.01,63851.13,Matched,,63897.6250,,-46.4950,NO,1,0.0202
1784969100,105,0xc5bfb63ed252b6b0408df59bcdd9454da615737e06137ba09e0c5117bfeb0b09,NO,0x13231ecd6d8b2f2846f74c1fb844a24674a3293a40abb621005da714e5fe7f27,0.99,2.02,2.02,2,256,0.01,63851.13,Matched,,63897.6250,,-46.4950,NO,1,0.0202
1784969100,105,0xc5bfb63ed252b6b0408df59bcdd9454da615737e06137ba09e0c5117bfeb0b09,NO,0x13231ecd6d8b2f2846f74c1fb844a24674a3293a40abb621005da714e5fe7f27,0.99,2.02,2.02,2,256,0.01,63851.13,Matched,,63897.6250,,-46.4950,NO,1,0.0202
1784969100,105,0xc5bfb63ed252b6b0408df59bcdd9454da615737e06137ba09e0c5117bfeb0b09,NO,0x13231ecd6d8b2f2846f74c1fb844a24674a3293a40abb621005da714e5fe7f27,0.99,2.02,2.02,2,256,0.01,63851.13,Matched,,63897.6250,,-46.4950,NO,1,0.0202
1784969100,105,0xc5bfb63ed252b6b0408df59bcdd9454da615737e06137ba09e0c5117bfeb0b09,NO,0x13231ecd6d8b2f2846f74c1fb844a24674a3293a40abb621005da714e5fe7f27,0.99,2.02,2.02,2,256,0.01,63851.13,Matched,,63897.6250,63810.00000000,-46.4950,NO,1,0.0202
1784969100,105,0xc5bfb63ed252b6b0408df59bcdd9454da615737e06137ba09e0c5117bfeb0b09,NO,0x13231ecd6d8b2f2846f74c1fb844a24674a3293a40abb621005da714e5fe7f27,0.99,2.02,2.02,2,256,0.01,63851.13,Matched,,63897.6250,,-46.4950,NO,1,0.0202
1784969100,105,0xc5bfb63ed252b6b0408df59bcdd9454da615737e06137ba09e0c5117bfeb0b09,NO,0x13231ecd6d8b2f2846f74c1fb844a24674a3293a40abb621005da714e5fe7f27,0.99,2.02,2.02,2,256,0.01,63851.13,Matched,,63897.6250,,-46.4950,NO,1,0.0202
1784969100,105,0xc5bfb63ed252b6b0408df59bcdd9454da615737e06137ba09e0c5117bfeb0b09,NO,0x13231ecd6d8b2f2846f74c1fb844a24674a3293a40abb621005da714e5fe7f27,0.99,2.02,2.02,2,256,0.01,63851.13,Matched,,63897.6250,,-46.4950,NO,1,0.0202
1784969100,105,0xc5bfb63ed252b6b0408df59bcdd9454da615737e06137ba09e0c5117bfeb0b09,NO,0x13231ecd6d8b2f2846f74c1fb844a24674a3293a40abb621005da714e5fe7f27,0.99,2.02,2.02,2,256,0.01,63851.13,Matched,,63897.6250,63848.66250000,-46.4950,NO,1,0.0202
1784969100,105,0xc5bfb63ed252b6b0408df59bcdd9454da615737e06137ba09e0c5117bfeb0b09,NO,0x13231ecd6d8b2f2846f74c1fb844a24674a3293a40abb621005da714e5fe7f27,0.99,2.02,2.02,2,256,0.01,63851.13,Matched,,63897.6250,63809.14137080,-46.4950,NO,1,0.0202
1784969100,105,0xc5bfb63ed252b6b0408df59bcdd9454da615737e06137ba09e0c5117bfeb0b09,NO,0x13231ecd6d8b2f2846f74c1fb844a24674a3293a40abb621005da714e5fe7f27,0.99,2.02,2.02,2,256,0.01,63851.13,Matched,,63897.6250,,-46.4950,NO,1,0.0202
1784969100,105,0xc5bfb63ed252b6b0408df59bcdd9454da615737e06137ba09e0c5117bfeb0b09,NO,0x13231ecd6d8b2f2846f74c1fb844a24674a3293a40abb621005da714e5fe7f27,0.99,2.02,2.02,2,256,0.01,63851.13,Matched,,63897.6250,,-46.4950,NO,1,0.0202
1784969100,105,0xc5bfb63ed252b6b0408df59bcdd9454da615737e06137ba09e0c5117bfeb0b09,NO,0x13231ecd6d8b2f2846f74c1fb844a24674a3293a40abb621005da714e5fe7f27,0.99,2.02,2.02,2,256,0.01,63851.13,Matched,,63897.6250,,-46.4950,NO,1,0.0202
1784969100,105,0xc5bfb63ed252b6b0408df59bcdd9454da615737e06137ba09e0c5117bfeb0b09,NO,0x13231ecd6d8b2f2846f74c1fb844a24674a3293a40abb621005da714e5fe7f27,0.99,2.02,2.02,2,256,0.01,63851.13,Matched,,63897.6250,,-46.4950,NO,1,0.0202
1784969100,105,0xc5bfb63ed252b6b0408df59bcdd9454da615737e06137ba09e0c5117bfeb0b09,NO,0x13231ecd6d8b2f2846f74c1fb844a24674a3293a40abb621005da714e5fe7f27,0.99,2.02,2.02,2,256,0.01,63851.13,Matched,,63897.6250,,-46.4950,NO,1,0.0202
1784969100,105,0xc5bfb63ed252b6b0408df59bcdd9454da615737e06137ba09e0c5117bfeb0b09,NO,0x13231ecd6d8b2f2846f74c1fb844a24674a3293a40abb621005da714e5fe7f27,0.99,2.02,2.02,2,256,0.01,63851.13,Matched,,63897.6250,,-46.4950,NO,1,0.0202
1784969100,105,0xc5bfb63ed252b6b0408df59bcdd9454da615737e06137ba09e0c5117bfeb0b09,NO,0x13231ecd6d8b2f2846f74c1fb844a24674a3293a40abb621005da714e5fe7f27,0.99,2.02,2.02,2,256,0.01,63851.13,Matched,,63897.6250,,-46.4950,NO,1,0.0202
1784969100,105,0xc5bfb63ed252b6b0408df59bcdd9454da615737e06137ba09e0c5117bfeb0b09,NO,0x13231ecd6d8b2f2846f74c1fb844a24674a3293a40abb621005da714e5fe7f27,0.99,2.02,2.02,2,256,0.01,63851.13,Matched,,63897.6250,,-46.4950,NO,1,0.0202
1784969100,105,0xc5bfb63ed252b6b0408df59bcdd9454da615737e06137ba09e0c5117bfeb0b09,NO,0x13231ecd6d8b2f2846f74c1fb844a24674a3293a40abb621005da714e5fe7f27,0.99,2.02,2.02,2,256,0.01,63851.13,Matched,,63897.6250,,-46.4950,NO,1,0.0202
1784969100,105,0xc5bfb63ed252b6b0408df59bcdd9454da615737e06137ba09e0c5117bfeb0b09,NO,0x13231ecd6d8b2f2846f74c1fb844a24674a3293a40abb621005da714e5fe7f27,0.99,2.02,2.02,2,256,0.01,63851.13,Matched,,63897.6250,,-46.4950,NO,1,0.0202
1784969100,105,0xc5bfb63ed252b6b0408df59bcdd9454da615737e06137ba09e0c5117bfeb0b09,NO,0x13231ecd6d8b2f2846f74c1fb844a24674a3293a40abb621005da714e5fe7f27,0.99,2.02,2.02,2,256,0.01,63851.13,Matched,,63897.6250,,-46.4950,NO,1,0.0202
1784969100,105,0xc5bfb63ed252b6b0408df59bcdd9454da615737e06137ba09e0c5117bfeb0b09,NO,0x13231ecd6d8b2f2846f74c1fb844a24674a3293a40abb621005da714e5fe7f27,0.99,2.02,2.02,2,256,0.01,63851.13,Matched,,63897.6250,,-46.4950,NO,1,0.0202
1784969100,105,0xc5bfb63ed252b6b0408df59bcdd9454da615737e06137ba09e0c5117bfeb0b09,NO,0x13231ecd6d8b2f2846f74c1fb844a24674a3293a40abb621005da714e5fe7f27,0.99,2.02,2.02,2,256,0.01,63851.13,Matched,,63897.6250,63810.00000000,-46.4950,NO,1,0.0202
1784969100,105,0xc5bfb63ed252b6b0408df59bcdd9454da615737e06137ba09e0c5117bfeb0b09,NO,0x13231ecd6d8b2f2846f74c1fb844a24674a3293a40abb621005da714e5fe7f27,0.99,2.02,2.02,2,256,0.01,63851.13,Matched,,63897.6250,,-46.4950,NO,1,0.0202
1784969100,105,0xc5bfb63ed252b6b0408df59bcdd9454da615737e06137ba09e0c5117bfeb0b09,NO,0x13231ecd6d8b2f2846f74c1fb844a24674a3293a40abb621005da714e5fe7f27,0.99,2.02,2.02,2,256,0.01,63851.13,Matched,,63897.6250,,-46.4950,NO,1,0.0202
1784969100,105,0xc5bfb63ed252b6b0408df59bcdd9454da615737e06137ba09e0c5117bfeb0b09,NO,0x13231ecd6d8b2f2846f74c1fb844a24674a3293a40abb621005da714e5fe7f27,0.99,2.02,2.02,2,256,0.01,63851.13,Matched,,63897.6250,63809.14137080,-46.4950,NO,1,0.0202
1784969100,105,0xc5bfb63ed252b6b0408df59bcdd9454da615737e06137ba09e0c5117bfeb0b09,NO,0x13231ecd6d8b2f2846f74c1fb844a24674a3293a40abb621005da714e5fe7f27,0.99,2.02,2.02,2,256,0.01,63851.13,Matched,,63897.6250,63809.49095219,-46.4950,NO,1,0.0202
1784969100,105,0xc5bfb63ed252b6b0408df59bcdd9454da615737e06137ba09e0c5117bfeb0b09,NO,0x13231ecd6d8b2f2846f74c1fb844a24674a3293a40abb621005da714e5fe7f27,0.99,2.02,2.02,2,256,0.01,63851.13,Matched,,63897.6250,63848.66250000,-46.4950,NO,1,0.0202
1784969100,105,0xc5bfb63ed252b6b0408df59bcdd9454da615737e06137ba09e0c5117bfeb0b09,NO,0x13231ecd6d8b2f2846f74c1fb844a24674a3293a40abb621005da714e5fe7f27,0.99,2.02,2.02,2,256,0.01,63851.13,Matched,,63897.6250,,-46.4950,NO,1,0.0202
1784969100,105,0xc5bfb63ed252b6b0408df59bcdd9454da615737e06137ba09e0c5117bfeb0b09,NO,0x13231ecd6d8b2f2846f74c1fb844a24674a3293a40abb621005da714e5fe7f27,0.99,2.02,2.02,2,256,0.01,63851.13,Matched,,63897.6250,,-46.4950,NO,1,0.0202
1784969100,105,0xc5bfb63ed252b6b0408df59bcdd9454da615737e06137ba09e0c5117bfeb0b09,NO,0x13231ecd6d8b2f2846f74c1fb844a24674a3293a40abb621005da714e5fe7f27,0.99,2.02,2.02,2,256,0.01,63851.13,Matched,,63897.6250,,-46.4950,NO,1,0.0202
1784969100,105,0xc5bfb63ed252b6b0408df59bcdd9454da615737e06137ba09e0c5117bfeb0b09,NO,0x13231ecd6d8b2f2846f74c1fb844a24674a3293a40abb621005da714e5fe7f27,0.99,2.02,2.02,2,256,0.01,63851.13,Matched,,63897.6250,,-46.4950,NO,1,0.0202
1784969100,105,0xc5bfb63ed252b6b0408df59bcdd9454da615737e06137ba09e0c5117bfeb0b09,NO,0x13231ecd6d8b2f2846f74c1fb844a24674a3293a40abb621005da714e5fe7f27,0.99,2.02,2.02,2,256,0.01,63851.13,Matched,,63897.6250,,-46.4950,NO,1,0.0202
1784969100,105,0xc5bfb63ed252b6b0408df59bcdd9454da615737e06137ba09e0c5117bfeb0b09,NO,0x13231ecd6d8b2f2846f74c1fb844a24674a3293a40abb621005da714e5fe7f27,0.99,2.02,2.02,2,256,0.01,63851.13,Matched,,63897.6250,,-46.4950,NO,1,0.0202
1784969100,105,0xc5bfb63ed252b6b0408df59bcdd9454da615737e06137ba09e0c5117bfeb0b09,NO,0x13231ecd6d8b2f2846f74c1fb844a24674a3293a40abb621005da714e5fe7f27,0.99,2.02,2.02,2,256,0.01,63851.13,Matched,,63897.6250,,-46.4950,NO,1,0.0202
1784969100,105,0xc5bfb63ed252b6b0408df59bcdd9454da615737e06137ba09e0c5117bfeb0b09,NO,0x13231ecd6d8b2f2846f74c1fb844a24674a3293a40abb621005da714e5fe7f27,0.99,2.02,2.02,2,256,0.01,63851.13,Matched,,63897.6250,63809.14137080,-46.4950,NO,1,0.0202
1784969100,105,0xc5bfb63ed252b6b0408df59bcdd9454da615737e06137ba09e0c5117bfeb0b09,NO,0x13231ecd6d8b2f2846f74c1fb844a24674a3293a40abb621005da714e5fe7f27,0.99,2.02,2.02,2,256,0.01,63851.13,Matched,,63897.6250,,-46.4950,NO,1,0.0202
1784969100,105,0xc5bfb63ed252b6b0408df59bcdd9454da615737e06137ba09e0c5117bfeb0b09,NO,0x13231ecd6d8b2f2846f74c1fb844a24674a3293a40abb621005da714e5fe7f27,0.99,2.02,2.02,2,256,0.01,63851.13,Matched,,63897.6250,,-46.4950,NO,1,0.0202
1784969100,105,0xc5bfb63ed252b6b0408df59bcdd9454da615737e06137ba09e0c5117bfeb0b09,NO,0x13231ecd6d8b2f2846f74c1fb844a24674a3293a40abb621005da714e5fe7f27,0.99,2.02,2.02,2,256,0.01,63851.13,Matched,,63897.6250,63848.66250000,-46.4950,NO,1,0.0202
1784969100,105,0xc5bfb63ed252b6b0408df59bcdd9454da615737e06137ba09e0c5117bfeb0b09,NO,0x13231ecd6d8b2f2846f74c1fb844a24674a3293a40abb621005da714e5fe7f27,0.99,2.02,2.02,2,256,0.01,63851.13,Matched,,63897.6250,63809.14137080,-46.4950,NO,1,0.0202
1784969100,105,0xc5bfb63ed252b6b0408df59bcdd9454da615737e06137ba09e0c5117bfeb0b09,NO,0x13231ecd6d8b2f2846f74c1fb844a24674a3293a40abb621005da714e5fe7f27,0.99,2.02,2.02,2,256,0.01,63851.13,Matched,,63897.6250,,-46.4950,NO,1,0.0202
1784969100,105,0xc5bfb63ed252b6b0408df59bcdd9454da615737e06137ba09e0c5117bfeb0b09,NO,0x13231ecd6d8b2f2846f74c1fb844a24674a3293a40abb621005da714e5fe7f27,0.99,2.02,2.02,2,256,0.01,63851.13,Matched,,63897.6250,,-46.4950,NO,1,0.0202
1784969100,105,0xc5bfb63ed252b6b0408df59bcdd9454da615737e06137ba09e0c5117bfeb0b09,NO,0x13231ecd6d8b2f2846f74c1fb844a24674a3293a40abb621005da714e5fe7f27,0.99,2.02,2.02,2,256,0.01,63851.13,Matched,,63897.6250,,-46.4950,NO,1,0.0202
1784969100,105,0xc5bfb63ed252b6b0408df59bcdd9454da615737e06137ba09e0c5117bfeb0b09,NO,0x13231ecd6d8b2f2846f74c1fb844a24674a3293a40abb621005da714e5fe7f27,0.99,2.02,2.02,2,256,0.01,63851.13,Matched,,63897.6250,,-46.4950,NO,1,0.0202
1784969100,105,0xc5bfb63ed252b6b0408df59bcdd9454da615737e06137ba09e0c5117bfeb0b09,NO,0x13231ecd6d8b2f2846f74c1fb844a24674a3293a40abb621005da714e5fe7f27,0.99,2.02,2.02,2,256,0.01,63851.13,Matched,,63897.6250,,-46.4950,NO,1,0.0202
1784969100,105,0xc5bfb63ed252b6b0408df59bcdd9454da615737e06137ba09e0c5117bfeb0b09,NO,0x13231ecd6d8b2f2846f74c1fb844a24674a3293a40abb621005da714e5fe7f27,0.99,2.02,2.02,2,256,0.01,63851.13,Matched,,63897.6250,,-46.4950,NO,1,0.0202
1784969100,105,0xc5bfb63ed252b6b0408df59bcdd9454da615737e06137ba09e0c5117bfeb0b09,NO,0x13231ecd6d8b2f2846f74c1fb844a24674a3293a40abb621005da714e5fe7f27,0.99,2.02,2.02,2,256,0.01,63851.13,Matched,,63897.6250,63810.27000000,-46.4950,NO,1,0.0202
1784969100,105,0xc5bfb63ed252b6b0408df59bcdd9454da615737e06137ba09e0c5117bfeb0b09,NO,0x13231ecd6d8b2f2846f74c1fb844a24674a3293a40abb621005da714e5fe7f27,0.99,2.02,2.02,2,256,0.01,63851.13,Matched,,63897.6250,,-46.4950,NO,1,0.0202
1784969100,105,0xc5bfb63ed252b6b0408df59bcdd9454da615737e06137ba09e0c5117bfeb0b09,NO,0x13231ecd6d8b2f2846f74c1fb844a24674a3293a40abb621005da714e5fe7f27,0.99,2.02,2.02,2,256,0.01,63851.13,Matched,,63897.6250,,-46.4950,NO,1,0.0202
1784969100,105,0xc5bfb63ed252b6b0408df59bcdd9454da615737e06137ba09e0c5117bfeb0b09,NO,0x13231ecd6d8b2f2846f74c1fb844a24674a3293a40abb621005da714e5fe7f27,0.99,2.02,2.02,2,256,0.01,63851.13,Matched,,63897.6250,63809.49095219,-46.4950,NO,1,0.0202
1784969100,105,0xc5bfb63ed252b6b0408df59bcdd9454da615737e06137ba09e0c5117bfeb0b09,NO,0x13231ecd6d8b2f2846f74c1fb844a24674a3293a40abb621005da714e5fe7f27,0.99,2.02,2.02,2,256,0.01,63851.13,Matched,,63897.6250,,-46.4950,NO,1,0.0202
1784969100,105,0xc5bfb63ed252b6b0408df59bcdd9454da615737e06137ba09e0c5117bfeb0b09,NO,0x13231ecd6d8b2f2846f74c1fb844a24674a3293a40abb621005da714e5fe7f27,0.99,2.02,2.02,2,256,0.01,63851.13,Matched,,63897.6250,,-46.4950,NO,1,0.0202
1784969100,105,0xc5bfb63ed252b6b0408df59bcdd9454da615737e06137ba09e0c5117bfeb0b09,NO,0x13231ecd6d8b2f2846f74c1fb844a24674a3293a40abb621005da714e5fe7f27,0.99,2.02,2.02,2,256,0.01,63851.13,Matched,,63897.6250,,-46.4950,NO,1,0.0202
1784969100,105,0xc5bfb63ed252b6b0408df59bcdd9454da615737e06137ba09e0c5117bfeb0b09,NO,0x13231ecd6d8b2f2846f74c1fb844a24674a3293a40abb621005da714e5fe7f27,0.99,2.02,2.02,2,256,0.01,63851.13,Matched,,63897.6250,63848.66250000,-46.4950,NO,1,0.0202
1784969100,105,0xc5bfb63ed252b6b0408df59bcdd9454da615737e06137ba09e0c5117bfeb0b09,NO,0x13231ecd6d8b2f2846f74c1fb844a24674a3293a40abb621005da714e5fe7f27,0.99,2.02,2.02,2,256,0.01,63851.13,Matched,,63897.6250,,-46.4950,NO,1,0.0202
1784969100,105,0xc5bfb63ed252b6b0408df59bcdd9454da615737e06137ba09e0c5117bfeb0b09,NO,0x13231ecd6d8b2f2846f74c1fb844a24674a3293a40abb621005da714e5fe7f27,0.99,2.02,2.02,2,256,0.01,63851.13,Matched,,63897.6250,,-46.4950,NO,1,0.0202
1784969100,105,0xc5bfb63ed252b6b0408df59bcdd9454da615737e06137ba09e0c5117bfeb0b09,NO,0x13231ecd6d8b2f2846f74c1fb844a24674a3293a40abb621005da714e5fe7f27,0.99,2.02,2.02,2,256,0.01,63851.13,Matched,,63897.6250,,-46.4950,NO,1,0.0202
1784969100,105,0xc5bfb63ed252b6b0408df59bcdd9454da615737e06137ba09e0c5117bfeb0b09,NO,0x13231ecd6d8b2f2846f74c1fb844a24674a3293a40abb621005da714e5fe7f27,0.99,2.02,2.02,2,256,0.01,63851.13,Matched,,63897.6250,,-46.4950,NO,1,0.0202
1784969100,105,0xc5bfb63ed252b6b0408df59bcdd9454da615737e06137ba09e0c5117bfeb0b09,NO,0x13231ecd6d8b2f2846f74c1fb844a24674a3293a40abb621005da714e5fe7f27,0.99,2.02,2.02,2,256,0.01,63851.13,Matched,,63897.6250,,-46.4950,NO,1,0.0202
1784969100,105,0xc5bfb63ed252b6b0408df59bcdd9454da615737e06137ba09e0c5117bfeb0b09,NO,0x13231ecd6d8b2f2846f74c1fb844a24674a3293a40abb621005da714e5fe7f27,0.99,2.02,2.02,2,256,0.01,63851.13,Matched,,63897.6250,63809.49095219,-46.4950,NO,1,0.0202
1784969100,105,0xc5bfb63ed252b6b0408df59bcdd9454da615737e06137ba09e0c5117bfeb0b09,NO,0x13231ecd6d8b2f2846f74c1fb844a24674a3293a40abb621005da714e5fe7f27,0.99,2.02,2.02,2,256,0.01,63851.13,Matched,,63897.6250,,-46.4950,NO,1,0.0202
1784969100,105,0xc5bfb63ed252b6b0408df59bcdd9454da615737e06137ba09e0c5117bfeb0b09,NO,0x13231ecd6d8b2f2846f74c1fb844a24674a3293a40abb621005da714e5fe7f27,0.99,2.02,2.02,2,256,0.01,63851.13,Matched,,63897.6250,,-46.4950,NO,1,0.0202
1784969100,105,0xc5bfb63ed252b6b0408df59bcdd9454da615737e06137ba09e0c5117bfeb0b09,NO,0x13231ecd6d8b2f2846f74c1fb844a24674a3293a40abb621005da714e5fe7f27,0.99,2.02,2.02,2,256,0.01,63851.13,Matched,,63897.6250,63848.66250000,-46.4950,NO,1,0.0202
1784969100,105,0xc5bfb63ed252b6b0408df59bcdd9454da615737e06137ba09e0c5117bfeb0b09,NO,0x13231ecd6d8b2f2846f74c1fb844a24674a3293a40abb621005da714e5fe7f27,0.99,2.02,2.02,2,256,0.01,63851.13,Matched,,63897.6250,,-46.4950,NO,1,0.0202
1784969100,105,0xc5bfb63ed252b6b0408df59bcdd9454da615737e06137ba09e0c5117bfeb0b09,NO,0x13231ecd6d8b2f2846f74c1fb844a24674a3293a40abb621005da714e5fe7f27,0.99,2.02,2.02,2,256,0.01,63851.13,Matched,,63897.6250,,-46.4950,NO,1,0.0202
1784969100,105,0xc5bfb63ed252b6b0408df59bcdd9454da615737e06137ba09e0c5117bfeb0b09,NO,0x13231ecd6d8b2f2846f74c1fb844a24674a3293a40abb621005da714e5fe7f27,0.99,2.02,2.02,2,256,0.01,63851.13,Matched,,63897.6250,,-46.4950,NO,1,0.0202
1784969100,105,0xc5bfb63ed252b6b0408df59bcdd9454da615737e06137ba09e0c5117bfeb0b09,NO,0x13231ecd6d8b2f2846f74c1fb844a24674a3293a40abb621005da714e5fe7f27,0.99,2.02,2.02,2,256,0.01,63851.13,Matched,,63897.6250,,-46.4950,NO,1,0.0202
1784969100,105,0xc5bfb63ed252b6b0408df59bcdd9454da615737e06137ba09e0c5117bfeb0b09,NO,0x13231ecd6d8b2f2846f74c1fb844a24674a3293a40abb621005da714e5fe7f27,0.99,2.02,2.02,2,256,0.01,63851.13,Matched,,63897.6250,,-46.4950,NO,1,0.0202
1784969100,105,0xc5bfb63ed252b6b0408df59bcdd9454da615737e06137ba09e0c5117bfeb0b09,NO,0x13231ecd6d8b2f2846f74c1fb844a24674a3293a40abb621005da714e5fe7f27,0.99,2.02,2.02,2,256,0.01,63851.13,Matched,,63897.6250,,-46.4950,NO,1,0.0202
1784969100,105,0xc5bfb63ed252b6b0408df59bcdd9454da615737e06137ba09e0c5117bfeb0b09,NO,0x13231ecd6d8b2f2846f74c1fb844a24674a3293a40abb621005da714e5fe7f27,0.99,2.02,2.02,2,256,0.01,63851.13,Matched,,63897.6250,,-46.4950,NO,1,0.0202
1784969100,105,0xc5bfb63ed252b6b0408df59bcdd9454da615737e06137ba09e0c5117bfeb0b09,NO,0x13231ecd6d8b2f2846f74c1fb844a24674a3293a40abb621005da714e5fe7f27,0.99,2.02,2.02,2,256,0.01,63851.13,Matched,,63897.6250,,-46.4950,NO,1,0.0202
1784969100,105,0xc5bfb63ed252b6b0408df59bcdd9454da615737e06137ba09e0c5117bfeb0b09,NO,0x13231ecd6d8b2f2846f74c1fb844a24674a3293a40abb621005da714e5fe7f27,0.99,2.02,2.02,2,256,0.01,63851.13,Matched,,63897.6250,,-46.4950,NO,1,0.0202
1784969100,105,0xc5bfb63ed252b6b0408df59bcdd9454da615737e06137ba09e0c5117bfeb0b09,NO,0x13231ecd6d8b2f2846f74c1fb844a24674a3293a40abb621005da714e5fe7f27,0.99,2.02,2.02,2,256,0.01,63851.13,Matched,,63897.6250,,-46.4950,NO,1,0.0202
1784969100,105,0xc5bfb63ed252b6b0408df59bcdd9454da615737e06137ba09e0c5117bfeb0b09,NO,0x13231ecd6d8b2f2846f74c1fb844a24674a3293a40abb621005da714e5fe7f27,0.99,2.02,2.02,2,256,0.01,63851.13,Matched,,63897.6250,,-46.4950,NO,1,0.0202
1784969100,105,0xc5bfb63ed252b6b0408df59bcdd9454da615737e06137ba09e0c5117bfeb0b09,NO,0x13231ecd6d8b2f2846f74c1fb844a24674a3293a40abb621005da714e5fe7f27,0.99,2.02,2.02,2,256,0.01,63851.13,Matched,,63897.6250,,-46.4950,NO,1,0.0202
1784969100,105,0xc5bfb63ed252b6b0408df59bcdd9454da615737e06137ba09e0c5117bfeb0b09,NO,0x13231ecd6d8b2f2846f74c1fb844a24674a3293a40abb621005da714e5fe7f27,0.99,2.02,2.02,2,256,0.01,63851.13,Matched,,63897.6250,,-46.4950,NO,1,0.0202
1784969100,105,0xc5bfb63ed252b6b0408df59bcdd9454da615737e06137ba09e0c5117bfeb0b09,NO,0x13231ecd6d8b2f2846f74c1fb844a24674a3293a40abb621005da714e5fe7f27,0.99,2.02,2.02,2,256,0.01,63851.13,Matched,,63897.6250,,-46.4950,NO,1,0.0202
1784969100,105,0xc5bfb63ed252b6b0408df59bcdd9454da615737e06137ba09e0c5117bfeb0b09,NO,0x13231ecd6d8b2f2846f74c1fb844a24674a3293a40abb621005da714e5fe7f27,0.99,2.02,2.02,2,256,0.01,63851.13,Matched,,63897.6250,,-46.4950,NO,1,0.0202
1784969100,105,0xc5bfb63ed252b6b0408df59bcdd9454da615737e06137ba09e0c5117bfeb0b09,NO,0x13231ecd6d8b2f2846f74c1fb844a24674a3293a40abb621005da714e5fe7f27,0.99,2.02,2.02,2,256,0.01,63851.13,Matched,,63897.6250,,-46.4950,NO,1,0.0202
1784969100,105,0xc5bfb63ed252b6b0408df59bcdd9454da615737e06137ba09e0c5117bfeb0b09,NO,0x13231ecd6d8b2f2846f74c1fb844a24674a3293a40abb621005da714e5fe7f27,0.99,2.02,2.02,2,256,0.01,63851.13,Matched,,63897.6250,63810.00000000,-46.4950,NO,1,0.0202
1784969100,105,0xc5bfb63ed252b6b0408df59bcdd9454da615737e06137ba09e0c5117bfeb0b09,NO,0x13231ecd6d8b2f2846f74c1fb844a24674a3293a40abb621005da714e5fe7f27,0.99,2.02,2.02,2,256,0.01,63851.13,Matched,,63897.6250,,-46.4950,NO,1,0.0202
1784969100,105,0xc5bfb63ed252b6b0408df59bcdd9454da615737e06137ba09e0c5117bfeb0b09,NO,0x13231ecd6d8b2f2846f74c1fb844a24674a3293a40abb621005da714e5fe7f27,0.99,2.02,2.02,2,256,0.01,63851.13,Matched,,63897.6250,,-46.4950,NO,1,0.0202
1784969100,105,0xc5bfb63ed252b6b0408df59bcdd9454da615737e06137ba09e0c5117bfeb0b09,NO,0x13231ecd6d8b2f2846f74c1fb844a24674a3293a40abb621005da714e5fe7f27,0.99,2.02,2.02,2,256,0.01,63851.13,Matched,,63897.6250,,-46.4950,NO,1,0.0202
1784969100,105,0xc5bfb63ed252b6b0408df59bcdd9454da615737e06137ba09e0c5117bfeb0b09,NO,0x13231ecd6d8b2f2846f74c1fb844a24674a3293a40abb621005da714e5fe7f27,0.99,2.02,2.02,2,256,0.01,63851.13,Matched,,63897.6250,,-46.4950,NO,1,0.0202
1784969100,105,0xc5bfb63ed252b6b0408df59bcdd9454da615737e06137ba09e0c5117bfeb0b09,NO,0x13231ecd6d8b2f2846f74c1fb844a24674a3293a40abb621005da714e5fe7f27,0.99,2.02,2.02,2,256,0.01,63851.13,Matched,,63897.6250,,-46.4950,NO,1,0.0202
1784969100,105,0xc5bfb63ed252b6b0408df59bcdd9454da615737e06137ba09e0c5117bfeb0b09,NO,0x13231ecd6d8b2f2846f74c1fb844a24674a3293a40abb621005da714e5fe7f27,0.99,2.02,2.02,2,256,0.01,63851.13,Matched,,63897.6250,63810.27000000,-46.4950,NO,1,0.0202
1784969100,105,0xc5bfb63ed252b6b0408df59bcdd9454da615737e06137ba09e0c5117bfeb0b09,NO,0x13231ecd6d8b2f2846f74c1fb844a24674a3293a40abb621005da714e5fe7f27,0.99,2.02,2.02,2,256,0.01,63851.13,Matched,,63897.6250,,-46.4950,NO,1,0.0202
1784969100,105,0xc5bfb63ed252b6b0408df59bcdd9454da615737e06137ba09e0c5117bfeb0b09,NO,0x13231ecd6d8b2f2846f74c1fb844a24674a3293a40abb621005da714e5fe7f27,0.99,2.02,2.02,2,256,0.01,63851.13,Matched,,63897.6250,,-46.4950,NO,1,0.0202
1784969100,105,0xc5bfb63ed252b6b0408df59bcdd9454da615737e06137ba09e0c5117bfeb0b09,NO,0x13231ecd6d8b2f2846f74c1fb844a24674a3293a40abb621005da714e5fe7f27,0.99,2.02,2.02,2,256,0.01,63851.13,Matched,,63897.6250,,-46.4950,NO,1,0.0202
1784969100,105,0xc5bfb63ed252b6b0408df59bcdd9454da615737e06137ba09e0c5117bfeb0b09,NO,0x13231ecd6d8b2f2846f74c1fb844a24674a3293a40abb621005da714e5fe7f27,0.99,2.02,2.02,2,256,0.01,63851.13,Matched,,63897.6250,63810.00000000,-46.4950,NO,1,0.0202
1784969100,105,0xc5bfb63ed252b6b0408df59bcdd9454da615737e06137ba09e0c5117bfeb0b09,NO,0x13231ecd6d8b2f2846f74c1fb844a24674a3293a40abb621005da714e5fe7f27,0.99,2.02,2.02,2,256,0.01,63851.13,Matched,,63897.6250,63809.49095219,-46.4950,NO,1,0.0202
1784969100,105,0xc5bfb63ed252b6b0408df59bcdd9454da615737e06137ba09e0c5117bfeb0b09,NO,0x13231ecd6d8b2f2846f74c1fb844a24674a3293a40abb621005da714e5fe7f27,0.99,2.02,2.02,2,256,0.01,63851.13,Matched,,63897.6250,,-46.4950,NO,1,0.0202
1784969100,105,0xc5bfb63ed252b6b0408df59bcdd9454da615737e06137ba09e0c5117bfeb0b09,NO,0x13231ecd6d8b2f2846f74c1fb844a24674a3293a40abb621005da714e5fe7f27,0.99,2.02,2.02,2,256,0.01,63851.13,Matched,,63897.6250,,-46.4950,NO,1,0.0202
1784969100,105,0xc5bfb63ed252b6b0408df59bcdd9454da615737e06137ba09e0c5117bfeb0b09,NO,0x13231ecd6d8b2f2846f74c1fb844a24674a3293a40abb621005da714e5fe7f27,0.99,2.02,2.02,2,256,0.01,63851.13,Matched,,63897.6250,,-46.4950,NO,1,0.0202
1784969100,105,0xc5bfb63ed252b6b0408df59bcdd9454da615737e06137ba09e0c5117bfeb0b09,NO,0x13231ecd6d8b2f2846f74c1fb844a24674a3293a40abb621005da714e5fe7f27,0.99,2.02,2.02,2,256,0.01,63851.13,Matched,,63897.6250,,-46.4950,NO,1,0.0202
1784969100,105,0xc5bfb63ed252b6b0408df59bcdd9454da615737e06137ba09e0c5117bfeb0b09,NO,0x13231ecd6d8b2f2846f74c1fb844a24674a3293a40abb621005da714e5fe7f27,0.99,2.02,2.02,2,256,0.01,63851.13,Matched,,63897.6250,,-46.4950,NO,1,0.0202
1784969100,105,0xc5bfb63ed252b6b0408df59bcdd9454da615737e06137ba09e0c5117bfeb0b09,NO,0x13231ecd6d8b2f2846f74c1fb844a24674a3293a40abb621005da714e5fe7f27,0.99,2.02,2.02,2,256,0.01,63851.13,Matched,,63897.6250,,-46.4950,NO,1,0.0202
1784969100,105,0xc5bfb63ed252b6b0408df59bcdd9454da615737e06137ba09e0c5117bfeb0b09,NO,0x13231ecd6d8b2f2846f74c1fb844a24674a3293a40abb621005da714e5fe7f27,0.99,2.02,2.02,2,256,0.01,63851.13,Matched,,63897.6250,,-46.4950,NO,1,0.0202
1784969100,105,0xc5bfb63ed252b6b0408df59bcdd9454da615737e06137ba09e0c5117bfeb0b09,NO,0x13231ecd6d8b2f2846f74c1fb844a24674a3293a40abb621005da714e5fe7f27,0.99,2.02,2.02,2,256,0.01,63851.13,Matched,,63897.6250,,-46.4950,NO,1,0.0202
1784969100,105,0xc5bfb63ed252b6b0408df59bcdd9454da615737e06137ba09e0c5117bfeb0b09,NO,0x13231ecd6d8b2f2846f74c1fb844a24674a3293a40abb621005da714e5fe7f27,0.99,2.02,2.02,2,256,0.01,63851.13,Matched,,63897.6250,,-46.4950,NO,1,0.0202
1784969100,105,0xc5bfb63ed252b6b0408df59bcdd9454da615737e06137ba09e0c5117bfeb0b09,NO,0x13231ecd6d8b2f2846f74c1fb844a24674a3293a40abb621005da714e5fe7f27,0.99,2.02,2.02,2,256,0.01,63851.13,Matched,,63897.6250,63848.66250000,-46.4950,NO,1,0.0202
1784969100,105,0xc5bfb63ed252b6b0408df59bcdd9454da615737e06137ba09e0c5117bfeb0b09,NO,0x13231ecd6d8b2f2846f74c1fb844a24674a3293a40abb621005da714e5fe7f27,0.99,2.02,2.02,2,256,0.01,63851.13,Matched,,63897.6250,,-46.4950,NO,1,0.0202
1784969100,105,0xc5bfb63ed252b6b0408df59bcdd9454da615737e06137ba09e0c5117bfeb0b09,NO,0x13231ecd6d8b2f2846f74c1fb844a24674a3293a40abb621005da714e5fe7f27,0.99,2.02,2.02,2,256,0.01,63851.13,Matched,,63897.6250,,-46.4950,NO,1,0.0202
1784969100,105,0xc5bfb63ed252b6b0408df59bcdd9454da615737e06137ba09e0c5117bfeb0b09,NO,0x13231ecd6d8b2f2846f74c1fb844a24674a3293a40abb621005da714e5fe7f27,0.99,2.02,2.02,2,256,0.01,63851.13,Matched,,63897.6250,,-46.4950,NO,1,0.0202
1784969100,105,0xc5bfb63ed252b6b0408df59bcdd9454da615737e06137ba09e0c5117bfeb0b09,NO,0x13231ecd6d8b2f2846f74c1fb844a24674a3293a40abb621005da714e5fe7f27,0.99,2.02,2.02,2,256,0.01,63851.13,Matched,,63897.6250,,-46.4950,NO,1,0.0202
1784969100,105,0xc5bfb63ed252b6b0408df59bcdd9454da615737e06137ba09e0c5117bfeb0b09,NO,0x13231ecd6d8b2f2846f74c1fb844a24674a3293a40abb621005da714e5fe7f27,0.99,2.02,2.02,2,256,0.01,63851.13,Matched,,63897.6250,,-46.4950,NO,1,0.0202
1784969100,105,0xc5bfb63ed252b6b0408df59bcdd9454da615737e06137ba09e0c5117bfeb0b09,NO,0x13231ecd6d8b2f2846f74c1fb844a24674a3293a40abb621005da714e5fe7f27,0.99,2.02,2.02,2,256,0.01,63851.13,Matched,,63897.6250,63809.14137080,-46.4950,NO,1,0.0202
1784969100,105,0xc5bfb63ed252b6b0408df59bcdd9454da615737e06137ba09e0c5117bfeb0b09,NO,0x13231ecd6d8b2f2846f74c1fb844a24674a3293a40abb621005da714e5fe7f27,0.99,2.02,2.02,2,256,0.01,63851.13,Matched,,63897.6250,63809.49095219,-46.4950,NO,1,0.0202
1784969100,105,0xc5bfb63ed252b6b0408df59bcdd9454da615737e06137ba09e0c5117bfeb0b09,NO,0x13231ecd6d8b2f2846f74c1fb844a24674a3293a40abb621005da714e5fe7f27,0.99,2.02,2.02,2,256,0.01,63851.13,Matched,,63897.6250,63848.66250000,-46.4950,NO,1,0.0202
1784969100,105,0xc5bfb63ed252b6b0408df59bcdd9454da615737e06137ba09e0c5117bfeb0b09,NO,0x13231ecd6d8b2f2846f74c1fb844a24674a3293a40abb621005da714e5fe7f27,0.99,2.02,2.02,2,256,0.01,63851.13,Matched,,63897.6250,,-46.4950,NO,1,0.0202
1784969100,105,0xc5bfb63ed252b6b0408df59bcdd9454da615737e06137ba09e0c5117bfeb0b09,NO,0x13231ecd6d8b2f2846f74c1fb844a24674a3293a40abb621005da714e5fe7f27,0.99,2.02,2.02,2,256,0.01,63851.13,Matched,,63897.6250,,-46.4950,NO,1,0.0202
1784969100,105,0xc5bfb63ed252b6b0408df59bcdd9454da615737e06137ba09e0c5117bfeb0b09,NO,0x13231ecd6d8b2f2846f74c1fb844a24674a3293a40abb621005da714e5fe7f27,0.99,2.02,2.02,2,256,0.01,63851.13,Matched,,63897.6250,,-46.4950,NO,1,0.0202
1784969100,105,0xc5bfb63ed252b6b0408df59bcdd9454da615737e06137ba09e0c5117bfeb0b09,NO,0x13231ecd6d8b2f2846f74c1fb844a24674a3293a40abb621005da714e5fe7f27,0.99,2.02,2.02,2,256,0.01,63851.13,Matched,,63897.6250,,-46.4950,NO,1,0.0202
1784969100,105,0xc5bfb63ed252b6b0408df59bcdd9454da615737e06137ba09e0c5117bfeb0b09,NO,0x13231ecd6d8b2f2846f74c1fb844a24674a3293a40abb621005da714e5fe7f27,0.99,2.02,2.02,2,256,0.01,63851.13,Matched,,63897.6250,,-46.4950,NO,1,0.0202
1784969100,105,0xc5bfb63ed252b6b0408df59bcdd9454da615737e06137ba09e0c5117bfeb0b09,NO,0x13231ecd6d8b2f2846f74c1fb844a24674a3293a40abb621005da714e5fe7f27,0.99,2.02,2.02,2,256,0.01,63851.13,Matched,,63897.6250,,-46.4950,NO,1,0.0202
1784969100,105,0xc5bfb63ed252b6b0408df59bcdd9454da615737e06137ba09e0c5117bfeb0b09,NO,0x13231ecd6d8b2f2846f74c1fb844a24674a3293a40abb621005da714e5fe7f27,0.99,2.02,2.02,2,256,0.01,63851.13,Matched,,63897.6250,,-46.4950,NO,1,0.0202
1784969100,105,0xc5bfb63ed252b6b0408df59bcdd9454da615737e06137ba09e0c5117bfeb0b09,NO,0x13231ecd6d8b2f2846f74c1fb844a24674a3293a40abb621005da714e5fe7f27,0.99,2.02,2.02,2,256,0.01,63851.13,Matched,,63897.6250,,-46.4950,NO,1,0.0202
1784969100,105,0xc5bfb63ed252b6b0408df59bcdd9454da615737e06137ba09e0c5117bfeb0b09,NO,0x13231ecd6d8b2f2846f74c1fb844a24674a3293a40abb621005da714e5fe7f27,0.99,2.02,2.02,2,256,0.01,63851.13,Matched,,63897.6250,,-46.4950,NO,1,0.0202
1784969100,105,0xc5bfb63ed252b6b0408df59bcdd9454da615737e06137ba09e0c5117bfeb0b09,NO,0x13231ecd6d8b2f2846f74c1fb844a24674a3293a40abb621005da714e5fe7f27,0.99,2.02,2.02,2,256,0.01,63851.13,Matched,,63897.6250,,-46.4950,NO,1,0.0202
1784969100,105,0xc5bfb63ed252b6b0408df59bcdd9454da615737e06137ba09e0c5117bfeb0b09,NO,0x13231ecd6d8b2f2846f74c1fb844a24674a3293a40abb621005da714e5fe7f27,0.99,2.02,2.02,2,256,0.01,63851.13,Matched,,63897.6250,,-46.4950,NO,1,0.0202
1784969100,105,0xc5bfb63ed252b6b0408df59bcdd9454da615737e06137ba09e0c5117bfeb0b09,NO,0x13231ecd6d8b2f2846f74c1fb844a24674a3293a40abb621005da714e5fe7f27,0.99,2.02,2.02,2,256,0.01,63851.13,Matched,,63897.6250,,-46.4950,NO,1,0.0202
1784969100,105,0xc5bfb63ed252b6b0408df59bcdd9454da615737e06137ba09e0c5117bfeb0b09,NO,0x13231ecd6d8b2f2846f74c1fb844a24674a3293a40abb621005da714e5fe7f27,0.99,2.02,2.02,2,256,0.01,63851.13,Matched,,63897.6250,,-46.4950,NO,1,0.0202
1784969100,105,0xc5bfb63ed252b6b0408df59bcdd9454da615737e06137ba09e0c5117bfeb0b09,NO,0x13231ecd6d8b2f2846f74c1fb844a24674a3293a40abb621005da714e5fe7f27,0.99,2.02,2.02,2,256,0.01,63851.13,Matched,,63897.6250,63810.00000000,-46.4950,NO,1,0.0202
1784969100,105,0xc5bfb63ed252b6b0408df59bcdd9454da615737e06137ba09e0c5117bfeb0b09,NO,0x13231ecd6d8b2f2846f74c1fb844a24674a3293a40abb621005da714e5fe7f27,0.99,2.02,2.02,2,256,0.01,63851.13,Matched,,63897.6250,,-46.4950,NO,1,0.0202
1784969100,105,0xc5bfb63ed252b6b0408df59bcdd9454da615737e06137ba09e0c5117bfeb0b09,NO,0x13231ecd6d8b2f2846f74c1fb844a24674a3293a40abb621005da714e5fe7f27,0.99,2.02,2.02,2,256,0.01,63851.13,Matched,,63897.6250,,-46.4950,NO,1,0.0202
1784969100,105,0xc5bfb63ed252b6b0408df59bcdd9454da615737e06137ba09e0c5117bfeb0b09,NO,0x13231ecd6d8b2f2846f74c1fb844a24674a3293a40abb621005da714e5fe7f27,0.99,2.02,2.02,2,256,0.01,63851.13,Matched,,63897.6250,,-46.4950,NO,1,0.0202
1784969100,105,0xc5bfb63ed252b6b0408df59bcdd9454da615737e06137ba09e0c5117bfeb0b09,NO,0x13231ecd6d8b2f2846f74c1fb844a24674a3293a40abb621005da714e5fe7f27,0.99,2.02,2.02,2,256,0.01,63851.13,Matched,,63897.6250,63810.27000000,-46.4950,NO,1,0.0202
1784969100,105,0xc5bfb63ed252b6b0408df59bcdd9454da615737e06137ba09e0c5117bfeb0b09,NO,0x13231ecd6d8b2f2846f74c1fb844a24674a3293a40abb621005da714e5fe7f27,0.99,2.02,2.02,2,256,0.01,63851.13,Matched,,63897.6250,,-46.4950,NO,1,0.0202
1784969100,105,0xc5bfb63ed252b6b0408df59bcdd9454da615737e06137ba09e0c5117bfeb0b09,NO,0x13231ecd6d8b2f2846f74c1fb844a24674a3293a40abb621005da714e5fe7f27,0.99,2.02,2.02,2,256,0.01,63851.13,Matched,,63897.6250,,-46.4950,NO,1,0.0202
1784969100,105,0xc5bfb63ed252b6b0408df59bcdd9454da615737e06137ba09e0c5117bfeb0b09,NO,0x13231ecd6d8b2f2846f74c1fb844a24674a3293a40abb621005da714e5fe7f27,0.99,2.02,2.02,2,256,0.01,63851.13,Matched,,63897.6250,,-46.4950,NO,1,0.0202
1784969100,105,0xc5bfb63ed252b6b0408df59bcdd9454da615737e06137ba09e0c5117bfeb0b09,NO,0x13231ecd6d8b2f2846f74c1fb844a24674a3293a40abb621005da714e5fe7f27,0.99,2.02,2.02,2,256,0.01,63851.13,Matched,,63897.6250,,-46.4950,NO,1,0.0202
1784969100,105,0xc5bfb63ed252b6b0408df59bcdd9454da615737e06137ba09e0c5117bfeb0b09,NO,0x13231ecd6d8b2f2846f74c1fb844a24674a3293a40abb621005da714e5fe7f27,0.99,2.02,2.02,2,256,0.01,63851.13,Matched,,63897.6250,,-46.4950,NO,1,0.0202
1784969100,105,0xc5bfb63ed252b6b0408df59bcdd9454da615737e06137ba09e0c5117bfeb0b09,NO,0x13231ecd6d8b2f2846f74c1fb844a24674a3293a40abb621005da714e5fe7f27,0.99,2.02,2.02,2,256,0.01,63851.13,Matched,,63897.6250,,-46.4950,NO,1,0.0202
1784969100,105,0xc5bfb63ed252b6b0408df59bcdd9454da615737e06137ba09e0c5117bfeb0b09,NO,0x13231ecd6d8b2f2846f74c1fb844a24674a3293a40abb621005da714e5fe7f27,0.99,2.02,2.02,2,256,0.01,63851.13,Matched,,63897.6250,,-46.4950,NO,1,0.0202
1784969100,105,0xc5bfb63ed252b6b0408df59bcdd9454da615737e06137ba09e0c5117bfeb0b09,NO,0x13231ecd6d8b2f2846f74c1fb844a24674a3293a40abb621005da714e5fe7f27,0.99,2.02,2.02,2,256,0.01,63851.13,Matched,,63897.6250,,-46.4950,NO,1,0.0202
1784969100,105,0xc5bfb63ed252b6b0408df59bcdd9454da615737e06137ba09e0c5117bfeb0b09,NO,0x13231ecd6d8b2f2846f74c1fb844a24674a3293a40abb621005da714e5fe7f27,0.99,2.02,2.02,2,256,0.01,63851.13,Matched,,63897.6250,,-46.4950,NO,1,0.0202
1784969100,105,0xc5bfb63ed252b6b0408df59bcdd9454da615737e06137ba09e0c5117bfeb0b09,NO,0x13231ecd6d8b2f2846f74c1fb844a24674a3293a40abb621005da714e5fe7f27,0.99,2.02,2.02,2,256,0.01,63851.13,Matched,,63897.6250,,-46.4950,NO,1,0.0202
1784969100,105,0xc5bfb63ed252b6b0408df59bcdd9454da615737e06137ba09e0c5117bfeb0b09,NO,0x13231ecd6d8b2f2846f74c1fb844a24674a3293a40abb621005da714e5fe7f27,0.99,2.02,2.02,2,256,0.01,63851.13,Matched,,63897.6250,,-46.4950,NO,1,0.0202
1784969100,105,0xc5bfb63ed252b6b0408df59bcdd9454da615737e06137ba09e0c5117bfeb0b09,NO,0x13231ecd6d8b2f2846f74c1fb844a24674a3293a40abb621005da714e5fe7f27,0.99,2.02,2.02,2,256,0.01,63851.13,Matched,,63897.6250,,-46.4950,NO,1,0.0202
1784969100,105,0xc5bfb63ed252b6b0408df59bcdd9454da615737e06137ba09e0c5117bfeb0b09,NO,0x13231ecd6d8b2f2846f74c1fb844a24674a3293a40abb621005da714e5fe7f27,0.99,2.02,2.02,2,256,0.01,63851.13,Matched,,63897.6250,,-46.4950,NO,1,0.0202
1784969100,105,0xc5bfb63ed252b6b0408df59bcdd9454da615737e06137ba09e0c5117bfeb0b09,NO,0x13231ecd6d8b2f2846f74c1fb844a24674a3293a40abb621005da714e5fe7f27,0.99,2.02,2.02,2,256,0.01,63851.13,Matched,,63897.6250,63810.27000000,-46.4950,NO,1,0.0202
1784969100,105,0xc5bfb63ed252b6b0408df59bcdd9454da615737e06137ba09e0c5117bfeb0b09,NO,0x13231ecd6d8b2f2846f74c1fb844a24674a3293a40abb621005da714e5fe7f27,0.99,2.02,2.02,2,256,0.01,63851.13,Matched,,63897.6250,,-46.4950,NO,1,0.0202
1784969100,105,0xc5bfb63ed252b6b0408df59bcdd9454da615737e06137ba09e0c5117bfeb0b09,NO,0x13231ecd6d8b2f2846f74c1fb844a24674a3293a40abb621005da714e5fe7f27,0.99,2.02,2.02,2,256,0.01,63851.13,Matched,,63897.6250,,-46.4950,NO,1,0.0202
1784969100,105,0xc5bfb63ed252b6b0408df59bcdd9454da615737e06137ba09e0c5117bfeb0b09,NO,0x13231ecd6d8b2f2846f74c1fb844a24674a3293a40abb621005da714e5fe7f27,0.99,2.02,2.02,2,256,0.01,63851.13,Matched,,63897.6250,63809.49095219,-46.4950,NO,1,0.0202
1784969100,105,0xc5bfb63ed252b6b0408df59bcdd9454da615737e06137ba09e0c5117bfeb0b09,NO,0x13231ecd6d8b2f2846f74c1fb844a24674a3293a40abb621005da714e5fe7f27,0.99,2.02,2.02,2,256,0.01,63851.13,Matched,,63897.6250,,-46.4950,NO,1,0.0202
1784969100,105,0xc5bfb63ed252b6b0408df59bcdd9454da615737e06137ba09e0c5117bfeb0b09,NO,0x13231ecd6d8b2f2846f74c1fb844a24674a3293a40abb621005da714e5fe7f27,0.99,2.02,2.02,2,256,0.01,63851.13,Matched,,63897.6250,,-46.4950,NO,1,0.0202
1784969100,105,0xc5bfb63ed252b6b0408df59bcdd9454da615737e06137ba09e0c5117bfeb0b09,NO,0x13231ecd6d8b2f2846f74c1fb844a24674a3293a40abb621005da714e5fe7f27,0.99,2.02,2.02,2,256,0.01,63851.13,Matched,,63897.6250,,-46.4950,NO,1,0.0202
1784969100,105,0xc5bfb63ed252b6b0408df59bcdd9454da615737e06137ba09e0c5117bfeb0b09,NO,0x13231ecd6d8b2f2846f74c1fb844a24674a3293a40abb621005da714e5fe7f27,0.99,2.02,2.02,2,256,0.01,63851.13,Matched,,63897.6250,,-46.4950,NO,1,0.0202
1784969100,105,0xc5bfb63ed252b6b0408df59bcdd9454da615737e06137ba09e0c5117bfeb0b09,NO,0x13231ecd6d8b2f2846f74c1fb844a24674a3293a40abb621005da714e5fe7f27,0.99,2.02,2.02,2,256,0.01,63851.13,Matched,,63897.6250,,-46.4950,NO,1,0.0202
1784969100,105,0xc5bfb63ed252b6b0408df59bcdd9454da615737e06137ba09e0c5117bfeb0b09,NO,0x13231ecd6d8b2f2846f74c1fb844a24674a3293a40abb621005da714e5fe7f27,0.99,2.02,2.02,2,256,0.01,63851.13,Matched,,63897.6250,,-46.4950,NO,1,0.0202
1784969100,105,0xc5bfb63ed252b6b0408df59bcdd9454da615737e06137ba09e0c5117bfeb0b09,NO,0x13231ecd6d8b2f2846f74c1fb844a24674a3293a40abb621005da714e5fe7f27,0.99,2.02,2.02,2,256,0.01,63851.13,Matched,,63897.6250,,-46.4950,NO,1,0.0202
1784969100,105,0xc5bfb63ed252b6b0408df59bcdd9454da615737e06137ba09e0c5117bfeb0b09,NO,0x13231ecd6d8b2f2846f74c1fb844a24674a3293a40abb621005da714e5fe7f27,0.99,2.02,2.02,2,256,0.01,63851.13,Matched,,63897.6250,,-46.4950,NO,1,0.0202
1784969100,105,0xc5bfb63ed252b6b0408df59bcdd9454da615737e06137ba09e0c5117bfeb0b09,NO,0x13231ecd6d8b2f2846f74c1fb844a24674a3293a40abb621005da714e5fe7f27,0.99,2.02,2.02,2,256,0.01,63851.13,Matched,,63897.6250,,-46.4950,NO,1,0.0202
1784969100,105,0xc5bfb63ed252b6b0408df59bcdd9454da615737e06137ba09e0c5117bfeb0b09,NO,0x13231ecd6d8b2f2846f74c1fb844a24674a3293a40abb621005da714e5fe7f27,0.99,2.02,2.02,2,256,0.01,63851.13,Matched,,63897.6250,,-46.4950,NO,1,0.0202
1784969100,105,0xc5bfb63ed252b6b0408df59bcdd9454da615737e06137ba09e0c5117bfeb0b09,NO,0x13231ecd6d8b2f2846f74c1fb844a24674a3293a40abb621005da714e5fe7f27,0.99,2.02,2.02,2,256,0.01,63851.13,Matched,,63897.6250,,-46.4950,NO,1,0.0202
1784969100,105,0xc5bfb63ed252b6b0408df59bcdd9454da615737e06137ba09e0c5117bfeb0b09,NO,0x13231ecd6d8b2f2846f74c1fb844a24674a3293a40abb621005da714e5fe7f27,0.99,2.02,2.02,2,256,0.01,63851.13,Matched,,63897.6250,,-46.4950,NO,1,0.0202
1784969100,105,0xc5bfb63ed252b6b0408df59bcdd9454da615737e06137ba09e0c5117bfeb0b09,NO,0x13231ecd6d8b2f2846f74c1fb844a24674a3293a40abb621005da714e5fe7f27,0.99,2.02,2.02,2,256,0.01,63851.13,Matched,,63897.6250,,-46.4950,NO,1,0.0202
1784969100,105,0xc5bfb63ed252b6b0408df59bcdd9454da615737e06137ba09e0c5117bfeb0b09,NO,0x13231ecd6d8b2f2846f74c1fb844a24674a3293a40abb621005da714e5fe7f27,0.99,2.02,2.02,2,256,0.01,63851.13,Matched,,63897.6250,,-46.4950,NO,1,0.0202
1784969100,105,0xc5bfb63ed252b6b0408df59bcdd9454da615737e06137ba09e0c5117bfeb0b09,NO,0x13231ecd6d8b2f2846f74c1fb844a24674a3293a40abb621005da714e5fe7f27,0.99,2.02,2.02,2,256,0.01,63851.13,Matched,,63897.6250,,-46.4950,NO,1,0.0202
1784969100,105,0xc5bfb63ed252b6b0408df59bcdd9454da615737e06137ba09e0c5117bfeb0b09,NO,0x13231ecd6d8b2f2846f74c1fb844a24674a3293a40abb621005da714e5fe7f27,0.99,2.02,2.02,2,256,0.01,63851.13,Matched,,63897.6250,,-46.4950,NO,1,0.0202
1784969100,105,0xc5bfb63ed252b6b0408df59bcdd9454da615737e06137ba09e0c5117bfeb0b09,NO,0x13231ecd6d8b2f2846f74c1fb844a24674a3293a40abb621005da714e5fe7f27,0.99,2.02,2.02,2,256,0.01,63851.13,Matched,,63897.6250,,-46.4950,NO,1,0.0202
1784969100,105,0xc5bfb63ed252b6b0408df59bcdd9454da615737e06137ba09e0c5117bfeb0b09,NO,0x13231ecd6d8b2f2846f74c1fb844a24674a3293a40abb621005da714e5fe7f27,0.99,2.02,2.02,2,256,0.01,63851.13,Matched,,63897.6250,,-46.4950,NO,1,0.0202
1784969100,105,0xc5bfb63ed252b6b0408df59bcdd9454da615737e06137ba09e0c5117bfeb0b09,NO,0x13231ecd6d8b2f2846f74c1fb844a24674a3293a40abb621005da714e5fe7f27,0.99,2.02,2.02,2,256,0.01,63851.13,Matched,,63897.6250,,-46.4950,NO,1,0.0202
1784969100,105,0xc5bfb63ed252b6b0408df59bcdd9454da615737e06137ba09e0c5117bfeb0b09,NO,0x13231ecd6d8b2f2846f74c1fb844a24674a3293a40abb621005da714e5fe7f27,0.99,2.02,2.02,2,256,0.01,63851.13,Matched,,63897.6250,,-46.4950,NO,1,0.0202
1784969100,105,0xc5bfb63ed252b6b0408df59bcdd9454da615737e06137ba09e0c5117bfeb0b09,NO,0x13231ecd6d8b2f2846f74c1fb844a24674a3293a40abb621005da714e5fe7f27,0.99,2.02,2.02,2,256,0.01,63851.13,Matched,,63897.6250,,-46.4950,NO,1,0.0202
1784969100,105,0xc5bfb63ed252b6b0408df59bcdd9454da615737e06137ba09e0c5117bfeb0b09,NO,0x13231ecd6d8b2f2846f74c1fb844a24674a3293a40abb621005da714e5fe7f27,0.99,2.02,2.02,2,256,0.01,63851.13,Matched,,63897.6250,,-46.4950,NO,1,0.0202
1784969100,105,0xc5bfb63ed252b6b0408df59bcdd9454da615737e06137ba09e0c5117bfeb0b09,NO,0x13231ecd6d8b2f2846f74c1fb844a24674a3293a40abb621005da714e5fe7f27,0.99,2.02,2.02,2,256,0.01,63851.13,Matched,,63897.6250,,-46.4950,NO,1,0.0202
1784969100,105,0xc5bfb63ed252b6b0408df59bcdd9454da615737e06137ba09e0c5117bfeb0b09,NO,0x13231ecd6d8b2f2846f74c1fb844a24674a3293a40abb621005da714e5fe7f27,0.99,2.02,2.02,2,256,0.01,63851.13,Matched,,63897.6250,,-46.4950,NO,1,0.0202
1784969100,105,0xc5bfb63ed252b6b0408df59bcdd9454da615737e06137ba09e0c5117bfeb0b09,NO,0x13231ecd6d8b2f2846f74c1fb844a24674a3293a40abb621005da714e5fe7f27,0.99,2.02,2.02,2,256,0.01,63851.13,Matched,,63897.6250,,-46.4950,NO,1,0.0202
1784969100,105,0xc5bfb63ed252b6b0408df59bcdd9454da615737e06137ba09e0c5117bfeb0b09,NO,0x13231ecd6d8b2f2846f74c1fb844a24674a3293a40abb621005da714e5fe7f27,0.99,2.02,2.02,2,256,0.01,63851.13,Matched,,63897.6250,,-46.4950,NO,1,0.0202
1784969100,105,0xc5bfb63ed252b6b0408df59bcdd9454da615737e06137ba09e0c5117bfeb0b09,NO,0x13231ecd6d8b2f2846f74c1fb844a24674a3293a40abb621005da714e5fe7f27,0.99,2.02,2.02,2,256,0.01,63851.13,Matched,,63897.6250,,-46.4950,NO,1,0.0202
1784969100,105,0xc5bfb63ed252b6b0408df59bcdd9454da615737e06137ba09e0c5117bfeb0b09,NO,0x13231ecd6d8b2f2846f74c1fb844a24674a3293a40abb621005da714e5fe7f27,0.99,2.02,2.02,2,256,0.01,63851.13,Matched,,63897.6250,,-46.4950,NO,1,0.0202
1784969100,105,0xc5bfb63ed252b6b0408df59bcdd9454da615737e06137ba09e0c5117bfeb0b09,NO,0x13231ecd6d8b2f2846f74c1fb844a24674a3293a40abb621005da714e5fe7f27,0.99,2.02,2.02,2,256,0.01,63851.13,Matched,,63897.6250,,-46.4950,NO,1,0.0202
1784969100,105,0xc5bfb63ed252b6b0408df59bcdd9454da615737e06137ba09e0c5117bfeb0b09,NO,0x13231ecd6d8b2f2846f74c1fb844a24674a3293a40abb621005da714e5fe7f27,0.99,2.02,2.02,2,256,0.01,63851.13,Matched,,63897.6250,,-46.4950,NO,1,0.0202
1784969100,105,0xc5bfb63ed252b6b0408df59bcdd9454da615737e06137ba09e0c5117bfeb0b09,NO,0x13231ecd6d8b2f2846f74c1fb844a24674a3293a40abb621005da714e5fe7f27,0.99,2.02,2.02,2,256,0.01,63851.13,Matched,,63897.6250,,-46.4950,NO,1,0.0202
1784969100,105,0xc5bfb63ed252b6b0408df59bcdd9454da615737e06137ba09e0c5117bfeb0b09,NO,0x13231ecd6d8b2f2846f74c1fb844a24674a3293a40abb621005da714e5fe7f27,0.99,2.02,2.02,2,256,0.01,63851.13,Matched,,63897.6250,,-46.4950,NO,1,0.0202
1784969100,105,0xc5bfb63ed252b6b0408df59bcdd9454da615737e06137ba09e0c5117bfeb0b09,NO,0x13231ecd6d8b2f2846f74c1fb844a24674a3293a40abb621005da714e5fe7f27,0.99,2.02,2.02,2,256,0.01,63851.13,Matched,,63897.6250,,-46.4950,NO,1,0.0202
1784969100,105,0xc5bfb63ed252b6b0408df59bcdd9454da615737e06137ba09e0c5117bfeb0b09,NO,0x13231ecd6d8b2f2846f74c1fb844a24674a3293a40abb621005da714e5fe7f27,0.99,2.02,2.02,2,256,0.01,63851.13,Matched,,63897.6250,,-46.4950,NO,1,0.0202
1784969100,105,0xc5bfb63ed252b6b0408df59bcdd9454da615737e06137ba09e0c5117bfeb0b09,NO,0x13231ecd6d8b2f2846f74c1fb844a24674a3293a40abb621005da714e5fe7f27,0.99,2.02,2.02,2,256,0.01,63851.13,Matched,,63897.6250,,-46.4950,NO,1,0.0202
1784969100,105,0xc5bfb63ed252b6b0408df59bcdd9454da615737e06137ba09e0c5117bfeb0b09,NO,0x13231ecd6d8b2f2846f74c1fb844a24674a3293a40abb621005da714e5fe7f27,0.99,2.02,2.02,2,256,0.01,63851.13,Matched,,63897.6250,,-46.4950,NO,1,0.0202
1784969100,105,0xc5bfb63ed252b6b0408df59bcdd9454da615737e06137ba09e0c5117bfeb0b09,NO,0x13231ecd6d8b2f2846f74c1fb844a24674a3293a40abb621005da714e5fe7f27,0.99,2.02,2.02,2,256,0.01,63851.13,Matched,,63897.6250,,-46.4950,NO,1,0.0202
1784969100,105,0xc5bfb63ed252b6b0408df59bcdd9454da615737e06137ba09e0c5117bfeb0b09,NO,0x13231ecd6d8b2f2846f74c1fb844a24674a3293a40abb621005da714e5fe7f27,0.99,2.02,2.02,2,256,0.01,63851.13,Matched,,63897.6250,,-46.4950,NO,1,0.0202
1784969100,105,0xc5bfb63ed252b6b0408df59bcdd9454da615737e06137ba09e0c5117bfeb0b09,NO,0x13231ecd6d8b2f2846f74c1fb844a24674a3293a40abb621005da714e5fe7f27,0.99,2.02,2.02,2,256,0.01,63851.13,Matched,,63897.6250,,-46.4950,NO,1,0.0202
1784969100,105,0xc5bfb63ed252b6b0408df59bcdd9454da615737e06137ba09e0c5117bfeb0b09,NO,0x13231ecd6d8b2f2846f74c1fb844a24674a3293a40abb621005da714e5fe7f27,0.99,2.02,2.02,2,256,0.01,63851.13,Matched,,63897.6250,,-46.4950,NO,1,0.0202
1784969100,105,0xc5bfb63ed252b6b0408df59bcdd9454da615737e06137ba09e0c5117bfeb0b09,NO,0x13231ecd6d8b2f2846f74c1fb844a24674a3293a40abb621005da714e5fe7f27,0.99,2.02,2.02,2,256,0.01,63851.13,Matched,,63897.6250,,-46.4950,NO,1,0.0202
1784969100,105,0xc5bfb63ed252b6b0408df59bcdd9454da615737e06137ba09e0c5117bfeb0b09,NO,0x13231ecd6d8b2f2846f74c1fb844a24674a3293a40abb621005da714e5fe7f27,0.99,2.02,2.02,2,256,0.01,63851.13,Matched,,63897.6250,,-46.4950,NO,1,0.0202
1784969100,105,0xc5bfb63ed252b6b0408df59bcdd9454da615737e06137ba09e0c5117bfeb0b09,NO,0x13231ecd6d8b2f2846f74c1fb844a24674a3293a40abb621005da714e5fe7f27,0.99,2.02,2.02,2,256,0.01,63851.13,Matched,,63897.6250,,-46.4950,NO,1,0.0202
1784969100,105,0xc5bfb63ed252b6b0408df59bcdd9454da615737e06137ba09e0c5117bfeb0b09,NO,0x13231ecd6d8b2f2846f74c1fb844a24674a3293a40abb621005da714e5fe7f27,0.99,2.02,2.02,2,256,0.01,63851.13,Matched,,63897.6250,,-46.4950,NO,1,0.0202
1784969100,105,0xc5bfb63ed252b6b0408df59bcdd9454da615737e06137ba09e0c5117bfeb0b09,NO,0x13231ecd6d8b2f2846f74c1fb844a24674a3293a40abb621005da714e5fe7f27,0.99,2.02,2.02,2,256,0.01,63851.13,Matched,,63897.6250,,-46.4950,NO,1,0.0202
1784969100,105,0xc5bfb63ed252b6b0408df59bcdd9454da615737e06137ba09e0c5117bfeb0b09,NO,0x13231ecd6d8b2f2846f74c1fb844a24674a3293a40abb621005da714e5fe7f27,0.99,2.02,2.02,2,256,0.01,63851.13,Matched,,63897.6250,,-46.4950,NO,1,0.0202
1784969100,105,0xc5bfb63ed252b6b0408df59bcdd9454da615737e06137ba09e0c5117bfeb0b09,NO,0x13231ecd6d8b2f2846f74c1fb844a24674a3293a40abb621005da714e5fe7f27,0.99,2.02,2.02,2,256,0.01,63851.13,Matched,,63897.6250,,-46.4950,NO,1,0.0202
1784969100,105,0xc5bfb63ed252b6b0408df59bcdd9454da615737e06137ba09e0c5117bfeb0b09,NO,0x13231ecd6d8b2f2846f74c1fb844a24674a3293a40abb621005da714e5fe7f27,0.99,2.02,2.02,2,256,0.01,63851.13,Matched,,63897.6250,,-46.4950,NO,1,0.0202
1784969100,105,0xc5bfb63ed252b6b0408df59bcdd9454da615737e06137ba09e0c5117bfeb0b09,NO,0x13231ecd6d8b2f2846f74c1fb844a24674a3293a40abb621005da714e5fe7f27,0.99,2.02,2.02,2,256,0.01,63851.13,Matched,,63897.6250,,-46.4950,NO,1,0.0202
1784969100,105,0xc5bfb63ed252b6b0408df59bcdd9454da615737e06137ba09e0c5117bfeb0b09,NO,0x13231ecd6d8b2f2846f74c1fb844a24674a3293a40abb621005da714e5fe7f27,0.99,2.02,2.02,2,256,0.01,63851.13,Matched,,63897.6250,,-46.4950,NO,1,0.0202
1784969100,105,0xc5bfb63ed252b6b0408df59bcdd9454da615737e06137ba09e0c5117bfeb0b09,NO,0x13231ecd6d8b2f2846f74c1fb844a24674a3293a40abb621005da714e5fe7f27,0.99,2.02,2.02,2,256,0.01,63851.13,Matched,,63897.6250,,-46.4950,NO,1,0.0202
1784969100,105,0xc5bfb63ed252b6b0408df59bcdd9454da615737e06137ba09e0c5117bfeb0b09,NO,0x13231ecd6d8b2f2846f74c1fb844a24674a3293a40abb621005da714e5fe7f27,0.99,2.02,2.02,2,256,0.01,63851.13,Matched,,63897.6250,,-46.4950,NO,1,0.0202
1784969100,105,0xc5bfb63ed252b6b0408df59bcdd9454da615737e06137ba09e0c5117bfeb0b09,NO,0x13231ecd6d8b2f2846f74c1fb844a24674a3293a40abb621005da714e5fe7f27,0.99,2.02,2.02,2,256,0.01,63851.13,Matched,,63897.6250,,-46.4950,NO,1,0.0202
1784969100,105,0xc5bfb63ed252b6b0408df59bcdd9454da615737e06137ba09e0c5117bfeb0b09,NO,0x13231ecd6d8b2f2846f74c1fb844a24674a3293a40abb621005da714e5fe7f27,0.99,2.02,2.02,2,256,0.01,63851.13,Matched,,63897.6250,,-46.4950,NO,1,0.0202
1784969100,105,0xc5bfb63ed252b6b0408df59bcdd9454da615737e06137ba09e0c5117bfeb0b09,NO,0x13231ecd6d8b2f2846f74c1fb844a24674a3293a40abb621005da714e5fe7f27,0.99,2.02,2.02,2,256,0.01,63851.13,Matched,,63897.6250,,-46.4950,NO,1,0.0202
1784969100,105,0xc5bfb63ed252b6b0408df59bcdd9454da615737e06137ba09e0c5117bfeb0b09,NO,0x13231ecd6d8b2f2846f74c1fb844a24674a3293a40abb621005da714e5fe7f27,0.99,2.02,2.02,2,256,0.01,63851.13,Matched,,63897.6250,,-46.4950,NO,1,0.0202
1784969100,105,0xc5bfb63ed252b6b0408df59bcdd9454da615737e06137ba09e0c5117bfeb0b09,NO,0x13231ecd6d8b2f2846f74c1fb844a24674a3293a40abb621005da714e5fe7f27,0.99,2.02,2.02,2,256,0.01,63851.13,Matched,,63897.6250,,-46.4950,NO,1,0.0202
1784969100,105,0xc5bfb63ed252b6b0408df59bcdd9454da615737e06137ba09e0c5117bfeb0b09,NO,0x13231ecd6d8b2f2846f74c1fb844a24674a3293a40abb621005da714e5fe7f27,0.99,2.02,2.02,2,256,0.01,63851.13,Matched,,63897.6250,,-46.4950,NO,1,0.0202
1784969100,105,0xc5bfb63ed252b6b0408df59bcdd9454da615737e06137ba09e0c5117bfeb0b09,NO,0x13231ecd6d8b2f2846f74c1fb844a24674a3293a40abb621005da714e5fe7f27,0.99,2.02,2.02,2,256,0.01,63851.13,Matched,,63897.6250,,-46.4950,NO,1,0.0202
1784969100,105,0xc5bfb63ed252b6b0408df59bcdd9454da615737e06137ba09e0c5117bfeb0b09,NO,0x13231ecd6d8b2f2846f74c1fb844a24674a3293a40abb621005da714e5fe7f27,0.99,2.02,2.02,2,256,0.01,63851.13,Matched,,63897.6250,,-46.4950,NO,1,0.0202
1784969100,105,0xc5bfb63ed252b6b0408df59bcdd9454da615737e06137ba09e0c5117bfeb0b09,NO,0x13231ecd6d8b2f2846f74c1fb844a24674a3293a40abb621005da714e5fe7f27,0.99,2.02,2.02,2,256,0.01,63851.13,Matched,,63897.6250,,-46.4950,NO,1,0.0202
1784969100,105,0xc5bfb63ed252b6b0408df59bcdd9454da615737e06137ba09e0c5117bfeb0b09,NO,0x13231ecd6d8b2f2846f74c1fb844a24674a3293a40abb621005da714e5fe7f27,0.99,2.02,2.02,2,256,0.01,63851.13,Matched,,63897.6250,,-46.4950,NO,1,0.0202
1784969100,105,0xc5bfb63ed252b6b0408df59bcdd9454da615737e06137ba09e0c5117bfeb0b09,NO,0x13231ecd6d8b2f2846f74c1fb844a24674a3293a40abb621005da714e5fe7f27,0.99,2.02,2.02,2,256,0.01,63851.13,Matched,,63897.6250,,-46.4950,NO,1,0.0202
1784969100,105,0xc5bfb63ed252b6b0408df59bcdd9454da615737e06137ba09e0c5117bfeb0b09,NO,0x13231ecd6d8b2f2846f74c1fb844a24674a3293a40abb621005da714e5fe7f27,0.99,2.02,2.02,2,256,0.01,63851.13,Matched,,63897.6250,,-46.4950,NO,1,0.0202
1784969100,105,0xc5bfb63ed252b6b0408df59bcdd9454da615737e06137ba09e0c5117bfeb0b09,NO,0x13231ecd6d8b2f2846f74c1fb844a24674a3293a40abb621005da714e5fe7f27,0.99,2.02,2.02,2,256,0.01,63851.13,Matched,,63897.6250,,-46.4950,NO,1,0.0202
1784969100,105,0xc5bfb63ed252b6b0408df59bcdd9454da615737e06137ba09e0c5117bfeb0b09,NO,0x13231ecd6d8b2f2846f74c1fb844a24674a3293a40abb621005da714e5fe7f27,0.99,2.02,2.02,2,256,0.01,63851.13,Matched,,63897.6250,,-46.4950,NO,1,0.0202
1784969100,105,0xc5bfb63ed252b6b0408df59bcdd9454da615737e06137ba09e0c5117bfeb0b09,NO,0x13231ecd6d8b2f2846f74c1fb844a24674a3293a40abb621005da714e5fe7f27,0.99,2.02,2.02,2,256,0.01,63851.13,Matched,,63897.6250,,-46.4950,NO,1,0.0202
1784969100,105,0xc5bfb63ed252b6b0408df59bcdd9454da615737e06137ba09e0c5117bfeb0b09,NO,0x13231ecd6d8b2f2846f74c1fb844a24674a3293a40abb621005da714e5fe7f27,0.99,2.02,2.02,2,256,0.01,63851.13,Matched,,63897.6250,,-46.4950,NO,1,0.0202
1784969100,105,0xc5bfb63ed252b6b0408df59bcdd9454da615737e06137ba09e0c5117bfeb0b09,NO,0x13231ecd6d8b2f2846f74c1fb844a24674a3293a40abb621005da714e5fe7f27,0.99,2.02,2.02,2,256,0.01,63851.13,Matched,,63897.6250,,-46.4950,NO,1,0.0202
1784969100,105,0xc5bfb63ed252b6b0408df59bcdd9454da615737e06137ba09e0c5117bfeb0b09,NO,0x13231ecd6d8b2f2846f74c1fb844a24674a3293a40abb621005da714e5fe7f27,0.99,2.02,2.02,2,256,0.01,63851.13,Matched,,63897.6250,,-46.4950,NO,1,0.0202
1784969100,105,0xc5bfb63ed252b6b0408df59bcdd9454da615737e06137ba09e0c5117bfeb0b09,NO,0x13231ecd6d8b2f2846f74c1fb844a24674a3293a40abb621005da714e5fe7f27,0.99,2.02,2.02,2,256,0.01,63851.13,Matched,,63897.6250,,-46.4950,NO,1,0.0202
1784969100,105,0xc5bfb63ed252b6b0408df59bcdd9454da615737e06137ba09e0c5117bfeb0b09,NO,0x13231ecd6d8b2f2846f74c1fb844a24674a3293a40abb621005da714e5fe7f27,0.99,2.02,2.02,2,256,0.01,63851.13,Matched,,63897.6250,,-46.4950,NO,1,0.0202
1784969100,105,0xc5bfb63ed252b6b0408df59bcdd9454da615737e06137ba09e0c5117bfeb0b09,NO,0x13231ecd6d8b2f2846f74c1fb844a24674a3293a40abb621005da714e5fe7f27,0.99,2.02,2.02,2,256,0.01,63851.13,Matched,,63897.6250,,-46.4950,NO,1,0.0202
1784969100,105,0xc5bfb63ed252b6b0408df59bcdd9454da615737e06137ba09e0c5117bfeb0b09,NO,0x13231ecd6d8b2f2846f74c1fb844a24674a3293a40abb621005da714e5fe7f27,0.99,2.02,2.02,2,256,0.01,63851.13,Matched,,63897.6250,,-46.4950,NO,1,0.0202
1784969100,105,0xc5bfb63ed252b6b0408df59bcdd9454da615737e06137ba09e0c5117bfeb0b09,NO,0x13231ecd6d8b2f2846f74c1fb844a24674a3293a40abb621005da714e5fe7f27,0.99,2.02,2.02,2,256,0.01,63851.13,Matched,,63897.6250,63809.14137080,-46.4950,NO,1,0.0202
1784969100,105,0xc5bfb63ed252b6b0408df59bcdd9454da615737e06137ba09e0c5117bfeb0b09,NO,0x13231ecd6d8b2f2846f74c1fb844a24674a3293a40abb621005da714e5fe7f27,0.99,2.02,2.02,2,256,0.01,63851.13,Matched,,63897.6250,63848.66250000,-46.4950,NO,1,0.0202
1784969100,105,0xc5bfb63ed252b6b0408df59bcdd9454da615737e06137ba09e0c5117bfeb0b09,NO,0x13231ecd6d8b2f2846f74c1fb844a24674a3293a40abb621005da714e5fe7f27,0.99,2.02,2.02,2,256,0.01,63851.13,Matched,,63897.6250,63809.49095219,-46.4950,NO,1,0.0202
1784969100,105,0xc5bfb63ed252b6b0408df59bcdd9454da615737e06137ba09e0c5117bfeb0b09,NO,0x13231ecd6d8b2f2846f74c1fb844a24674a3293a40abb621005da714e5fe7f27,0.99,2.02,2.02,2,256,0.01,63851.13,Matched,,63897.6250,63810.27000000,-46.4950,NO,1,0.0202
1784969100,105,0xc5bfb63ed252b6b0408df59bcdd9454da615737e06137ba09e0c5117bfeb0b09,NO,0x13231ecd6d8b2f2846f74c1fb844a24674a3293a40abb621005da714e5fe7f27,0.99,2.02,2.02,2,256,0.01,63851.13,Matched,,63897.6250,63809.14137080,-46.4950,NO,1,0.0202
1784969100,105,0xc5bfb63ed252b6b0408df59bcdd9454da615737e06137ba09e0c5117bfeb0b09,NO,0x13231ecd6d8b2f2846f74c1fb844a24674a3293a40abb621005da714e5fe7f27,0.99,2.02,2.02,2,256,0.01,63851.13,Matched,,63897.6250,63848.66250000,-46.4950,NO,1,0.0202
1784969100,105,0xc5bfb63ed252b6b0408df59bcdd9454da615737e06137ba09e0c5117bfeb0b09,NO,0x13231ecd6d8b2f2846f74c1fb844a24674a3293a40abb621005da714e5fe7f27,0.99,2.02,2.02,2,256,0.01,63851.13,Matched,,63897.6250,63809.49095219,-46.4950,NO,1,0.0202
1784969100,105,0xc5bfb63ed252b6b0408df59bcdd9454da615737e06137ba09e0c5117bfeb0b09,NO,0x13231ecd6d8b2f2846f74c1fb844a24674a3293a40abb621005da714e5fe7f27,0.99,2.02,2.02,2,256,0.01,63851.13,Matched,,63897.6250,63810.27000000,-46.4950,NO,1,0.0202
1784969100,105,0xc5bfb63ed252b6b0408df59bcdd9454da615737e06137ba09e0c5117bfeb0b09,NO,0x13231ecd6d8b2f2846f74c1fb844a24674a3293a40abb621005da714e5fe7f27,0.99,2.02,2.02,2,256,0.01,63851.13,Matched,,63897.6250,63848.66250000,-46.4950,NO,1,0.0202
1784969100,105,0xc5bfb63ed252b6b0408df59bcdd9454da615737e06137ba09e0c5117bfeb0b09,NO,0x13231ecd6d8b2f2846f74c1fb844a24674a3293a40abb621005da714e5fe7f27,0.99,2.02,2.02,2,256,0.01,63851.13,Matched,,63897.6250,63810.27000000,-46.4950,NO,1,0.0202
1784969100,105,0xc5bfb63ed252b6b0408df59bcdd9454da615737e06137ba09e0c5117bfeb0b09,NO,0x13231ecd6d8b2f2846f74c1fb844a24674a3293a40abb621005da714e5fe7f27,0.99,2.02,2.02,2,256,0.01,63851.13,Matched,,63897.6250,63848.66250000,-46.4950,NO,1,0.0202
1784969100,105,0xc5bfb63ed252b6b0408df59bcdd9454da615737e06137ba09e0c5117bfeb0b09,NO,0x13231ecd6d8b2f2846f74c1fb844a24674a3293a40abb621005da714e5fe7f27,0.99,2.02,2.02,2,256,0.01,63851.13,Matched,,63897.6250,63848.66250000,-46.4950,NO,1,0.0202
1784969100,105,0xc5bfb63ed252b6b0408df59bcdd9454da615737e06137ba09e0c5117bfeb0b09,NO,0x13231ecd6d8b2f2846f74c1fb844a24674a3293a40abb621005da714e5fe7f27,0.99,2.02,2.02,2,256,0.01,63851.13,Matched,,63897.6250,63810.27000000,-46.4950,NO,1,0.0202
1784969100,105,0xc5bfb63ed252b6b0408df59bcdd9454da615737e06137ba09e0c5117bfeb0b09,NO,0x13231ecd6d8b2f2846f74c1fb844a24674a3293a40abb621005da714e5fe7f27,0.99,2.02,2.02,2,256,0.01,63851.13,Matched,,63897.6250,63809.14137080,-46.4950,NO,1,0.0202
1784969100,105,0xc5bfb63ed252b6b0408df59bcdd9454da615737e06137ba09e0c5117bfeb0b09,NO,0x13231ecd6d8b2f2846f74c1fb844a24674a3293a40abb621005da714e5fe7f27,0.99,2.02,2.02,2,256,0.01,63851.13,Matched,,63897.6250,,-46.4950,NO,1,0.0202
1784969100,105,0xc5bfb63ed252b6b0408df59bcdd9454da615737e06137ba09e0c5117bfeb0b09,NO,0x13231ecd6d8b2f2846f74c1fb844a24674a3293a40abb621005da714e5fe7f27,0.99,2.02,2.02,2,256,0.01,63851.13,Matched,,63897.6250,,-46.4950,NO,1,0.0202
1784969100,105,0xc5bfb63ed252b6b0408df59bcdd9454da615737e06137ba09e0c5117bfeb0b09,NO,0x13231ecd6d8b2f2846f74c1fb844a24674a3293a40abb621005da714e5fe7f27,0.99,2.02,2.02,2,256,0.01,63851.13,Matched,,63897.6250,,-46.4950,NO,1,0.0202
1784969100,105,0xc5bfb63ed252b6b0408df59bcdd9454da615737e06137ba09e0c5117bfeb0b09,NO,0x13231ecd6d8b2f2846f74c1fb844a24674a3293a40abb621005da714e5fe7f27,0.99,2.02,2.02,2,256,0.01,63851.13,Matched,,63897.6250,,-46.4950,NO,1,0.0202
1784969100,105,0xc5bfb63ed252b6b0408df59bcdd9454da615737e06137ba09e0c5117bfeb0b09,NO,0x13231ecd6d8b2f2846f74c1fb844a24674a3293a40abb621005da714e5fe7f27,0.99,2.02,2.02,2,256,0.01,63851.13,Matched,,63897.6250,,-46.4950,NO,1,0.0202
1784969100,105,0xc5bfb63ed252b6b0408df59bcdd9454da615737e06137ba09e0c5117bfeb0b09,NO,0x13231ecd6d8b2f2846f74c1fb844a24674a3293a40abb621005da714e5fe7f27,0.99,2.02,2.02,2,256,0.01,63851.13,Matched,,63897.6250,,-46.4950,NO,1,0.0202
1784969100,105,0xc5bfb63ed252b6b0408df59bcdd9454da615737e06137ba09e0c5117bfeb0b09,NO,0x13231ecd6d8b2f2846f74c1fb844a24674a3293a40abb621005da714e5fe7f27,0.99,2.02,2.02,2,256,0.01,63851.13,Matched,,63897.6250,,-46.4950,NO,1,0.0202
1784969100,105,0xc5bfb63ed252b6b0408df59bcdd9454da615737e06137ba09e0c5117bfeb0b09,NO,0x13231ecd6d8b2f2846f74c1fb844a24674a3293a40abb621005da714e5fe7f27,0.99,2.02,2.02,2,256,0.01,63851.13,Matched,,63897.6250,,-46.4950,NO,1,0.0202
1784969100,105,0xc5bfb63ed252b6b0408df59bcdd9454da615737e06137ba09e0c5117bfeb0b09,NO,0x13231ecd6d8b2f2846f74c1fb844a24674a3293a40abb621005da714e5fe7f27,0.99,2.02,2.02,2,256,0.01,63851.13,Matched,,63897.6250,,-46.4950,NO,1,0.0202
1784969100,105,0xc5bfb63ed252b6b0408df59bcdd9454da615737e06137ba09e0c5117bfeb0b09,NO,0x13231ecd6d8b2f2846f74c1fb844a24674a3293a40abb621005da714e5fe7f27,0.99,2.02,2.02,2,256,0.01,63851.13,Matched,,63897.6250,,-46.4950,NO,1,0.0202
1784969100,105,0xc5bfb63ed252b6b0408df59bcdd9454da615737e06137ba09e0c5117bfeb0b09,NO,0x13231ecd6d8b2f2846f74c1fb844a24674a3293a40abb621005da714e5fe7f27,0.99,2.02,2.02,2,256,0.01,63851.13,Matched,,63897.6250,,-46.4950,NO,1,0.0202
1784969100,105,0xc5bfb63ed252b6b0408df59bcdd9454da615737e06137ba09e0c5117bfeb0b09,NO,0x13231ecd6d8b2f2846f74c1fb844a24674a3293a40abb621005da714e5fe7f27,0.99,2.02,2.02,2,256,0.01,63851.13,Matched,,63897.6250,,-46.4950,NO,1,0.0202
1784969100,105,0xc5bfb63ed252b6b0408df59bcdd9454da615737e06137ba09e0c5117bfeb0b09,NO,0x13231ecd6d8b2f2846f74c1fb844a24674a3293a40abb621005da714e5fe7f27,0.99,2.02,2.02,2,256,0.01,63851.13,Matched,,63897.6250,,-46.4950,NO,1,0.0202
1784969100,105,0xc5bfb63ed252b6b0408df59bcdd9454da615737e06137ba09e0c5117bfeb0b09,NO,0x13231ecd6d8b2f2846f74c1fb844a24674a3293a40abb621005da714e5fe7f27,0.99,2.02,2.02,2,256,0.01,63851.13,Matched,,63897.6250,,-46.4950,NO,1,0.0202
1784969100,105,0xc5bfb63ed252b6b0408df59bcdd9454da615737e06137ba09e0c5117bfeb0b09,NO,0x13231ecd6d8b2f2846f74c1fb844a24674a3293a40abb621005da714e5fe7f27,0.99,2.02,2.02,2,256,0.01,63851.13,Matched,,63897.6250,,-46.4950,NO,1,0.0202
1784969100,105,0xc5bfb63ed252b6b0408df59bcdd9454da615737e06137ba09e0c5117bfeb0b09,NO,0x13231ecd6d8b2f2846f74c1fb844a24674a3293a40abb621005da714e5fe7f27,0.99,2.02,2.02,2,256,0.01,63851.13,Matched,,63897.6250,,-46.4950,NO,1,0.0202
1784969100,105,0xc5bfb63ed252b6b0408df59bcdd9454da615737e06137ba09e0c5117bfeb0b09,NO,0x13231ecd6d8b2f2846f74c1fb844a24674a3293a40abb621005da714e5fe7f27,0.99,2.02,2.02,2,256,0.01,63851.13,Matched,,63897.6250,,-46.4950,NO,1,0.0202
1784969100,105,0xc5bfb63ed252b6b0408df59bcdd9454da615737e06137ba09e0c5117bfeb0b09,NO,0x13231ecd6d8b2f2846f74c1fb844a24674a3293a40abb621005da714e5fe7f27,0.99,2.02,2.02,2,256,0.01,63851.13,Matched,,63897.6250,,-46.4950,NO,1,0.0202
1784969100,105,0xc5bfb63ed252b6b0408df59bcdd9454da615737e06137ba09e0c5117bfeb0b09,NO,0x13231ecd6d8b2f2846f74c1fb844a24674a3293a40abb621005da714e5fe7f27,0.99,2.02,2.02,2,256,0.01,63851.13,Matched,,63897.6250,,-46.4950,NO,1,0.0202
1784969100,105,0xc5bfb63ed252b6b0408df59bcdd9454da615737e06137ba09e0c5117bfeb0b09,NO,0x13231ecd6d8b2f2846f74c1fb844a24674a3293a40abb621005da714e5fe7f27,0.99,2.02,2.02,2,256,0.01,63851.13,Matched,,63897.6250,,-46.4950,NO,1,0.0202
1784969100,105,0xc5bfb63ed252b6b0408df59bcdd9454da615737e06137ba09e0c5117bfeb0b09,NO,0x13231ecd6d8b2f2846f74c1fb844a24674a3293a40abb621005da714e5fe7f27,0.99,2.02,2.02,2,256,0.01,63851.13,Matched,,63897.6250,,-46.4950,NO,1,0.0202
1784969100,105,0xc5bfb63ed252b6b0408df59bcdd9454da615737e06137ba09e0c5117bfeb0b09,NO,0x13231ecd6d8b2f2846f74c1fb844a24674a3293a40abb621005da714e5fe7f27,0.99,2.02,2.02,2,256,0.01,63851.13,Matched,,63897.6250,63848.66250000,-46.4950,NO,1,0.0202
1784969100,105,0xc5bfb63ed252b6b0408df59bcdd9454da615737e06137ba09e0c5117bfeb0b09,NO,0x13231ecd6d8b2f2846f74c1fb844a24674a3293a40abb621005da714e5fe7f27,0.99,2.02,2.02,2,256,0.01,63851.13,Matched,,63897.6250,63809.49095219,-46.4950,NO,1,0.0202
1784969100,105,0xc5bfb63ed252b6b0408df59bcdd9454da615737e06137ba09e0c5117bfeb0b09,NO,0x13231ecd6d8b2f2846f74c1fb844a24674a3293a40abb621005da714e5fe7f27,0.99,2.02,2.02,2,256,0.01,63851.13,Matched,,63897.6250,63810.27000000,-46.4950,NO,1,0.0202
1784969100,105,0xc5bfb63ed252b6b0408df59bcdd9454da615737e06137ba09e0c5117bfeb0b09,NO,0x13231ecd6d8b2f2846f74c1fb844a24674a3293a40abb621005da714e5fe7f27,0.99,2.02,2.02,2,256,0.01,63851.13,Matched,,63897.6250,63809.14137080,-46.4950,NO,1,0.0202
1784969100,105,0xc5bfb63ed252b6b0408df59bcdd9454da615737e06137ba09e0c5117bfeb0b09,NO,0x13231ecd6d8b2f2846f74c1fb844a24674a3293a40abb621005da714e5fe7f27,0.99,2.02,2.02,2,256,0.01,63851.13,Matched,,63897.6250,63848.66250000,-46.4950,NO,1,0.0202
1784969100,105,0xc5bfb63ed252b6b0408df59bcdd9454da615737e06137ba09e0c5117bfeb0b09,NO,0x13231ecd6d8b2f2846f74c1fb844a24674a3293a40abb621005da714e5fe7f27,0.99,2.02,2.02,2,256,0.01,63851.13,Matched,,63897.6250,63809.49095219,-46.4950,NO,1,0.0202
1784969100,105,0xc5bfb63ed252b6b0408df59bcdd9454da615737e06137ba09e0c5117bfeb0b09,NO,0x13231ecd6d8b2f2846f74c1fb844a24674a3293a40abb621005da714e5fe7f27,0.99,2.02,2.02,2,256,0.01,63851.13,Matched,,63897.6250,63810.27000000,-46.4950,NO,1,0.0202
1784969100,105,0xc5bfb63ed252b6b0408df59bcdd9454da615737e06137ba09e0c5117bfeb0b09,NO,0x13231ecd6d8b2f2846f74c1fb844a24674a3293a40abb621005da714e5fe7f27,0.99,2.02,2.02,2,256,0.01,63851.13,Matched,,63897.6250,63810.00000000,-46.4950,NO,1,0.0202
1784969100,105,0xc5bfb63ed252b6b0408df59bcdd9454da615737e06137ba09e0c5117bfeb0b09,NO,0x13231ecd6d8b2f2846f74c1fb844a24674a3293a40abb621005da714e5fe7f27,0.99,2.02,2.02,2,256,0.01,63851.13,Matched,,63897.6250,63848.66250000,-46.4950,NO,1,0.0202
1784969100,105,0xc5bfb63ed252b6b0408df59bcdd9454da615737e06137ba09e0c5117bfeb0b09,NO,0x13231ecd6d8b2f2846f74c1fb844a24674a3293a40abb621005da714e5fe7f27,0.99,2.02,2.02,2,256,0.01,63851.13,Matched,,63897.6250,63809.49095219,-46.4950,NO,1,0.0202
1784969100,105,0xc5bfb63ed252b6b0408df59bcdd9454da615737e06137ba09e0c5117bfeb0b09,NO,0x13231ecd6d8b2f2846f74c1fb844a24674a3293a40abb621005da714e5fe7f27,0.99,2.02,2.02,2,256,0.01,63851.13,Matched,,63897.6250,,-46.4950,NO,1,0.0202
1784969100,105,0xc5bfb63ed252b6b0408df59bcdd9454da615737e06137ba09e0c5117bfeb0b09,NO,0x13231ecd6d8b2f2846f74c1fb844a24674a3293a40abb621005da714e5fe7f27,0.99,2.02,2.02,2,256,0.01,63851.13,Matched,,63897.6250,,-46.4950,NO,1,0.0202
1784969100,105,0xc5bfb63ed252b6b0408df59bcdd9454da615737e06137ba09e0c5117bfeb0b09,NO,0x13231ecd6d8b2f2846f74c1fb844a24674a3293a40abb621005da714e5fe7f27,0.99,2.02,2.02,2,256,0.01,63851.13,Matched,,63897.6250,,-46.4950,NO,1,0.0202
1784969100,105,0xc5bfb63ed252b6b0408df59bcdd9454da615737e06137ba09e0c5117bfeb0b09,NO,0x13231ecd6d8b2f2846f74c1fb844a24674a3293a40abb621005da714e5fe7f27,0.99,2.02,2.02,2,256,0.01,63851.13,Matched,,63897.6250,,-46.4950,NO,1,0.0202
1784969100,105,0xc5bfb63ed252b6b0408df59bcdd9454da615737e06137ba09e0c5117bfeb0b09,NO,0x13231ecd6d8b2f2846f74c1fb844a24674a3293a40abb621005da714e5fe7f27,0.99,2.02,2.02,2,256,0.01,63851.13,Matched,,63897.6250,,-46.4950,NO,1,0.0202
1784969100,105,0xc5bfb63ed252b6b0408df59bcdd9454da615737e06137ba09e0c5117bfeb0b09,NO,0x13231ecd6d8b2f2846f74c1fb844a24674a3293a40abb621005da714e5fe7f27,0.99,2.02,2.02,2,256,0.01,63851.13,Matched,,63897.6250,,-46.4950,NO,1,0.0202
1784969100,105,0xc5bfb63ed252b6b0408df59bcdd9454da615737e06137ba09e0c5117bfeb0b09,NO,0x13231ecd6d8b2f2846f74c1fb844a24674a3293a40abb621005da714e5fe7f27,0.99,2.02,2.02,2,256,0.01,63851.13,Matched,,63897.6250,,-46.4950,NO,1,0.0202
1784969100,105,0xc5bfb63ed252b6b0408df59bcdd9454da615737e06137ba09e0c5117bfeb0b09,NO,0x13231ecd6d8b2f2846f74c1fb844a24674a3293a40abb621005da714e5fe7f27,0.99,2.02,2.02,2,256,0.01,63851.13,Matched,,63897.6250,,-46.4950,NO,1,0.0202
1784969100,105,0xc5bfb63ed252b6b0408df59bcdd9454da615737e06137ba09e0c5117bfeb0b09,NO,0x13231ecd6d8b2f2846f74c1fb844a24674a3293a40abb621005da714e5fe7f27,0.99,2.02,2.02,2,256,0.01,63851.13,Matched,,63897.6250,,-46.4950,NO,1,0.0202
1784969100,105,0xc5bfb63ed252b6b0408df59bcdd9454da615737e06137ba09e0c5117bfeb0b09,NO,0x13231ecd6d8b2f2846f74c1fb844a24674a3293a40abb621005da714e5fe7f27,0.99,2.02,2.02,2,256,0.01,63851.13,Matched,,63897.6250,,-46.4950,NO,1,0.0202
1784969100,105,0xc5bfb63ed252b6b0408df59bcdd9454da615737e06137ba09e0c5117bfeb0b09,NO,0x13231ecd6d8b2f2846f74c1fb844a24674a3293a40abb621005da714e5fe7f27,0.99,2.02,2.02,2,256,0.01,63851.13,Matched,,63897.6250,,-46.4950,NO,1,0.0202
1784969100,105,0xc5bfb63ed252b6b0408df59bcdd9454da615737e06137ba09e0c5117bfeb0b09,NO,0x13231ecd6d8b2f2846f74c1fb844a24674a3293a40abb621005da714e5fe7f27,0.99,2.02,2.02,2,256,0.01,63851.13,Matched,,63897.6250,,-46.4950,NO,1,0.0202
1784969100,105,0xc5bfb63ed252b6b0408df59bcdd9454da615737e06137ba09e0c5117bfeb0b09,NO,0x13231ecd6d8b2f2846f74c1fb844a24674a3293a40abb621005da714e5fe7f27,0.99,2.02,2.02,2,256,0.01,63851.13,Matched,,63897.6250,,-46.4950,NO,1,0.0202
1784969100,105,0xc5bfb63ed252b6b0408df59bcdd9454da615737e06137ba09e0c5117bfeb0b09,NO,0x13231ecd6d8b2f2846f74c1fb844a24674a3293a40abb621005da714e5fe7f27,0.99,2.02,2.02,2,256,0.01,63851.13,Matched,,63897.6250,,-46.4950,NO,1,0.0202
1784969100,105,0xc5bfb63ed252b6b0408df59bcdd9454da615737e06137ba09e0c5117bfeb0b09,NO,0x13231ecd6d8b2f2846f74c1fb844a24674a3293a40abb621005da714e5fe7f27,0.99,2.02,2.02,2,256,0.01,63851.13,Matched,,63897.6250,,-46.4950,NO,1,0.0202
1784969100,105,0xc5bfb63ed252b6b0408df59bcdd9454da615737e06137ba09e0c5117bfeb0b09,NO,0x13231ecd6d8b2f2846f74c1fb844a24674a3293a40abb621005da714e5fe7f27,0.99,2.02,2.02,2,256,0.01,63851.13,Matched,,63897.6250,,-46.4950,NO,1,0.0202
1784969100,105,0xc5bfb63ed252b6b0408df59bcdd9454da615737e06137ba09e0c5117bfeb0b09,NO,0x13231ecd6d8b2f2846f74c1fb844a24674a3293a40abb621005da714e5fe7f27,0.99,2.02,2.02,2,256,0.01,63851.13,Matched,,63897.6250,,-46.4950,NO,1,0.0202
1784969100,105,0xc5bfb63ed252b6b0408df59bcdd9454da615737e06137ba09e0c5117bfeb0b09,NO,0x13231ecd6d8b2f2846f74c1fb844a24674a3293a40abb621005da714e5fe7f27,0.99,2.02,2.02,2,256,0.01,63851.13,Matched,,63897.6250,,-46.4950,NO,1,0.0202
1784969100,105,0xc5bfb63ed252b6b0408df59bcdd9454da615737e06137ba09e0c5117bfeb0b09,NO,0x13231ecd6d8b2f2846f74c1fb844a24674a3293a40abb621005da714e5fe7f27,0.99,2.02,2.02,2,256,0.01,63851.13,Matched,,63897.6250,,-46.4950,NO,1,0.0202
1784969100,105,0xc5bfb63ed252b6b0408df59bcdd9454da615737e06137ba09e0c5117bfeb0b09,NO,0x13231ecd6d8b2f2846f74c1fb844a24674a3293a40abb621005da714e5fe7f27,0.99,2.02,2.02,2,256,0.01,63851.13,Matched,,63897.6250,,-46.4950,NO,1,0.0202
1784969100,105,0xc5bfb63ed252b6b0408df59bcdd9454da615737e06137ba09e0c5117bfeb0b09,NO,0x13231ecd6d8b2f2846f74c1fb844a24674a3293a40abb621005da714e5fe7f27,0.99,2.02,2.02,2,256,0.01,63851.13,Matched,,63897.6250,,-46.4950,NO,1,0.0202
1784969100,105,0xc5bfb63ed252b6b0408df59bcdd9454da615737e06137ba09e0c5117bfeb0b09,NO,0x13231ecd6d8b2f2846f74c1fb844a24674a3293a40abb621005da714e5fe7f27,0.99,2.02,2.02,2,256,0.01,63851.13,Matched,,63897.6250,,-46.4950,NO,1,0.0202
1784969100,105,0xc5bfb63ed252b6b0408df59bcdd9454da615737e06137ba09e0c5117bfeb0b09,NO,0x13231ecd6d8b2f2846f74c1fb844a24674a3293a40abb621005da714e5fe7f27,0.99,2.02,2.02,2,256,0.01,63851.13,Matched,,63897.6250,63848.66250000,-46.4950,NO,1,0.0202
1784969100,105,0xc5bfb63ed252b6b0408df59bcdd9454da615737e06137ba09e0c5117bfeb0b09,NO,0x13231ecd6d8b2f2846f74c1fb844a24674a3293a40abb621005da714e5fe7f27,0.99,2.02,2.02,2,256,0.01,63851.13,Matched,,63897.6250,63809.49095219,-46.4950,NO,1,0.0202
1784969100,105,0xc5bfb63ed252b6b0408df59bcdd9454da615737e06137ba09e0c5117bfeb0b09,NO,0x13231ecd6d8b2f2846f74c1fb844a24674a3293a40abb621005da714e5fe7f27,0.99,2.02,2.02,2,256,0.01,63851.13,Matched,,63897.6250,63810.27000000,-46.4950,NO,1,0.0202
1784969100,105,0xc5bfb63ed252b6b0408df59bcdd9454da615737e06137ba09e0c5117bfeb0b09,NO,0x13231ecd6d8b2f2846f74c1fb844a24674a3293a40abb621005da714e5fe7f27,0.99,2.02,2.02,2,256,0.01,63851.13,Matched,,63897.6250,63809.14137080,-46.4950,NO,1,0.0202
1784969100,105,0xc5bfb63ed252b6b0408df59bcdd9454da615737e06137ba09e0c5117bfeb0b09,NO,0x13231ecd6d8b2f2846f74c1fb844a24674a3293a40abb621005da714e5fe7f27,0.99,2.02,2.02,2,256,0.01,63851.13,Matched,,63897.6250,63848.66250000,-46.4950,NO,1,0.0202
1784969100,105,0xc5bfb63ed252b6b0408df59bcdd9454da615737e06137ba09e0c5117bfeb0b09,NO,0x13231ecd6d8b2f2846f74c1fb844a24674a3293a40abb621005da714e5fe7f27,0.99,2.02,2.02,2,256,0.01,63851.13,Matched,,63897.6250,63809.49095219,-46.4950,NO,1,0.0202
1784969100,105,0xc5bfb63ed252b6b0408df59bcdd9454da615737e06137ba09e0c5117bfeb0b09,NO,0x13231ecd6d8b2f2846f74c1fb844a24674a3293a40abb621005da714e5fe7f27,0.99,2.02,2.02,2,256,0.01,63851.13,Matched,,63897.6250,63810.27000000,-46.4950,NO,1,0.0202
1784969100,105,0xc5bfb63ed252b6b0408df59bcdd9454da615737e06137ba09e0c5117bfeb0b09,NO,0x13231ecd6d8b2f2846f74c1fb844a24674a3293a40abb621005da714e5fe7f27,0.99,2.02,2.02,2,256,0.01,63851.13,Matched,,63897.6250,63848.66250000,-46.4950,NO,1,0.0202
1784969100,105,0xc5bfb63ed252b6b0408df59bcdd9454da615737e06137ba09e0c5117bfeb0b09,NO,0x13231ecd6d8b2f2846f74c1fb844a24674a3293a40abb621005da714e5fe7f27,0.99,2.02,2.02,2,256,0.01,63851.13,Matched,,63897.6250,63809.49095219,-46.4950,NO,1,0.0202
1784969100,105,0xc5bfb63ed252b6b0408df59bcdd9454da615737e06137ba09e0c5117bfeb0b09,NO,0x13231ecd6d8b2f2846f74c1fb844a24674a3293a40abb621005da714e5fe7f27,0.99,2.02,2.02,2,256,0.01,63851.13,Matched,,63897.6250,63810.27000000,-46.4950,NO,1,0.0202
1784969100,105,0xc5bfb63ed252b6b0408df59bcdd9454da615737e06137ba09e0c5117bfeb0b09,NO,0x13231ecd6d8b2f2846f74c1fb844a24674a3293a40abb621005da714e5fe7f27,0.99,2.02,2.02,2,256,0.01,63851.13,Matched,,63897.6250,63848.66250000,-46.4950,NO,1,0.0202
1784969100,105,0xc5bfb63ed252b6b0408df59bcdd9454da615737e06137ba09e0c5117bfeb0b09,NO,0x13231ecd6d8b2f2846f74c1fb844a24674a3293a40abb621005da714e5fe7f27,0.99,2.02,2.02,2,256,0.01,63851.13,Matched,,63897.6250,63810.27000000,-46.4950,NO,1,0.0202
1784969100,105,0xc5bfb63ed252b6b0408df59bcdd9454da615737e06137ba09e0c5117bfeb0b09,NO,0x13231ecd6d8b2f2846f74c1fb844a24674a3293a40abb621005da714e5fe7f27,0.99,2.02,2.02,2,256,0.01,63851.13,Matched,,63897.6250,63848.66250000,-46.4950,NO,1,0.0202
1784969100,105,0xc5bfb63ed252b6b0408df59bcdd9454da615737e06137ba09e0c5117bfeb0b09,NO,0x13231ecd6d8b2f2846f74c1fb844a24674a3293a40abb621005da714e5fe7f27,0.99,2.02,2.02,2,256,0.01,63851.13,Matched,,63897.6250,,-46.4950,NO,1,0.0202
1784969100,105,0xc5bfb63ed252b6b0408df59bcdd9454da615737e06137ba09e0c5117bfeb0b09,NO,0x13231ecd6d8b2f2846f74c1fb844a24674a3293a40abb621005da714e5fe7f27,0.99,2.02,2.02,2,256,0.01,63851.13,Matched,,63897.6250,,-46.4950,NO,1,0.0202
1784969100,105,0xc5bfb63ed252b6b0408df59bcdd9454da615737e06137ba09e0c5117bfeb0b09,NO,0x13231ecd6d8b2f2846f74c1fb844a24674a3293a40abb621005da714e5fe7f27,0.99,2.02,2.02,2,256,0.01,63851.13,Matched,,63897.6250,,-46.4950,NO,1,0.0202
1784969100,105,0xc5bfb63ed252b6b0408df59bcdd9454da615737e06137ba09e0c5117bfeb0b09,NO,0x13231ecd6d8b2f2846f74c1fb844a24674a3293a40abb621005da714e5fe7f27,0.99,2.02,2.02,2,256,0.01,63851.13,Matched,,63897.6250,,-46.4950,NO,1,0.0202
1784969100,105,0xc5bfb63ed252b6b0408df59bcdd9454da615737e06137ba09e0c5117bfeb0b09,NO,0x13231ecd6d8b2f2846f74c1fb844a24674a3293a40abb621005da714e5fe7f27,0.99,2.02,2.02,2,256,0.01,63851.13,Matched,,63897.6250,,-46.4950,NO,1,0.0202
1784969100,105,0xc5bfb63ed252b6b0408df59bcdd9454da615737e06137ba09e0c5117bfeb0b09,NO,0x13231ecd6d8b2f2846f74c1fb844a24674a3293a40abb621005da714e5fe7f27,0.99,2.02,2.02,2,256,0.01,63851.13,Matched,,63897.6250,,-46.4950,NO,1,0.0202
1784969100,105,0xc5bfb63ed252b6b0408df59bcdd9454da615737e06137ba09e0c5117bfeb0b09,NO,0x13231ecd6d8b2f2846f74c1fb844a24674a3293a40abb621005da714e5fe7f27,0.99,2.02,2.02,2,256,0.01,63851.13,Matched,,63897.6250,,-46.4950,NO,1,0.0202
1784969100,105,0xc5bfb63ed252b6b0408df59bcdd9454da615737e06137ba09e0c5117bfeb0b09,NO,0x13231ecd6d8b2f2846f74c1fb844a24674a3293a40abb621005da714e5fe7f27,0.99,2.02,2.02,2,256,0.01,63851.13,Matched,,63897.6250,,-46.4950,NO,1,0.0202
1784969100,105,0xc5bfb63ed252b6b0408df59bcdd9454da615737e06137ba09e0c5117bfeb0b09,NO,0x13231ecd6d8b2f2846f74c1fb844a24674a3293a40abb621005da714e5fe7f27,0.99,2.02,2.02,2,256,0.01,63851.13,Matched,,63897.6250,,-46.4950,NO,1,0.0202
1784969100,105,0xc5bfb63ed252b6b0408df59bcdd9454da615737e06137ba09e0c5117bfeb0b09,NO,0x13231ecd6d8b2f2846f74c1fb844a24674a3293a40abb621005da714e5fe7f27,0.99,2.02,2.02,2,256,0.01,63851.13,Matched,,63897.6250,,-46.4950,NO,1,0.0202
1784969100,105,0xc5bfb63ed252b6b0408df59bcdd9454da615737e06137ba09e0c5117bfeb0b09,NO,0x13231ecd6d8b2f2846f74c1fb844a24674a3293a40abb621005da714e5fe7f27,0.99,2.02,2.02,2,256,0.01,63851.13,Matched,,63897.6250,,-46.4950,NO,1,0.0202
1784969100,105,0xc5bfb63ed252b6b0408df59bcdd9454da615737e06137ba09e0c5117bfeb0b09,NO,0x13231ecd6d8b2f2846f74c1fb844a24674a3293a40abb621005da714e5fe7f27,0.99,2.02,2.02,2,256,0.01,63851.13,Matched,,63897.6250,,-46.4950,NO,1,0.0202
1784969100,105,0xc5bfb63ed252b6b0408df59bcdd9454da615737e06137ba09e0c5117bfeb0b09,NO,0x13231ecd6d8b2f2846f74c1fb844a24674a3293a40abb621005da714e5fe7f27,0.99,2.02,2.02,2,256,0.01,63851.13,Matched,,63897.6250,,-46.4950,NO,1,0.0202
1784969100,105,0xc5bfb63ed252b6b0408df59bcdd9454da615737e06137ba09e0c5117bfeb0b09,NO,0x13231ecd6d8b2f2846f74c1fb844a24674a3293a40abb621005da714e5fe7f27,0.99,2.02,2.02,2,256,0.01,63851.13,Matched,,63897.6250,,-46.4950,NO,1,0.0202
1784969100,105,0xc5bfb63ed252b6b0408df59bcdd9454da615737e06137ba09e0c5117bfeb0b09,NO,0x13231ecd6d8b2f2846f74c1fb844a24674a3293a40abb621005da714e5fe7f27,0.99,2.02,2.02,2,256,0.01,63851.13,Matched,,63897.6250,,-46.4950,NO,1,0.0202
1784969100,105,0xc5bfb63ed252b6b0408df59bcdd9454da615737e06137ba09e0c5117bfeb0b09,NO,0x13231ecd6d8b2f2846f74c1fb844a24674a3293a40abb621005da714e5fe7f27,0.99,2.02,2.02,2,256,0.01,63851.13,Matched,,63897.6250,,-46.4950,NO,1,0.0202
1784969100,105,0xc5bfb63ed252b6b0408df59bcdd9454da615737e06137ba09e0c5117bfeb0b09,NO,0x13231ecd6d8b2f2846f74c1fb844a24674a3293a40abb621005da714e5fe7f27,0.99,2.02,2.02,2,256,0.01,63851.13,Matched,,63897.6250,,-46.4950,NO,1,0.0202
1784969100,105,0xc5bfb63ed252b6b0408df59bcdd9454da615737e06137ba09e0c5117bfeb0b09,NO,0x13231ecd6d8b2f2846f74c1fb844a24674a3293a40abb621005da714e5fe7f27,0.99,2.02,2.02,2,256,0.01,63851.13,Matched,,63897.6250,,-46.4950,NO,1,0.0202
1784969100,105,0xc5bfb63ed252b6b0408df59bcdd9454da615737e06137ba09e0c5117bfeb0b09,NO,0x13231ecd6d8b2f2846f74c1fb844a24674a3293a40abb621005da714e5fe7f27,0.99,2.02,2.02,2,256,0.01,63851.13,Matched,,63897.6250,,-46.4950,NO,1,0.0202
1784969100,105,0xc5bfb63ed252b6b0408df59bcdd9454da615737e06137ba09e0c5117bfeb0b09,NO,0x13231ecd6d8b2f2846f74c1fb844a24674a3293a40abb621005da714e5fe7f27,0.99,2.02,2.02,2,256,0.01,63851.13,Matched,,63897.6250,,-46.4950,NO,1,0.0202
1784969100,105,0xc5bfb63ed252b6b0408df59bcdd9454da615737e06137ba09e0c5117bfeb0b09,NO,0x13231ecd6d8b2f2846f74c1fb844a24674a3293a40abb621005da714e5fe7f27,0.99,2.02,2.02,2,256,0.01,63851.13,Matched,,63897.6250,,-46.4950,NO,1,0.0202
1784969100,105,0xc5bfb63ed252b6b0408df59bcdd9454da615737e06137ba09e0c5117bfeb0b09,NO,0x13231ecd6d8b2f2846f74c1fb844a24674a3293a40abb621005da714e5fe7f27,0.99,2.02,2.02,2,256,0.01,63851.13,Matched,,63897.6250,63809.14137080,-46.4950,NO,1,0.0202
1784969100,105,0xc5bfb63ed252b6b0408df59bcdd9454da615737e06137ba09e0c5117bfeb0b09,NO,0x13231ecd6d8b2f2846f74c1fb844a24674a3293a40abb621005da714e5fe7f27,0.99,2.02,2.02,2,256,0.01,63851.13,Matched,,63897.6250,63848.66250000,-46.4950,NO,1,0.0202
1784969100,105,0xc5bfb63ed252b6b0408df59bcdd9454da615737e06137ba09e0c5117bfeb0b09,NO,0x13231ecd6d8b2f2846f74c1fb844a24674a3293a40abb621005da714e5fe7f27,0.99,2.02,2.02,2,256,0.01,63851.13,Matched,,63897.6250,63809.49095219,-46.4950,NO,1,0.0202
1784969100,105,0xc5bfb63ed252b6b0408df59bcdd9454da615737e06137ba09e0c5117bfeb0b09,NO,0x13231ecd6d8b2f2846f74c1fb844a24674a3293a40abb621005da714e5fe7f27,0.99,2.02,2.02,2,256,0.01,63851.13,Matched,,63897.6250,63810.27000000,-46.4950,NO,1,0.0202
1784969100,105,0xc5bfb63ed252b6b0408df59bcdd9454da615737e06137ba09e0c5117bfeb0b09,NO,0x13231ecd6d8b2f2846f74c1fb844a24674a3293a40abb621005da714e5fe7f27,0.99,2.02,2.02,2,256,0.01,63851.13,Matched,,63897.6250,63809.14137080,-46.4950,NO,1,0.0202
1784969100,105,0xc5bfb63ed252b6b0408df59bcdd9454da615737e06137ba09e0c5117bfeb0b09,NO,0x13231ecd6d8b2f2846f74c1fb844a24674a3293a40abb621005da714e5fe7f27,0.99,2.02,2.02,2,256,0.01,63851.13,Matched,,63897.6250,63848.66250000,-46.4950,NO,1,0.0202
1784969100,105,0xc5bfb63ed252b6b0408df59bcdd9454da615737e06137ba09e0c5117bfeb0b09,NO,0x13231ecd6d8b2f2846f74c1fb844a24674a3293a40abb621005da714e5fe7f27,0.99,2.02,2.02,2,256,0.01,63851.13,Matched,,63897.6250,63809.49095219,-46.4950,NO,1,0.0202
1784969100,105,0xc5bfb63ed252b6b0408df59bcdd9454da615737e06137ba09e0c5117bfeb0b09,NO,0x13231ecd6d8b2f2846f74c1fb844a24674a3293a40abb621005da714e5fe7f27,0.99,2.02,2.02,2,256,0.01,63851.13,Matched,,63897.6250,63810.27000000,-46.4950,NO,1,0.0202
1784969100,105,0xc5bfb63ed252b6b0408df59bcdd9454da615737e06137ba09e0c5117bfeb0b09,NO,0x13231ecd6d8b2f2846f74c1fb844a24674a3293a40abb621005da714e5fe7f27,0.99,2.02,2.02,2,256,0.01,63851.13,Matched,,63897.6250,63848.66250000,-46.4950,NO,1,0.0202
1784969100,105,0xc5bfb63ed252b6b0408df59bcdd9454da615737e06137ba09e0c5117bfeb0b09,NO,0x13231ecd6d8b2f2846f74c1fb844a24674a3293a40abb621005da714e5fe7f27,0.99,2.02,2.02,2,256,0.01,63851.13,Matched,,63897.6250,63810.27000000,-46.4950,NO,1,0.0202
1784969100,105,0xc5bfb63ed252b6b0408df59bcdd9454da615737e06137ba09e0c5117bfeb0b09,NO,0x13231ecd6d8b2f2846f74c1fb844a24674a3293a40abb621005da714e5fe7f27,0.99,2.02,2.02,2,256,0.01,63851.13,Matched,,63897.6250,63848.66250000,-46.4950,NO,1,0.0202
1784969100,105,0xc5bfb63ed252b6b0408df59bcdd9454da615737e06137ba09e0c5117bfeb0b09,NO,0x13231ecd6d8b2f2846f74c1fb844a24674a3293a40abb621005da714e5fe7f27,0.99,2.02,2.02,2,256,0.01,63851.13,Matched,,63897.6250,63810.27000000,-46.4950,NO,1,0.0202
1784969100,105,0xc5bfb63ed252b6b0408df59bcdd9454da615737e06137ba09e0c5117bfeb0b09,NO,0x13231ecd6d8b2f2846f74c1fb844a24674a3293a40abb621005da714e5fe7f27,0.99,2.02,2.02,2,256,0.01,63851.13,Matched,,63897.6250,63848.66250000,-46.4950,NO,1,0.0202
1784969100,105,0xc5bfb63ed252b6b0408df59bcdd9454da615737e06137ba09e0c5117bfeb0b09,NO,0x13231ecd6d8b2f2846f74c1fb844a24674a3293a40abb621005da714e5fe7f27,0.99,2.02,2.02,2,256,0.01,63851.13,Matched,,63897.6250,63810.27000000,-46.4950,NO,1,0.0202
1784969100,105,0xc5bfb63ed252b6b0408df59bcdd9454da615737e06137ba09e0c5117bfeb0b09,NO,0x13231ecd6d8b2f2846f74c1fb844a24674a3293a40abb621005da714e5fe7f27,0.99,2.02,2.02,2,256,0.01,63851.13,Matched,,63897.6250,63810.27000000,-46.4950,NO,1,0.0202
1784969100,105,0xc5bfb63ed252b6b0408df59bcdd9454da615737e06137ba09e0c5117bfeb0b09,NO,0x13231ecd6d8b2f2846f74c1fb844a24674a3293a40abb621005da714e5fe7f27,0.99,2.02,2.02,2,256,0.01,63851.13,Matched,,63897.6250,63810.27000000,-46.4950,NO,1,0.0202
1784969100,105,0xc5bfb63ed252b6b0408df59bcdd9454da615737e06137ba09e0c5117bfeb0b09,NO,0x13231ecd6d8b2f2846f74c1fb844a24674a3293a40abb621005da714e5fe7f27,0.99,2.02,2.02,2,256,0.01,63851.13,Matched,,63897.6250,63810.27000000,-46.4950,NO,1,0.0202
1784969100,105,0xc5bfb63ed252b6b0408df59bcdd9454da615737e06137ba09e0c5117bfeb0b09,NO,0x13231ecd6d8b2f2846f74c1fb844a24674a3293a40abb621005da714e5fe7f27,0.99,2.02,2.02,2,256,0.01,63851.13,Matched,,63897.6250,63810.27000000,-46.4950,NO,1,0.0202
1784969100,105,0xc5bfb63ed252b6b0408df59bcdd9454da615737e06137ba09e0c5117bfeb0b09,NO,0x13231ecd6d8b2f2846f74c1fb844a24674a3293a40abb621005da714e5fe7f27,0.99,2.02,2.02,2,256,0.01,63851.13,Matched,,63897.6250,63810.27000000,-46.4950,NO,1,0.0202
1784969100,105,0xc5bfb63ed252b6b0408df59bcdd9454da615737e06137ba09e0c5117bfeb0b09,NO,0x13231ecd6d8b2f2846f74c1fb844a24674a3293a40abb621005da714e5fe7f27,0.99,2.02,2.02,2,256,0.01,63851.13,Matched,,63897.6250,63810.27000000,-46.4950,NO,1,0.0202
1784969100,105,0xc5bfb63ed252b6b0408df59bcdd9454da615737e06137ba09e0c5117bfeb0b09,NO,0x13231ecd6d8b2f2846f74c1fb844a24674a3293a40abb621005da714e5fe7f27,0.99,2.02,2.02,2,256,0.01,63851.13,Matched,,63897.6250,63810.27000000,-46.4950,NO,1,0.0202
1784969100,105,0xc5bfb63ed252b6b0408df59bcdd9454da615737e06137ba09e0c5117bfeb0b09,NO,0x13231ecd6d8b2f2846f74c1fb844a24674a3293a40abb621005da714e5fe7f27,0.99,2.02,2.02,2,256,0.01,63851.13,Matched,,63897.6250,63810.27000000,-46.4950,NO,1,0.0202
1784969100,105,0xc5bfb63ed252b6b0408df59bcdd9454da615737e06137ba09e0c5117bfeb0b09,NO,0x13231ecd6d8b2f2846f74c1fb844a24674a3293a40abb621005da714e5fe7f27,0.99,2.02,2.02,2,256,0.01,63851.13,Matched,,63897.6250,63810.27000000,-46.4950,NO,1,0.0202
1784969100,105,0xc5bfb63ed252b6b0408df59bcdd9454da615737e06137ba09e0c5117bfeb0b09,NO,0x13231ecd6d8b2f2846f74c1fb844a24674a3293a40abb621005da714e5fe7f27,0.99,2.02,2.02,2,256,0.01,63851.13,Matched,,63897.6250,63810.27000000,-46.4950,NO,1,0.0202
1784969100,105,0xc5bfb63ed252b6b0408df59bcdd9454da615737e06137ba09e0c5117bfeb0b09,NO,0x13231ecd6d8b2f2846f74c1fb844a24674a3293a40abb621005da714e5fe7f27,0.99,2.02,2.02,2,256,0.01,63851.13,Matched,,63897.6250,63810.27000000,-46.4950,NO,1,0.0202
1784969100,105,0xc5bfb63ed252b6b0408df59bcdd9454da615737e06137ba09e0c5117bfeb0b09,NO,0x13231ecd6d8b2f2846f74c1fb844a24674a3293a40abb621005da714e5fe7f27,0.99,2.02,2.02,2,256,0.01,63851.13,Matched,,63897.6250,63810.27000000,-46.4950,NO,1,0.0202
1784969100,105,0xc5bfb63ed252b6b0408df59bcdd9454da615737e06137ba09e0c5117bfeb0b09,NO,0x13231ecd6d8b2f2846f74c1fb844a24674a3293a40abb621005da714e5fe7f27,0.99,2.02,2.02,2,256,0.01,63851.13,Matched,,63897.6250,63810.27000000,-46.4950,NO,1,0.0202
1784969100,105,0xc5bfb63ed252b6b0408df59bcdd9454da615737e06137ba09e0c5117bfeb0b09,NO,0x13231ecd6d8b2f2846f74c1fb844a24674a3293a40abb621005da714e5fe7f27,0.99,2.02,2.02,2,256,0.01,63851.13,Matched,,63897.6250,63810.27000000,-46.4950,NO,1,0.0202
1784969100,105,0xc5bfb63ed252b6b0408df59bcdd9454da615737e06137ba09e0c5117bfeb0b09,NO,0x13231ecd6d8b2f2846f74c1fb844a24674a3293a40abb621005da714e5fe7f27,0.99,2.02,2.02,2,256,0.01,63851.13,Matched,,63897.6250,63810.27000000,-46.4950,NO,1,0.0202
1784969100,105,0xc5bfb63ed252b6b0408df59bcdd9454da615737e06137ba09e0c5117bfeb0b09,NO,0x13231ecd6d8b2f2846f74c1fb844a24674a3293a40abb621005da714e5fe7f27,0.99,2.02,2.02,2,256,0.01,63851.13,Matched,,63897.6250,63810.27000000,-46.4950,NO,1,0.0202
1784969100,105,0xc5bfb63ed252b6b0408df59bcdd9454da615737e06137ba09e0c5117bfeb0b09,NO,0x13231ecd6d8b2f2846f74c1fb844a24674a3293a40abb621005da714e5fe7f27,0.99,2.02,2.02,2,256,0.01,63851.13,Matched,,63897.6250,63810.27000000,-46.4950,NO,1,0.0202
1784969100,105,0xc5bfb63ed252b6b0408df59bcdd9454da615737e06137ba09e0c5117bfeb0b09,NO,0x13231ecd6d8b2f2846f74c1fb844a24674a3293a40abb621005da714e5fe7f27,0.99,2.02,2.02,2,256,0.01,63851.13,Matched,,63897.6250,63810.27000000,-46.4950,NO,1,0.0202
1784969100,105,0xc5bfb63ed252b6b0408df59bcdd9454da615737e06137ba09e0c5117bfeb0b09,NO,0x13231ecd6d8b2f2846f74c1fb844a24674a3293a40abb621005da714e5fe7f27,0.99,2.02,2.02,2,256,0.01,63851.13,Matched,,63897.6250,63810.27000000,-46.4950,NO,1,0.0202
1784969100,105,0xc5bfb63ed252b6b0408df59bcdd9454da615737e06137ba09e0c5117bfeb0b09,NO,0x13231ecd6d8b2f2846f74c1fb844a24674a3293a40abb621005da714e5fe7f27,0.99,2.02,2.02,2,256,0.01,63851.13,Matched,,63897.6250,63810.27000000,-46.4950,NO,1,0.0202
1784969100,105,0xc5bfb63ed252b6b0408df59bcdd9454da615737e06137ba09e0c5117bfeb0b09,NO,0x13231ecd6d8b2f2846f74c1fb844a24674a3293a40abb621005da714e5fe7f27,0.99,2.02,2.02,2,256,0.01,63851.13,Matched,,63897.6250,63810.27000000,-46.4950,NO,1,0.0202
1784969100,105,0xc5bfb63ed252b6b0408df59bcdd9454da615737e06137ba09e0c5117bfeb0b09,NO,0x13231ecd6d8b2f2846f74c1fb844a24674a3293a40abb621005da714e5fe7f27,0.99,2.02,2.02,2,256,0.01,63851.13,Matched,,63897.6250,63810.27000000,-46.4950,NO,1,0.0202
1784969100,105,0xc5bfb63ed252b6b0408df59bcdd9454da615737e06137ba09e0c5117bfeb0b09,NO,0x13231ecd6d8b2f2846f74c1fb844a24674a3293a40abb621005da714e5fe7f27,0.99,2.02,2.02,2,256,0.01,63851.13,Matched,,63897.6250,63810.27000000,-46.4950,NO,1,0.0202
1784969100,105,0xc5bfb63ed252b6b0408df59bcdd9454da615737e06137ba09e0c5117bfeb0b09,NO,0x13231ecd6d8b2f2846f74c1fb844a24674a3293a40abb621005da714e5fe7f27,0.99,2.02,2.02,2,256,0.01,63851.13,Matched,,63897.6250,63810.27000000,-46.4950,NO,1,0.0202
1784969100,105,0xc5bfb63ed252b6b0408df59bcdd9454da615737e06137ba09e0c5117bfeb0b09,NO,0x13231ecd6d8b2f2846f74c1fb844a24674a3293a40abb621005da714e5fe7f27,0.99,2.02,2.02,2,256,0.01,63851.13,Matched,,63897.6250,63810.27000000,-46.4950,NO,1,0.0202
1784969100,105,0xc5bfb63ed252b6b0408df59bcdd9454da615737e06137ba09e0c5117bfeb0b09,NO,0x13231ecd6d8b2f2846f74c1fb844a24674a3293a40abb621005da714e5fe7f27,0.99,2.02,2.02,2,256,0.01,63851.13,Matched,,63897.6250,63810.27000000,-46.4950,NO,1,0.0202
1784969100,105,0xc5bfb63ed252b6b0408df59bcdd9454da615737e06137ba09e0c5117bfeb0b09,NO,0x13231ecd6d8b2f2846f74c1fb844a24674a3293a40abb621005da714e5fe7f27,0.99,2.02,2.02,2,256,0.01,63851.13,Matched,,63897.6250,63810.27000000,-46.4950,NO,1,0.0202
1784969100,105,0xc5bfb63ed252b6b0408df59bcdd9454da615737e06137ba09e0c5117bfeb0b09,NO,0x13231ecd6d8b2f2846f74c1fb844a24674a3293a40abb621005da714e5fe7f27,0.99,2.02,2.02,2,256,0.01,63851.13,Matched,,63897.6250,63810.27000000,-46.4950,NO,1,0.0202
1784969100,105,0xc5bfb63ed252b6b0408df59bcdd9454da615737e06137ba09e0c5117bfeb0b09,NO,0x13231ecd6d8b2f2846f74c1fb844a24674a3293a40abb621005da714e5fe7f27,0.99,2.02,2.02,2,256,0.01,63851.13,Matched,,63897.6250,63810.27000000,-46.4950,NO,1,0.0202
1784969100,105,0xc5bfb63ed252b6b0408df59bcdd9454da615737e06137ba09e0c5117bfeb0b09,NO,0x13231ecd6d8b2f2846f74c1fb844a24674a3293a40abb621005da714e5fe7f27,0.99,2.02,2.02,2,256,0.01,63851.13,Matched,,63897.6250,63810.27000000,-46.4950,NO,1,0.0202
1784969100,105,0xc5bfb63ed252b6b0408df59bcdd9454da615737e06137ba09e0c5117bfeb0b09,NO,0x13231ecd6d8b2f2846f74c1fb844a24674a3293a40abb621005da714e5fe7f27,0.99,2.02,2.02,2,256,0.01,63851.13,Matched,,63897.6250,63810.27000000,-46.4950,NO,1,0.0202
1784969100,105,0xc5bfb63ed252b6b0408df59bcdd9454da615737e06137ba09e0c5117bfeb0b09,NO,0x13231ecd6d8b2f2846f74c1fb844a24674a3293a40abb621005da714e5fe7f27,0.99,2.02,2.02,2,256,0.01,63851.13,Matched,,63897.6250,63810.27000000,-46.4950,NO,1,0.0202
1784969100,105,0xc5bfb63ed252b6b0408df59bcdd9454da615737e06137ba09e0c5117bfeb0b09,NO,0x13231ecd6d8b2f2846f74c1fb844a24674a3293a40abb621005da714e5fe7f27,0.99,2.02,2.02,2,256,0.01,63851.13,Matched,,63897.6250,63810.27000000,-46.4950,NO,1,0.0202
1784969100,105,0xc5bfb63ed252b6b0408df59bcdd9454da615737e06137ba09e0c5117bfeb0b09,NO,0x13231ecd6d8b2f2846f74c1fb844a24674a3293a40abb621005da714e5fe7f27,0.99,2.02,2.02,2,256,0.01,63851.13,Matched,,63897.6250,63810.27000000,-46.4950,NO,1,0.0202
1784969100,105,0xc5bfb63ed252b6b0408df59bcdd9454da615737e06137ba09e0c5117bfeb0b09,NO,0x13231ecd6d8b2f2846f74c1fb844a24674a3293a40abb621005da714e5fe7f27,0.99,2.02,2.02,2,256,0.01,63851.13,Matched,,63897.6250,63810.27000000,-46.4950,NO,1,0.0202
1784969100,105,0xc5bfb63ed252b6b0408df59bcdd9454da615737e06137ba09e0c5117bfeb0b09,NO,0x13231ecd6d8b2f2846f74c1fb844a24674a3293a40abb621005da714e5fe7f27,0.99,2.02,2.02,2,256,0.01,63851.13,Matched,,63897.6250,63810.27000000,-46.4950,NO,1,0.0202
1784969100,105,0xc5bfb63ed252b6b0408df59bcdd9454da615737e06137ba09e0c5117bfeb0b09,NO,0x13231ecd6d8b2f2846f74c1fb844a24674a3293a40abb621005da714e5fe7f27,0.99,2.02,2.02,2,256,0.01,63851.13,Matched,,63897.6250,63810.00000000,-46.4950,NO,1,0.0202
1784969100,105,0xc5bfb63ed252b6b0408df59bcdd9454da615737e06137ba09e0c5117bfeb0b09,NO,0x13231ecd6d8b2f2846f74c1fb844a24674a3293a40abb621005da714e5fe7f27,0.99,2.02,2.02,2,256,0.01,63851.13,Matched,,63897.6250,63810.00000000,-46.4950,NO,1,0.0202
1784969100,105,0xc5bfb63ed252b6b0408df59bcdd9454da615737e06137ba09e0c5117bfeb0b09,NO,0x13231ecd6d8b2f2846f74c1fb844a24674a3293a40abb621005da714e5fe7f27,0.99,2.02,2.02,2,256,0.01,63851.13,Matched,,63897.6250,63810.00000000,-46.4950,NO,1,0.0202
1784969100,105,0xc5bfb63ed252b6b0408df59bcdd9454da615737e06137ba09e0c5117bfeb0b09,NO,0x13231ecd6d8b2f2846f74c1fb844a24674a3293a40abb621005da714e5fe7f27,0.99,2.02,2.02,2,256,0.01,63851.13,Matched,,63897.6250,63810.00000000,-46.4950,NO,1,0.0202
1784969100,105,0xc5bfb63ed252b6b0408df59bcdd9454da615737e06137ba09e0c5117bfeb0b09,NO,0x13231ecd6d8b2f2846f74c1fb844a24674a3293a40abb621005da714e5fe7f27,0.99,2.02,2.02,2,256,0.01,63851.13,Matched,,63897.6250,63810.00000000,-46.4950,NO,1,0.0202
1784969100,105,0xc5bfb63ed252b6b0408df59bcdd9454da615737e06137ba09e0c5117bfeb0b09,NO,0x13231ecd6d8b2f2846f74c1fb844a24674a3293a40abb621005da714e5fe7f27,0.99,2.02,2.02,2,256,0.01,63851.13,Matched,,63897.6250,63810.00000000,-46.4950,NO,1,0.0202
1784969100,105,0xc5bfb63ed252b6b0408df59bcdd9454da615737e06137ba09e0c5117bfeb0b09,NO,0x13231ecd6d8b2f2846f74c1fb844a24674a3293a40abb621005da714e5fe7f27,0.99,2.02,2.02,2,256,0.01,63851.13,Matched,,63897.6250,63810.00000000,-46.4950,NO,1,0.0202
1784969100,105,0xc5bfb63ed252b6b0408df59bcdd9454da615737e06137ba09e0c5117bfeb0b09,NO,0x13231ecd6d8b2f2846f74c1fb844a24674a3293a40abb621005da714e5fe7f27,0.99,2.02,2.02,2,256,0.01,63851.13,Matched,,63897.6250,63810.00000000,-46.4950,NO,1,0.0202
1784969100,105,0xc5bfb63ed252b6b0408df59bcdd9454da615737e06137ba09e0c5117bfeb0b09,NO,0x13231ecd6d8b2f2846f74c1fb844a24674a3293a40abb621005da714e5fe7f27,0.99,2.02,2.02,2,256,0.01,63851.13,Matched,,63897.6250,63810.00000000,-46.4950,NO,1,0.0202
1784969100,105,0xc5bfb63ed252b6b0408df59bcdd9454da615737e06137ba09e0c5117bfeb0b09,NO,0x13231ecd6d8b2f2846f74c1fb844a24674a3293a40abb621005da714e5fe7f27,0.99,2.02,2.02,2,256,0.01,63851.13,Matched,,63897.6250,63810.00000000,-46.4950,NO,1,0.0202
1784969100,105,0xc5bfb63ed252b6b0408df59bcdd9454da615737e06137ba09e0c5117bfeb0b09,NO,0x13231ecd6d8b2f2846f74c1fb844a24674a3293a40abb621005da714e5fe7f27,0.99,2.02,2.02,2,256,0.01,63851.13,Matched,,63897.6250,63810.00000000,-46.4950,NO,1,0.0202
1784969100,105,0xc5bfb63ed252b6b0408df59bcdd9454da615737e06137ba09e0c5117bfeb0b09,NO,0x13231ecd6d8b2f2846f74c1fb844a24674a3293a40abb621005da714e5fe7f27,0.99,2.02,2.02,2,256,0.01,63851.13,Matched,,63897.6250,63810.00000000,-46.4950,NO,1,0.0202
1784969100,105,0xc5bfb63ed252b6b0408df59bcdd9454da615737e06137ba09e0c5117bfeb0b09,NO,0x13231ecd6d8b2f2846f74c1fb844a24674a3293a40abb621005da714e5fe7f27,0.99,2.02,2.02,2,256,0.01,63851.13,Matched,,63897.6250,63810.00000000,-46.4950,NO,1,0.0202
1784969100,105,0xc5bfb63ed252b6b0408df59bcdd9454da615737e06137ba09e0c5117bfeb0b09,NO,0x13231ecd6d8b2f2846f74c1fb844a24674a3293a40abb621005da714e5fe7f27,0.99,2.02,2.02,2,256,0.01,63851.13,Matched,,63897.6250,63810.00000000,-46.4950,NO,1,0.0202
1784969100,105,0xc5bfb63ed252b6b0408df59bcdd9454da615737e06137ba09e0c5117bfeb0b09,NO,0x13231ecd6d8b2f2846f74c1fb844a24674a3293a40abb621005da714e5fe7f27,0.99,2.02,2.02,2,256,0.01,63851.13,Matched,,63897.6250,63810.00000000,-46.4950,NO,1,0.0202
1784969100,105,0xc5bfb63ed252b6b0408df59bcdd9454da615737e06137ba09e0c5117bfeb0b09,NO,0x13231ecd6d8b2f2846f74c1fb844a24674a3293a40abb621005da714e5fe7f27,0.99,2.02,2.02,2,256,0.01,63851.13,Matched,,63897.6250,63810.00000000,-46.4950,NO,1,0.0202
1784969100,105,0xc5bfb63ed252b6b0408df59bcdd9454da615737e06137ba09e0c5117bfeb0b09,NO,0x13231ecd6d8b2f2846f74c1fb844a24674a3293a40abb621005da714e5fe7f27,0.99,2.02,2.02,2,256,0.01,63851.13,Matched,,63897.6250,63810.00000000,-46.4950,NO,1,0.0202
1784969100,105,0xc5bfb63ed252b6b0408df59bcdd9454da615737e06137ba09e0c5117bfeb0b09,NO,0x13231ecd6d8b2f2846f74c1fb844a24674a3293a40abb621005da714e5fe7f27,0.99,2.02,2.02,2,256,0.01,63851.13,Matched,,63897.6250,63810.00000000,-46.4950,NO,1,0.0202
1784969100,105,0xc5bfb63ed252b6b0408df59bcdd9454da615737e06137ba09e0c5117bfeb0b09,NO,0x13231ecd6d8b2f2846f74c1fb844a24674a3293a40abb621005da714e5fe7f27,0.99,2.02,2.02,2,256,0.01,63851.13,Matched,,63897.6250,63810.00000000,-46.4950,NO,1,0.0202
1784969100,105,0xc5bfb63ed252b6b0408df59bcdd9454da615737e06137ba09e0c5117bfeb0b09,NO,0x13231ecd6d8b2f2846f74c1fb844a24674a3293a40abb621005da714e5fe7f27,0.99,2.02,2.02,2,256,0.01,63851.13,Matched,,63897.6250,63810.00000000,-46.4950,NO,1,0.0202
1784969100,105,0xc5bfb63ed252b6b0408df59bcdd9454da615737e06137ba09e0c5117bfeb0b09,NO,0x13231ecd6d8b2f2846f74c1fb844a24674a3293a40abb621005da714e5fe7f27,0.99,2.02,2.02,2,256,0.01,63851.13,Matched,,63897.6250,63810.00000000,-46.4950,NO,1,0.0202
1784969100,105,0xc5bfb63ed252b6b0408df59bcdd9454da615737e06137ba09e0c5117bfeb0b09,NO,0x13231ecd6d8b2f2846f74c1fb844a24674a3293a40abb621005da714e5fe7f27,0.99,2.02,2.02,2,256,0.01,63851.13,Matched,,63897.6250,63810.00000000,-46.4950,NO,1,0.0202
1784969100,105,0xc5bfb63ed252b6b0408df59bcdd9454da615737e06137ba09e0c5117bfeb0b09,NO,0x13231ecd6d8b2f2846f74c1fb844a24674a3293a40abb621005da714e5fe7f27,0.99,2.02,2.02,2,256,0.01,63851.13,Matched,,63897.6250,63810.00000000,-46.4950,NO,1,0.0202
1784969100,105,0xc5bfb63ed252b6b0408df59bcdd9454da615737e06137ba09e0c5117bfeb0b09,NO,0x13231ecd6d8b2f2846f74c1fb844a24674a3293a40abb621005da714e5fe7f27,0.99,2.02,2.02,2,256,0.01,63851.13,Matched,,63897.6250,63810.00000000,-46.4950,NO,1,0.0202
1784969100,105,0xc5bfb63ed252b6b0408df59bcdd9454da615737e06137ba09e0c5117bfeb0b09,NO,0x13231ecd6d8b2f2846f74c1fb844a24674a3293a40abb621005da714e5fe7f27,0.99,2.02,2.02,2,256,0.01,63851.13,Matched,,63897.6250,63810.00000000,-46.4950,NO,1,0.0202
1784969100,105,0xc5bfb63ed252b6b0408df59bcdd9454da615737e06137ba09e0c5117bfeb0b09,NO,0x13231ecd6d8b2f2846f74c1fb844a24674a3293a40abb621005da714e5fe7f27,0.99,2.02,2.02,2,256,0.01,63851.13,Matched,,63897.6250,63810.00000000,-46.4950,NO,1,0.0202
1784969100,105,0xc5bfb63ed252b6b0408df59bcdd9454da615737e06137ba09e0c5117bfeb0b09,NO,0x13231ecd6d8b2f2846f74c1fb844a24674a3293a40abb621005da714e5fe7f27,0.99,2.02,2.02,2,256,0.01,63851.13,Matched,,63897.6250,63810.00000000,-46.4950,NO,1,0.0202
1784969100,105,0xc5bfb63ed252b6b0408df59bcdd9454da615737e06137ba09e0c5117bfeb0b09,NO,0x13231ecd6d8b2f2846f74c1fb844a24674a3293a40abb621005da714e5fe7f27,0.99,2.02,2.02,2,256,0.01,63851.13,Matched,,63897.6250,63810.00000000,-46.4950,NO,1,0.0202
1784969100,105,0xc5bfb63ed252b6b0408df59bcdd9454da615737e06137ba09e0c5117bfeb0b09,NO,0x13231ecd6d8b2f2846f74c1fb844a24674a3293a40abb621005da714e5fe7f27,0.99,2.02,2.02,2,256,0.01,63851.13,Matched,,63897.6250,63810.00000000,-46.4950,NO,1,0.0202
1784969100,105,0xc5bfb63ed252b6b0408df59bcdd9454da615737e06137ba09e0c5117bfeb0b09,NO,0x13231ecd6d8b2f2846f74c1fb844a24674a3293a40abb621005da714e5fe7f27,0.99,2.02,2.02,2,256,0.01,63851.13,Matched,,63897.6250,63810.00000000,-46.4950,NO,1,0.0202
1784969100,105,0xc5bfb63ed252b6b0408df59bcdd9454da615737e06137ba09e0c5117bfeb0b09,NO,0x13231ecd6d8b2f2846f74c1fb844a24674a3293a40abb621005da714e5fe7f27,0.99,2.02,2.02,2,256,0.01,63851.13,Matched,,63897.6250,63810.00000000,-46.4950,NO,1,0.0202
1784969100,105,0xc5bfb63ed252b6b0408df59bcdd9454da615737e06137ba09e0c5117bfeb0b09,NO,0x13231ecd6d8b2f2846f74c1fb844a24674a3293a40abb621005da714e5fe7f27,0.99,2.02,2.02,2,256,0.01,63851.13,Matched,,63897.6250,63810.00000000,-46.4950,NO,1,0.0202
1784969100,105,0xc5bfb63ed252b6b0408df59bcdd9454da615737e06137ba09e0c5117bfeb0b09,NO,0x13231ecd6d8b2f2846f74c1fb844a24674a3293a40abb621005da714e5fe7f27,0.99,2.02,2.02,2,256,0.01,63851.13,Matched,,63897.6250,63810.00000000,-46.4950,NO,1,0.0202
